name,category,phone,addr_housenumber,addr_street,addr_city,addr_postcode,lat,lon,osm_type,osm_id,osm_link,maps_link
BDC,amenity:bank,,,,,,43.686614,-79.759368,node,13357880992,https://www.openstreetmap.org/node/13357880992,"https://www.google.com/maps/search/?api=1&query=43.6866138,-79.7593684"
BMO,amenity:bank,,,,,,43.328122,-79.801024,node,621417436,https://www.openstreetmap.org/node/621417436,"https://www.google.com/maps/search/?api=1&query=43.3281223,-79.8010238"
BMO,amenity:bank,,,,,,43.379085,-79.804737,node,1141734785,https://www.openstreetmap.org/node/1141734785,"https://www.google.com/maps/search/?api=1&query=43.379085,-79.8047365"
BMO,amenity:bank,,,,,,43.449956,-79.702421,node,1275021881,https://www.openstreetmap.org/node/1275021881,"https://www.google.com/maps/search/?api=1&query=43.4499555,-79.7024206"
BMO,amenity:bank,,,,,,43.535028,-79.875465,node,2193602427,https://www.openstreetmap.org/node/2193602427,"https://www.google.com/maps/search/?api=1&query=43.5350277,-79.8754651"
BMO,amenity:bank,,,,,,43.518193,-79.874089,node,2196044457,https://www.openstreetmap.org/node/2196044457,"https://www.google.com/maps/search/?api=1&query=43.5181928,-79.8740887"
BMO,amenity:bank,,,,,,43.412749,-79.704533,node,2291478049,https://www.openstreetmap.org/node/2291478049,"https://www.google.com/maps/search/?api=1&query=43.4127489,-79.704533"
BMO,amenity:bank,,1075,Bronte Street South,,,43.487421,-79.859052,node,3302234967,https://www.openstreetmap.org/node/3302234967,"https://www.google.com/maps/search/?api=1&query=43.4874214,-79.8590523"
BMO,amenity:bank,,,,,,43.368801,-79.753506,node,3635872052,https://www.openstreetmap.org/node/3635872052,"https://www.google.com/maps/search/?api=1&query=43.3688015,-79.7535056"
BMO,amenity:bank,,280,Guelph Street,,,43.648750,-79.897560,node,6533216825,https://www.openstreetmap.org/node/6533216825,"https://www.google.com/maps/search/?api=1&query=43.6487495,-79.8975602"
BMO,amenity:bank,,,,,,43.347872,-79.793005,node,6629362799,https://www.openstreetmap.org/node/6629362799,"https://www.google.com/maps/search/?api=1&query=43.347872,-79.7930054"
BMO,amenity:bank,,10035,Hurontario Street,,,43.706705,-79.787141,node,10679052789,https://www.openstreetmap.org/node/10679052789,"https://www.google.com/maps/search/?api=1&query=43.7067048,-79.7871413"
CIBC,amenity:bank,,,,,,43.372632,-79.762383,node,419369687,https://www.openstreetmap.org/node/419369687,"https://www.google.com/maps/search/?api=1&query=43.3726322,-79.7623832"
CIBC,amenity:bank,,,,,,43.649266,-79.926098,node,484143499,https://www.openstreetmap.org/node/484143499,"https://www.google.com/maps/search/?api=1&query=43.6492663,-79.9260976"
CIBC,amenity:bank,,,,,,43.329647,-79.802151,node,621417439,https://www.openstreetmap.org/node/621417439,"https://www.google.com/maps/search/?api=1&query=43.3296474,-79.8021514"
CIBC,amenity:bank,,3105,Argentia Road,,,43.598302,-79.786527,node,1714830071,https://www.openstreetmap.org/node/1714830071,"https://www.google.com/maps/search/?api=1&query=43.5983024,-79.7865272"
CIBC,amenity:bank,,,,,,43.438077,-79.740384,node,1960821014,https://www.openstreetmap.org/node/1960821014,"https://www.google.com/maps/search/?api=1&query=43.438077,-79.740384"
CIBC,amenity:bank,,,,,,43.345427,-79.798794,node,1969233352,https://www.openstreetmap.org/node/1969233352,"https://www.google.com/maps/search/?api=1&query=43.3454268,-79.7987935"
CIBC,amenity:bank,,,,,,43.535727,-79.876414,node,2193602442,https://www.openstreetmap.org/node/2193602442,"https://www.google.com/maps/search/?api=1&query=43.5357274,-79.8764136"
CIBC,amenity:bank,,,,,,43.516403,-79.850408,node,2199778680,https://www.openstreetmap.org/node/2199778680,"https://www.google.com/maps/search/?api=1&query=43.5164026,-79.8504082"
CIBC,amenity:bank,,,,,,43.412397,-79.705243,node,2796919471,https://www.openstreetmap.org/node/2796919471,"https://www.google.com/maps/search/?api=1&query=43.4123969,-79.705243"
CIBC,amenity:bank,,,,,,43.601942,-79.739621,node,3414994165,https://www.openstreetmap.org/node/3414994165,"https://www.google.com/maps/search/?api=1&query=43.6019418,-79.7396209"
CIBC,amenity:bank,,,,,,43.629968,-79.876635,node,3812899489,https://www.openstreetmap.org/node/3812899489,"https://www.google.com/maps/search/?api=1&query=43.6299677,-79.8766349"
CIBC,amenity:bank,,,,,,43.465773,-79.744690,node,3898330997,https://www.openstreetmap.org/node/3898330997,"https://www.google.com/maps/search/?api=1&query=43.4657731,-79.7446903"
CIBC,amenity:bank,,,,,,43.353206,-79.798492,node,4486121703,https://www.openstreetmap.org/node/4486121703,"https://www.google.com/maps/search/?api=1&query=43.3532062,-79.7984916"
CIBC,amenity:bank,,280,Guelph Street,,,43.648814,-79.898518,node,6533178860,https://www.openstreetmap.org/node/6533178860,"https://www.google.com/maps/search/?api=1&query=43.648814,-79.8985179"
CIBC,amenity:bank,,,,,,43.366604,-79.821766,node,6632465373,https://www.openstreetmap.org/node/6632465373,"https://www.google.com/maps/search/?api=1&query=43.3666038,-79.8217658"
Duca,amenity:bank,,,,,,43.347175,-79.828433,node,7061727763,https://www.openstreetmap.org/node/7061727763,"https://www.google.com/maps/search/?api=1&query=43.3471747,-79.8284328"
DUCA Credit Union,amenity:bank,,5100,Erin Mills Parkway,,,43.559072,-79.711630,node,6556429856,https://www.openstreetmap.org/node/6556429856,"https://www.google.com/maps/search/?api=1&query=43.5590721,-79.7116296"
FirstOntario Credit Union,amenity:bank,,,,,,43.336335,-79.812661,node,1969288211,https://www.openstreetmap.org/node/1969288211,"https://www.google.com/maps/search/?api=1&query=43.3363354,-79.812661"
ICICI Bank,amenity:bank,,,,,,43.667671,-79.734617,node,431143603,https://www.openstreetmap.org/node/431143603,"https://www.google.com/maps/search/?api=1&query=43.6676706,-79.7346175"
Meridian Credit Union,amenity:bank,,,,,,43.655427,-79.767032,node,5302438504,https://www.openstreetmap.org/node/5302438504,"https://www.google.com/maps/search/?api=1&query=43.6554269,-79.767032"
Meridian Credit Union,amenity:bank,,,,,,43.393765,-79.823730,node,7060850396,https://www.openstreetmap.org/node/7060850396,"https://www.google.com/maps/search/?api=1&query=43.393765,-79.82373"
National Bank,amenity:bank,,,,,,43.354994,-79.786284,node,3868398485,https://www.openstreetmap.org/node/3868398485,"https://www.google.com/maps/search/?api=1&query=43.3549942,-79.7862843"
National Bank,amenity:bank,,,,,,43.705358,-79.785551,node,12052349954,https://www.openstreetmap.org/node/12052349954,"https://www.google.com/maps/search/?api=1&query=43.7053584,-79.7855514"
Neo,amenity:bank,,,,,,43.558556,-79.712158,node,12960035825,https://www.openstreetmap.org/node/12960035825,"https://www.google.com/maps/search/?api=1&query=43.5585561,-79.7121577"
Prosperity One,amenity:bank,,,,,,43.511469,-79.855553,node,1912291674,https://www.openstreetmap.org/node/1912291674,"https://www.google.com/maps/search/?api=1&query=43.5114695,-79.8555535"
RBC,amenity:bank,,,,,,43.333097,-79.892860,node,262189744,https://www.openstreetmap.org/node/262189744,"https://www.google.com/maps/search/?api=1&query=43.3330971,-79.8928604"
RBC,amenity:bank,,,,,,43.397615,-79.708551,node,419372479,https://www.openstreetmap.org/node/419372479,"https://www.google.com/maps/search/?api=1&query=43.3976151,-79.7085511"
RBC,amenity:bank,,,,,,43.649437,-79.925840,node,484143503,https://www.openstreetmap.org/node/484143503,"https://www.google.com/maps/search/?api=1&query=43.6494371,-79.9258403"
RBC,amenity:bank,,,,,,43.706980,-79.784455,node,651219813,https://www.openstreetmap.org/node/651219813,"https://www.google.com/maps/search/?api=1&query=43.70698,-79.7844554"
RBC,amenity:bank,,,,,,43.307296,-79.852476,node,1355987102,https://www.openstreetmap.org/node/1355987102,"https://www.google.com/maps/search/?api=1&query=43.3072957,-79.8524765"
RBC,amenity:bank,,2945,Argentia Road,,,43.597898,-79.784087,node,1408923454,https://www.openstreetmap.org/node/1408923454,"https://www.google.com/maps/search/?api=1&query=43.5978985,-79.7840866"
RBC,amenity:bank,,,,,,43.551620,-79.720166,node,1517045395,https://www.openstreetmap.org/node/1517045395,"https://www.google.com/maps/search/?api=1&query=43.55162,-79.720166"
RBC,amenity:bank,,,,,,43.352787,-79.770679,node,1713655345,https://www.openstreetmap.org/node/1713655345,"https://www.google.com/maps/search/?api=1&query=43.352787,-79.7706793"
RBC,amenity:bank,,,,,,43.657657,-79.816331,node,1930059349,https://www.openstreetmap.org/node/1930059349,"https://www.google.com/maps/search/?api=1&query=43.6576573,-79.8163306"
RBC,amenity:bank,,,,,,43.638422,-79.715443,node,2020518784,https://www.openstreetmap.org/node/2020518784,"https://www.google.com/maps/search/?api=1&query=43.6384221,-79.7154433"
RBC,amenity:bank,,,,,,43.517423,-79.874612,node,2195974688,https://www.openstreetmap.org/node/2195974688,"https://www.google.com/maps/search/?api=1&query=43.5174226,-79.8746117"
RBC,amenity:bank,,,,,,43.357276,-79.843161,node,2698208730,https://www.openstreetmap.org/node/2698208730,"https://www.google.com/maps/search/?api=1&query=43.3572762,-79.8431612"
RBC,amenity:bank,,1005,Speers Road,,,43.433748,-79.703001,node,2700219252,https://www.openstreetmap.org/node/2700219252,"https://www.google.com/maps/search/?api=1&query=43.4337484,-79.703001"
RBC,amenity:bank,,,,,,43.665803,-79.781701,node,3220342887,https://www.openstreetmap.org/node/3220342887,"https://www.google.com/maps/search/?api=1&query=43.665803,-79.781701"
RBC,amenity:bank,,1055,Bronte Street South,,,43.487756,-79.858289,node,3302234968,https://www.openstreetmap.org/node/3302234968,"https://www.google.com/maps/search/?api=1&query=43.4877559,-79.8582891"
RBC,amenity:bank,,,,,,43.466414,-79.743980,node,3898331000,https://www.openstreetmap.org/node/3898331000,"https://www.google.com/maps/search/?api=1&query=43.4664144,-79.7439801"
RBC,amenity:bank,,,,,,43.565252,-79.700626,node,3986560068,https://www.openstreetmap.org/node/3986560068,"https://www.google.com/maps/search/?api=1&query=43.5652519,-79.7006258"
RBC,amenity:bank,,,,,,43.636471,-79.788849,node,7249171301,https://www.openstreetmap.org/node/7249171301,"https://www.google.com/maps/search/?api=1&query=43.6364709,-79.788849"
RBC Royal Bank,amenity:bank,,,,,,43.384000,-79.801521,node,1558716222,https://www.openstreetmap.org/node/1558716222,"https://www.google.com/maps/search/?api=1&query=43.3839999,-79.8015208"
RBC Royal Bank,amenity:bank,,,,,,43.448894,-79.702591,node,1916046913,https://www.openstreetmap.org/node/1916046913,"https://www.google.com/maps/search/?api=1&query=43.448894,-79.702591"
RBC Royal Bank,amenity:bank,,360,Pearl Street,Burlington,L7R 1E1,43.325815,-79.793842,node,7776126108,https://www.openstreetmap.org/node/7776126108,"https://www.google.com/maps/search/?api=1&query=43.3258148,-79.793842"
RBC Royal Bank,amenity:bank,,,,,,43.649977,-79.902564,node,10982416098,https://www.openstreetmap.org/node/10982416098,"https://www.google.com/maps/search/?api=1&query=43.6499766,-79.902564"
Scotiabank,amenity:bank,,,,,,43.379454,-79.807502,node,288064523,https://www.openstreetmap.org/node/288064523,"https://www.google.com/maps/search/?api=1&query=43.3794537,-79.8075016"
Scotiabank,amenity:bank,,,,,,43.328734,-79.801894,node,621417435,https://www.openstreetmap.org/node/621417435,"https://www.google.com/maps/search/?api=1&query=43.3287342,-79.8018939"
Scotiabank,amenity:bank,,,,,,43.582507,-79.778746,node,645624763,https://www.openstreetmap.org/node/645624763,"https://www.google.com/maps/search/?api=1&query=43.5825067,-79.7787456"
Scotiabank,amenity:bank,,,,,,43.708034,-79.783588,node,651218583,https://www.openstreetmap.org/node/651218583,"https://www.google.com/maps/search/?api=1&query=43.7080338,-79.7835876"
Scotiabank,amenity:bank,,,,,,43.526911,-79.865818,node,725882410,https://www.openstreetmap.org/node/725882410,"https://www.google.com/maps/search/?api=1&query=43.5269112,-79.8658182"
Scotiabank,amenity:bank,,,,,,43.446433,-79.705495,node,1275021875,https://www.openstreetmap.org/node/1275021875,"https://www.google.com/maps/search/?api=1&query=43.4464328,-79.7054954"
Scotiabank,amenity:bank,,,,,,43.649277,-79.895316,node,1616739881,https://www.openstreetmap.org/node/1616739881,"https://www.google.com/maps/search/?api=1&query=43.6492772,-79.895316"
Scotiabank,amenity:bank,,,,,,43.353731,-79.769845,node,1713655349,https://www.openstreetmap.org/node/1713655349,"https://www.google.com/maps/search/?api=1&query=43.3537306,-79.7698453"
Scotiabank,amenity:bank,,,,,,43.437431,-79.740493,node,1960820986,https://www.openstreetmap.org/node/1960820986,"https://www.google.com/maps/search/?api=1&query=43.4374314,-79.7404926"
Scotiabank,amenity:bank,,,,,,43.491295,-79.876285,node,2194908273,https://www.openstreetmap.org/node/2194908273,"https://www.google.com/maps/search/?api=1&query=43.4912951,-79.8762855"
Scotiabank,amenity:bank,,,,,,43.508055,-79.861848,node,2199778663,https://www.openstreetmap.org/node/2199778663,"https://www.google.com/maps/search/?api=1&query=43.5080546,-79.861848"
Scotiabank,amenity:bank,,,,,,43.513532,-79.882563,node,2216961975,https://www.openstreetmap.org/node/2216961975,"https://www.google.com/maps/search/?api=1&query=43.5135316,-79.8825629"
Scotiabank,amenity:bank,,,,,,43.487600,-79.983252,node,3344690042,https://www.openstreetmap.org/node/3344690042,"https://www.google.com/maps/search/?api=1&query=43.4875997,-79.9832524"
Scotiabank,amenity:bank,,,,,,43.465994,-79.744406,node,3898331001,https://www.openstreetmap.org/node/3898331001,"https://www.google.com/maps/search/?api=1&query=43.4659936,-79.7444058"
Scotiabank,amenity:bank,,284,Queen Street East,,,43.699453,-79.746044,node,6110920452,https://www.openstreetmap.org/node/6110920452,"https://www.google.com/maps/search/?api=1&query=43.6994534,-79.7460437"
Scotiabank,amenity:bank,,5100,Erin Mills Parkway,,,43.557907,-79.712652,node,6556389834,https://www.openstreetmap.org/node/6556389834,"https://www.google.com/maps/search/?api=1&query=43.5579069,-79.712652"
Scotiabank,amenity:bank,,,,,,43.699218,-79.821183,node,10884231044,https://www.openstreetmap.org/node/10884231044,"https://www.google.com/maps/search/?api=1&query=43.6992177,-79.8211826"
State Bank of India,amenity:bank,,,,,,43.696576,-79.749168,node,934384618,https://www.openstreetmap.org/node/934384618,"https://www.google.com/maps/search/?api=1&query=43.6965761,-79.7491679"
Tandia Financial Credit Union,amenity:bank,+1 800-598-2891,187,Guelph Street,Georgetown,L7G 4A1,43.650835,-79.904920,node,4236371927,https://www.openstreetmap.org/node/4236371927,"https://www.google.com/maps/search/?api=1&query=43.650835,-79.9049195"
Tandia Financial Credit Union,amenity:bank,+1 800-598-2891,3455,Fairview Street,Burlington,L7N 2R4,43.357148,-79.783088,node,7061175364,https://www.openstreetmap.org/node/7061175364,"https://www.google.com/maps/search/?api=1&query=43.3571476,-79.7830879"
Tandia Financial Credit Union,amenity:bank,+1 800-598-2891,6020,Main Street West,Milton,L9T 9M1,43.495070,-79.896176,node,10811417248,https://www.openstreetmap.org/node/10811417248,"https://www.google.com/maps/search/?api=1&query=43.4950702,-79.8961765"
TD,amenity:bank,,,,,,43.365328,-79.819883,node,288064581,https://www.openstreetmap.org/node/288064581,"https://www.google.com/maps/search/?api=1&query=43.3653282,-79.8198833"
TD,amenity:bank,,,,,,43.367081,-79.754445,node,419369702,https://www.openstreetmap.org/node/419369702,"https://www.google.com/maps/search/?api=1&query=43.3670809,-79.7544446"
TD,amenity:bank,,8975,Chinguacousy Road,,,43.666680,-79.780761,node,582751743,https://www.openstreetmap.org/node/582751743,"https://www.google.com/maps/search/?api=1&query=43.6666803,-79.780761"
TD,amenity:bank,,,,,,43.644025,-79.756085,node,582753436,https://www.openstreetmap.org/node/582753436,"https://www.google.com/maps/search/?api=1&query=43.6440251,-79.7560846"
TD,amenity:bank,,,,,,43.526202,-79.868537,node,724833464,https://www.openstreetmap.org/node/724833464,"https://www.google.com/maps/search/?api=1&query=43.5262017,-79.8685369"
TD,amenity:bank,,,,,,43.654975,-79.743986,node,1036697772,https://www.openstreetmap.org/node/1036697772,"https://www.google.com/maps/search/?api=1&query=43.6549748,-79.7439861"
TD,amenity:bank,,,,,,43.636159,-79.718335,node,1409297931,https://www.openstreetmap.org/node/1409297931,"https://www.google.com/maps/search/?api=1&query=43.6361594,-79.7183346"
TD,amenity:bank,,,,,,43.550558,-79.716705,node,1517048635,https://www.openstreetmap.org/node/1517048635,"https://www.google.com/maps/search/?api=1&query=43.550558,-79.716705"
TD,amenity:bank,,,,,,43.327623,-79.801102,node,1617384871,https://www.openstreetmap.org/node/1617384871,"https://www.google.com/maps/search/?api=1&query=43.327623,-79.8011015"
TD,amenity:bank,,,,,,43.339591,-79.787734,node,1619221664,https://www.openstreetmap.org/node/1619221664,"https://www.google.com/maps/search/?api=1&query=43.339591,-79.7877337"
TD,amenity:bank,,699,Guelph Line,Burlington,L7R 3M7,43.345083,-79.793583,node,1713586928,https://www.openstreetmap.org/node/1713586928,"https://www.google.com/maps/search/?api=1&query=43.3450826,-79.7935831"
TD,amenity:bank,,90,Great Lakes Drive,,,43.728726,-79.762273,node,1914225535,https://www.openstreetmap.org/node/1914225535,"https://www.google.com/maps/search/?api=1&query=43.7287256,-79.7622728"
TD,amenity:bank,,10998,Chinguacousy Road,,,43.705635,-79.835223,node,1921083548,https://www.openstreetmap.org/node/1921083548,"https://www.google.com/maps/search/?api=1&query=43.7056353,-79.8352231"
TD,amenity:bank,,3120,Argentia Road,,,43.594880,-79.786213,node,1946935581,https://www.openstreetmap.org/node/1946935581,"https://www.google.com/maps/search/?api=1&query=43.5948802,-79.7862129"
TD,amenity:bank,,,,,,43.463556,-79.742922,node,2138422518,https://www.openstreetmap.org/node/2138422518,"https://www.google.com/maps/search/?api=1&query=43.4635558,-79.7429219"
TD,amenity:bank,,,,,,43.491300,-79.878551,node,2210637635,https://www.openstreetmap.org/node/2210637635,"https://www.google.com/maps/search/?api=1&query=43.4913,-79.8785508"
TD,amenity:bank,,,,,,43.507311,-79.838110,node,2215545033,https://www.openstreetmap.org/node/2215545033,"https://www.google.com/maps/search/?api=1&query=43.5073108,-79.8381099"
TD,amenity:bank,,,,,,43.412517,-79.705460,node,2291478050,https://www.openstreetmap.org/node/2291478050,"https://www.google.com/maps/search/?api=1&query=43.4125172,-79.7054603"
TD,amenity:bank,,,,,,43.440143,-79.719787,node,2292634417,https://www.openstreetmap.org/node/2292634417,"https://www.google.com/maps/search/?api=1&query=43.4401428,-79.7197872"
TD,amenity:bank,,1045,Bronte Street South,,,43.488720,-79.857184,node,3302234970,https://www.openstreetmap.org/node/3302234970,"https://www.google.com/maps/search/?api=1&query=43.4887195,-79.8571835"
TD,amenity:bank,,,,,L6W 0B4,43.659446,-79.723696,node,4578427806,https://www.openstreetmap.org/node/4578427806,"https://www.google.com/maps/search/?api=1&query=43.6594463,-79.7236962"
TD,amenity:bank,,2000,Appleby Line,Burlington,L7L 7H7,43.394292,-79.791828,node,4684460973,https://www.openstreetmap.org/node/4684460973,"https://www.google.com/maps/search/?api=1&query=43.3942924,-79.7918277"
TD,amenity:bank,,,,,,43.702084,-79.738933,node,6226609532,https://www.openstreetmap.org/node/6226609532,"https://www.google.com/maps/search/?api=1&query=43.7020841,-79.7389333"
TD bank Entrance Ramp,amenity:bank,,,,,,43.428546,-79.765940,node,7080407488,https://www.openstreetmap.org/node/7080407488,"https://www.google.com/maps/search/?api=1&query=43.4285463,-79.7659401"
TD Canada Trust,amenity:bank,,,,,,43.321285,-79.832569,node,419363321,https://www.openstreetmap.org/node/419363321,"https://www.google.com/maps/search/?api=1&query=43.3212849,-79.8325691"
TD Canada Trust,amenity:bank,,,,,,43.428550,-79.765774,node,1950911927,https://www.openstreetmap.org/node/1950911927,"https://www.google.com/maps/search/?api=1&query=43.4285498,-79.7657742"
TD Canada Trust,amenity:bank,,,,,,43.685890,-79.759745,node,2295977896,https://www.openstreetmap.org/node/2295977896,"https://www.google.com/maps/search/?api=1&query=43.68589,-79.7597454"
Central Billiards,amenity:bar,+1-905-826-6328,,,,,43.582084,-79.717027,node,3459661428,https://www.openstreetmap.org/node/3459661428,"https://www.google.com/maps/search/?api=1&query=43.5820839,-79.7170269"
Derrydale Club House,amenity:bar,,,,,,43.643881,-79.712776,node,1740306466,https://www.openstreetmap.org/node/1740306466,"https://www.google.com/maps/search/?api=1&query=43.6438809,-79.7127755"
Jerseys Bar & Grill,amenity:bar,,,,,,43.373285,-79.809774,node,7061051898,https://www.openstreetmap.org/node/7061051898,"https://www.google.com/maps/search/?api=1&query=43.3732846,-79.8097739"
Shooterville,amenity:bar,,,,,,43.336687,-79.817783,node,7061714262,https://www.openstreetmap.org/node/7061714262,"https://www.google.com/maps/search/?api=1&query=43.3366868,-79.8177826"
Smoke Shack Shop & Lounge,amenity:bar,+1-905-864-0786,160,Main Street East,Milton,,43.511589,-79.884570,node,7817886370,https://www.openstreetmap.org/node/7817886370,"https://www.google.com/maps/search/?api=1&query=43.5115893,-79.8845697"
The Den,amenity:bar,,,,,,43.656417,-79.740023,node,7195543538,https://www.openstreetmap.org/node/7195543538,"https://www.google.com/maps/search/?api=1&query=43.6564169,-79.7400231"
Armeen’s Café & Bake Shop,amenity:cafe,,,,,,43.583108,-79.729610,node,12865649111,https://www.openstreetmap.org/node/12865649111,"https://www.google.com/maps/search/?api=1&query=43.5831079,-79.7296103"
Bruin Coffee House,amenity:cafe,,,,,,43.656540,-79.739743,node,7195543539,https://www.openstreetmap.org/node/7195543539,"https://www.google.com/maps/search/?api=1&query=43.6565402,-79.7397429"
Cacao 70,amenity:cafe,,,,,,43.576632,-79.829251,node,6655571872,https://www.openstreetmap.org/node/6655571872,"https://www.google.com/maps/search/?api=1&query=43.5766324,-79.8292514"
Cafe Evelyn,amenity:cafe,,,,,,43.513720,-79.883586,node,1912335678,https://www.openstreetmap.org/node/1912335678,"https://www.google.com/maps/search/?api=1&query=43.5137198,-79.8835856"
Caked Coffee,amenity:cafe,,,,,,43.315660,-79.840572,node,13234430353,https://www.openstreetmap.org/node/13234430353,"https://www.google.com/maps/search/?api=1&query=43.31566,-79.8405724"
Castle Lounge & Cafe,amenity:cafe,,220,Main Street East,Milton,,43.513185,-79.882954,node,1479401785,https://www.openstreetmap.org/node/1479401785,"https://www.google.com/maps/search/?api=1&query=43.5131854,-79.8829538"
Chaat & Falooda,amenity:cafe,,,,,,43.621887,-79.782593,node,6861656796,https://www.openstreetmap.org/node/6861656796,"https://www.google.com/maps/search/?api=1&query=43.6218873,-79.7825928"
Chatime,amenity:cafe,,150,West Drive,,,43.707409,-79.733400,node,6228641256,https://www.openstreetmap.org/node/6228641256,"https://www.google.com/maps/search/?api=1&query=43.7074087,-79.7333998"
Chatime,amenity:cafe,,,,,,43.482835,-79.720476,node,8975636927,https://www.openstreetmap.org/node/8975636927,"https://www.google.com/maps/search/?api=1&query=43.4828346,-79.7204757"
Chestnuts,amenity:cafe,,,,,,43.393966,-79.708693,node,9813249088,https://www.openstreetmap.org/node/9813249088,"https://www.google.com/maps/search/?api=1&query=43.3939664,-79.7086926"
Chika Bean Cafe,amenity:cafe,+1-289-339-7419,,,,,43.354124,-79.797379,node,13665036186,https://www.openstreetmap.org/node/13665036186,"https://www.google.com/maps/search/?api=1&query=43.3541237,-79.7973791"
CoCo Fresh Tea & Juice,amenity:cafe,,,,,,43.715341,-79.723604,node,6663083623,https://www.openstreetmap.org/node/6663083623,"https://www.google.com/maps/search/?api=1&query=43.7153405,-79.7236037"
CoCo Fresh Tea & Juice,amenity:cafe,,2000,Appleby Line,,,43.394151,-79.791654,node,9064674597,https://www.openstreetmap.org/node/9064674597,"https://www.google.com/maps/search/?api=1&query=43.3941508,-79.7916544"
CoCo Fresh Tea & Juice,amenity:cafe,,,,,,43.558020,-79.706085,node,11079661505,https://www.openstreetmap.org/node/11079661505,"https://www.google.com/maps/search/?api=1&query=43.5580202,-79.7060848"
CoCo Fresh Tea & Juice,amenity:cafe,,,,,,43.658205,-79.724719,node,13093258715,https://www.openstreetmap.org/node/13093258715,"https://www.google.com/maps/search/?api=1&query=43.6582051,-79.724719"
CoCo Fresh Tea & Juice,amenity:cafe,,,,,,43.518741,-79.874090,node,13175750797,https://www.openstreetmap.org/node/13175750797,"https://www.google.com/maps/search/?api=1&query=43.5187411,-79.8740905"
Coffee Culture,amenity:cafe,,1960,Appleby Line,Burlington,,43.392859,-79.789768,node,560635925,https://www.openstreetmap.org/node/560635925,"https://www.google.com/maps/search/?api=1&query=43.3928586,-79.7897685"
Coffee Culture,amenity:cafe,,,,,,43.514339,-79.882406,node,2206877103,https://www.openstreetmap.org/node/2206877103,"https://www.google.com/maps/search/?api=1&query=43.5143393,-79.8824063"
Coffee Culture,amenity:cafe,,390,Brant Street,Burlington,L7R 4J4,43.325327,-79.797583,node,3086513503,https://www.openstreetmap.org/node/3086513503,"https://www.google.com/maps/search/?api=1&query=43.3253267,-79.7975825"
Coffee Time,amenity:cafe,,,,,,43.696734,-79.751551,node,922168716,https://www.openstreetmap.org/node/922168716,"https://www.google.com/maps/search/?api=1&query=43.6967335,-79.7515507"
Country Style,amenity:cafe,,,,,,43.724211,-79.770309,node,662721335,https://www.openstreetmap.org/node/662721335,"https://www.google.com/maps/search/?api=1&query=43.724211,-79.7703092"
Country Style,amenity:cafe,,,,,,43.509024,-79.888077,node,724851736,https://www.openstreetmap.org/node/724851736,"https://www.google.com/maps/search/?api=1&query=43.5090237,-79.8880771"
Country Style,amenity:cafe,,,,,,43.346476,-79.797694,node,4044936635,https://www.openstreetmap.org/node/4044936635,"https://www.google.com/maps/search/?api=1&query=43.346476,-79.7976942"
Country Style,amenity:cafe,,,,,,43.677256,-79.747635,node,11417804803,https://www.openstreetmap.org/node/11417804803,"https://www.google.com/maps/search/?api=1&query=43.6772561,-79.7476348"
Danish Coffee Roasters,amenity:cafe,,5100,Erin Mills Parkway,,,43.558846,-79.712002,node,6556571751,https://www.openstreetmap.org/node/6556571751,"https://www.google.com/maps/search/?api=1&query=43.5588459,-79.7120022"
Flying Monkey Cafe and Bike Shop,amenity:cafe,,6,Main St South,Campbellville,L0P 1B0,43.487148,-79.982269,node,5284218694,https://www.openstreetmap.org/node/5284218694,"https://www.google.com/maps/search/?api=1&query=43.4871477,-79.982269"
Fruitea,amenity:cafe,,,,,,43.648576,-79.881248,node,10984537319,https://www.openstreetmap.org/node/10984537319,"https://www.google.com/maps/search/?api=1&query=43.648576,-79.8812484"
Gong Cha,amenity:cafe,,5100,Erin Mills Parkway,,,43.558867,-79.711398,node,6556575942,https://www.openstreetmap.org/node/6556575942,"https://www.google.com/maps/search/?api=1&query=43.5588667,-79.7113981"
JC's Bagels,amenity:cafe,,,,,,43.339404,-79.786049,node,1619221697,https://www.openstreetmap.org/node/1619221697,"https://www.google.com/maps/search/?api=1&query=43.3394036,-79.7860492"
Kung Fu Tea,amenity:cafe,,,,,,43.583159,-79.764910,node,12422069015,https://www.openstreetmap.org/node/12422069015,"https://www.google.com/maps/search/?api=1&query=43.5831591,-79.7649095"
Mama Mila's Cafe,amenity:cafe,,9113,Derry Road West,Milton,,43.517537,-79.851175,node,2271751956,https://www.openstreetmap.org/node/2271751956,"https://www.google.com/maps/search/?api=1&query=43.5175372,-79.8511754"
Marketplace Cafe,amenity:cafe,,280,Guelph Street,,,43.648685,-79.899245,node,6533178856,https://www.openstreetmap.org/node/6533178856,"https://www.google.com/maps/search/?api=1&query=43.6486853,-79.8992449"
Mr Sun,amenity:cafe,,,,,,43.488621,-79.717020,node,12893805971,https://www.openstreetmap.org/node/12893805971,"https://www.google.com/maps/search/?api=1&query=43.4886207,-79.7170195"
Peach Coffee Co. Bronte,amenity:cafe,,100 #10,bronte,,,43.393905,-79.710573,node,12041943029,https://www.openstreetmap.org/node/12041943029,"https://www.google.com/maps/search/?api=1&query=43.3939048,-79.7105728"
Piccadilly Cafe,amenity:cafe,,,,,,43.327463,-79.800162,node,1715724281,https://www.openstreetmap.org/node/1715724281,"https://www.google.com/maps/search/?api=1&query=43.3274626,-79.8001616"
Real Fruit Bubble Tea,amenity:cafe,,5100,Erin Mills Parkway,,,43.558349,-79.712422,node,6556389841,https://www.openstreetmap.org/node/6556389841,"https://www.google.com/maps/search/?api=1&query=43.5583488,-79.7124224"
Real Fruit Bubble Tea,amenity:cafe,,,,,,43.665726,-79.736741,node,6566646172,https://www.openstreetmap.org/node/6566646172,"https://www.google.com/maps/search/?api=1&query=43.6657263,-79.7367415"
Real Fruit Bubble Tea,amenity:cafe,,,,,,43.347425,-79.794871,node,6629362792,https://www.openstreetmap.org/node/6629362792,"https://www.google.com/maps/search/?api=1&query=43.3474249,-79.7948706"
Real Fruit Bubble Tea,amenity:cafe,,,,,,43.576706,-79.829355,node,6655571873,https://www.openstreetmap.org/node/6655571873,"https://www.google.com/maps/search/?api=1&query=43.5767062,-79.8293547"
Real Fruit Bubble Tea,amenity:cafe,,,,,,43.716911,-79.722577,node,6661062696,https://www.openstreetmap.org/node/6661062696,"https://www.google.com/maps/search/?api=1&query=43.7169109,-79.7225771"
Second Cup,amenity:cafe,,,,,,43.715549,-79.723803,node,2130830611,https://www.openstreetmap.org/node/2130830611,"https://www.google.com/maps/search/?api=1&query=43.7155493,-79.723803"
Second Cup,amenity:cafe,+1-905-631-5396,1477,Lakeshore Road,Burlington,,43.324526,-79.796439,node,2442168112,https://www.openstreetmap.org/node/2442168112,"https://www.google.com/maps/search/?api=1&query=43.3245258,-79.7964391"
Second Cup,amenity:cafe,,,,,,43.706751,-79.784675,node,2521803279,https://www.openstreetmap.org/node/2521803279,"https://www.google.com/maps/search/?api=1&query=43.7067506,-79.7846754"
Second Cup,amenity:cafe,,,,,,43.336851,-79.813156,node,2951548734,https://www.openstreetmap.org/node/2951548734,"https://www.google.com/maps/search/?api=1&query=43.336851,-79.8131558"
Second Cup,amenity:cafe,,,,,,43.325641,-79.820479,node,6632429818,https://www.openstreetmap.org/node/6632429818,"https://www.google.com/maps/search/?api=1&query=43.3256412,-79.8204789"
Second Cup,amenity:cafe,,,,,,43.575452,-79.829098,node,6655572390,https://www.openstreetmap.org/node/6655572390,"https://www.google.com/maps/search/?api=1&query=43.5754521,-79.8290976"
Second Cup,amenity:cafe,,,,,,43.557681,-79.702647,node,7196221601,https://www.openstreetmap.org/node/7196221601,"https://www.google.com/maps/search/?api=1&query=43.5576808,-79.7026472"
Second Cup,amenity:cafe,,,,,,43.635468,-79.788857,node,12870918981,https://www.openstreetmap.org/node/12870918981,"https://www.google.com/maps/search/?api=1&query=43.635468,-79.7888568"
Shawms Cafe & Grill,amenity:cafe,+1-905-845-2111,2345,Wyecroft Road,Oakville,,43.412510,-79.732067,node,2699056435,https://www.openstreetmap.org/node/2699056435,"https://www.google.com/maps/search/?api=1&query=43.4125103,-79.7320669"
Silvercreek Café and Espresso Bar,amenity:cafe,,92,Main Street South,,,43.649096,-79.925848,node,1840737411,https://www.openstreetmap.org/node/1840737411,"https://www.google.com/maps/search/?api=1&query=43.6490962,-79.9258476"
Southpaw Coffee Bar and Cafe,amenity:cafe,,,,,,43.630691,-79.900144,node,7129265639,https://www.openstreetmap.org/node/7129265639,"https://www.google.com/maps/search/?api=1&query=43.6306913,-79.9001438"
Starbucks,amenity:cafe,,,,,,43.487390,-79.718348,node,292756545,https://www.openstreetmap.org/node/292756545,"https://www.google.com/maps/search/?api=1&query=43.4873896,-79.7183483"
Starbucks,amenity:cafe,,,,,,43.327626,-79.800327,node,621417429,https://www.openstreetmap.org/node/621417429,"https://www.google.com/maps/search/?api=1&query=43.327626,-79.8003275"
Starbucks,amenity:cafe,,252,Main Street East,Milton,,43.513735,-79.882281,node,724846967,https://www.openstreetmap.org/node/724846967,"https://www.google.com/maps/search/?api=1&query=43.5137351,-79.8822808"
Starbucks,amenity:cafe,,,,,,43.609648,-79.750869,node,1336824996,https://www.openstreetmap.org/node/1336824996,"https://www.google.com/maps/search/?api=1&query=43.6096476,-79.7508686"
Starbucks,amenity:cafe,,,,,,43.405457,-79.808048,node,1540300388,https://www.openstreetmap.org/node/1540300388,"https://www.google.com/maps/search/?api=1&query=43.4054569,-79.8080481"
Starbucks,amenity:cafe,,,,,,43.390271,-79.822763,node,1540322000,https://www.openstreetmap.org/node/1540322000,"https://www.google.com/maps/search/?api=1&query=43.3902713,-79.8227628"
Starbucks,amenity:cafe,,,,,,43.539119,-79.856612,node,1738462406,https://www.openstreetmap.org/node/1738462406,"https://www.google.com/maps/search/?api=1&query=43.5391188,-79.8566124"
Starbucks,amenity:cafe,,,,,,43.540264,-79.871877,node,1738484577,https://www.openstreetmap.org/node/1738484577,"https://www.google.com/maps/search/?api=1&query=43.5402642,-79.8718774"
Starbucks,amenity:cafe,,,,,,43.450563,-79.703354,node,1856359826,https://www.openstreetmap.org/node/1856359826,"https://www.google.com/maps/search/?api=1&query=43.4505629,-79.7033542"
Starbucks,amenity:cafe,,,,,,43.318469,-79.911632,node,1866577770,https://www.openstreetmap.org/node/1866577770,"https://www.google.com/maps/search/?api=1&query=43.3184695,-79.9116324"
Starbucks,amenity:cafe,,1250,Brant Street,Burlington,,43.344450,-79.827412,node,1867488122,https://www.openstreetmap.org/node/1867488122,"https://www.google.com/maps/search/?api=1&query=43.3444503,-79.8274125"
Starbucks,amenity:cafe,,,,,,43.728740,-79.762419,node,1914225523,https://www.openstreetmap.org/node/1914225523,"https://www.google.com/maps/search/?api=1&query=43.7287401,-79.7624191"
Starbucks,amenity:cafe,,,,,,43.428847,-79.765246,node,1950911976,https://www.openstreetmap.org/node/1950911976,"https://www.google.com/maps/search/?api=1&query=43.4288469,-79.7652458"
Starbucks,amenity:cafe,,,,,,43.527261,-79.866239,node,2198941288,https://www.openstreetmap.org/node/2198941288,"https://www.google.com/maps/search/?api=1&query=43.5272609,-79.8662388"
Starbucks,amenity:cafe,,,,,,43.537303,-79.874472,node,2199911459,https://www.openstreetmap.org/node/2199911459,"https://www.google.com/maps/search/?api=1&query=43.5373032,-79.8744721"
Starbucks,amenity:cafe,,,,,,43.507114,-79.837743,node,2215545012,https://www.openstreetmap.org/node/2215545012,"https://www.google.com/maps/search/?api=1&query=43.5071142,-79.8377428"
Starbucks,amenity:cafe,,,,,,43.523176,-79.899409,node,2253855509,https://www.openstreetmap.org/node/2253855509,"https://www.google.com/maps/search/?api=1&query=43.5231765,-79.8994087"
Starbucks,amenity:cafe,+1-905-336-8707,3051,Walkers Line,Burlington,L7M 0W3,43.393839,-79.823833,node,2415150109,https://www.openstreetmap.org/node/2415150109,"https://www.google.com/maps/search/?api=1&query=43.3938394,-79.8238328"
Starbucks,amenity:cafe,,,,,,43.681752,-79.815018,node,2451810065,https://www.openstreetmap.org/node/2451810065,"https://www.google.com/maps/search/?api=1&query=43.6817517,-79.815018"
Starbucks,amenity:cafe,,,,,,43.706208,-79.783253,node,2501164771,https://www.openstreetmap.org/node/2501164771,"https://www.google.com/maps/search/?api=1&query=43.7062082,-79.7832526"
Starbucks,amenity:cafe,,,,,,43.559779,-79.733805,node,2731733037,https://www.openstreetmap.org/node/2731733037,"https://www.google.com/maps/search/?api=1&query=43.5597792,-79.7338054"
Starbucks,amenity:cafe,,,,,,43.391022,-79.788313,node,3489946293,https://www.openstreetmap.org/node/3489946293,"https://www.google.com/maps/search/?api=1&query=43.3910215,-79.7883131"
Starbucks,amenity:cafe,,,,,,43.449650,-79.759061,node,3898585073,https://www.openstreetmap.org/node/3898585073,"https://www.google.com/maps/search/?api=1&query=43.4496496,-79.7590605"
Starbucks,amenity:cafe,,,,,,43.598315,-79.783721,node,3976539735,https://www.openstreetmap.org/node/3976539735,"https://www.google.com/maps/search/?api=1&query=43.5983145,-79.7837206"
Starbucks,amenity:cafe,,,,,,43.397779,-79.746886,node,3997648559,https://www.openstreetmap.org/node/3997648559,"https://www.google.com/maps/search/?api=1&query=43.3977786,-79.7468859"
Starbucks,amenity:cafe,,,,,,43.677292,-79.721510,node,4425284266,https://www.openstreetmap.org/node/4425284266,"https://www.google.com/maps/search/?api=1&query=43.6772917,-79.7215098"
Starbucks,amenity:cafe,,,,,,43.655508,-79.767111,node,5302438505,https://www.openstreetmap.org/node/5302438505,"https://www.google.com/maps/search/?api=1&query=43.6555084,-79.7671111"
Starbucks,amenity:cafe,,,,,,43.632151,-79.877155,node,5757487987,https://www.openstreetmap.org/node/5757487987,"https://www.google.com/maps/search/?api=1&query=43.6321505,-79.8771554"
Starbucks,amenity:cafe,,2010,Appleby Line,,,43.392385,-79.793518,node,6173863143,https://www.openstreetmap.org/node/6173863143,"https://www.google.com/maps/search/?api=1&query=43.3923846,-79.7935177"
Starbucks,amenity:cafe,,,,,,43.347463,-79.795497,node,6629362790,https://www.openstreetmap.org/node/6629362790,"https://www.google.com/maps/search/?api=1&query=43.3474631,-79.7954967"
Starbucks,amenity:cafe,,,,,,43.325896,-79.819893,node,6632463428,https://www.openstreetmap.org/node/6632463428,"https://www.google.com/maps/search/?api=1&query=43.3258959,-79.8198934"
Starbucks,amenity:cafe,,,,,,43.574856,-79.831700,node,6655614307,https://www.openstreetmap.org/node/6655614307,"https://www.google.com/maps/search/?api=1&query=43.5748557,-79.8316996"
Starbucks,amenity:cafe,,,,,,43.715371,-79.721563,node,6659686740,https://www.openstreetmap.org/node/6659686740,"https://www.google.com/maps/search/?api=1&query=43.7153714,-79.721563"
Starbucks,amenity:cafe,,3497,Fairview Street,,,43.358870,-79.781372,node,6660440090,https://www.openstreetmap.org/node/6660440090,"https://www.google.com/maps/search/?api=1&query=43.35887,-79.7813718"
Starbucks,amenity:cafe,,,,,,43.373331,-79.761093,node,7060674443,https://www.openstreetmap.org/node/7060674443,"https://www.google.com/maps/search/?api=1&query=43.3733313,-79.7610933"
Starbucks,amenity:cafe,,,,,,43.657941,-79.725907,node,7195568452,https://www.openstreetmap.org/node/7195568452,"https://www.google.com/maps/search/?api=1&query=43.657941,-79.7259069"
Starbucks,amenity:cafe,,,,,,43.330214,-79.820479,node,7859002117,https://www.openstreetmap.org/node/7859002117,"https://www.google.com/maps/search/?api=1&query=43.3302138,-79.8204787"
Starbucks,amenity:cafe,,,,,,43.495014,-79.896021,node,8493570830,https://www.openstreetmap.org/node/8493570830,"https://www.google.com/maps/search/?api=1&query=43.4950138,-79.8960207"
Starbucks,amenity:cafe,,5010,Glen Erin Drive,,,43.554428,-79.714911,node,11203058239,https://www.openstreetmap.org/node/11203058239,"https://www.google.com/maps/search/?api=1&query=43.5544276,-79.7149108"
Starbucks,amenity:cafe,,,,,,43.463940,-79.744978,node,11423236389,https://www.openstreetmap.org/node/11423236389,"https://www.google.com/maps/search/?api=1&query=43.4639397,-79.7449782"
Starbucks,amenity:cafe,,,,,,43.581881,-79.736934,node,11474838097,https://www.openstreetmap.org/node/11474838097,"https://www.google.com/maps/search/?api=1&query=43.5818808,-79.7369339"
Starbucks,amenity:cafe,,15,Sandalwood Parkway West,,,43.716564,-79.803776,node,13246539811,https://www.openstreetmap.org/node/13246539811,"https://www.google.com/maps/search/?api=1&query=43.7165644,-79.8037765"
Tea Leaves,amenity:cafe,,,,,,43.394671,-79.709718,node,385027451,https://www.openstreetmap.org/node/385027451,"https://www.google.com/maps/search/?api=1&query=43.3946706,-79.7097176"
Tim Hortons,amenity:cafe,,,,,,43.567786,-79.825795,node,267597777,https://www.openstreetmap.org/node/267597777,"https://www.google.com/maps/search/?api=1&query=43.5677858,-79.8257949"
Tim Hortons,amenity:cafe,,,,,,43.342977,-79.825406,node,283527209,https://www.openstreetmap.org/node/283527209,"https://www.google.com/maps/search/?api=1&query=43.3429768,-79.8254064"
Tim Hortons,amenity:cafe,,,,,,43.379187,-79.766804,node,287145784,https://www.openstreetmap.org/node/287145784,"https://www.google.com/maps/search/?api=1&query=43.3791874,-79.7668037"
Tim Hortons,amenity:cafe,,,,,,43.377741,-79.806138,node,288064482,https://www.openstreetmap.org/node/288064482,"https://www.google.com/maps/search/?api=1&query=43.3777411,-79.8061379"
Tim Hortons,amenity:cafe,,,,,,43.390990,-79.824156,node,288065234,https://www.openstreetmap.org/node/288065234,"https://www.google.com/maps/search/?api=1&query=43.3909904,-79.8241562"
Tim Hortons,amenity:cafe,,,,,,43.676381,-79.771523,node,378509046,https://www.openstreetmap.org/node/378509046,"https://www.google.com/maps/search/?api=1&query=43.6763811,-79.7715233"
Tim Hortons,amenity:cafe,,,,,,43.306222,-79.854828,node,419357108,https://www.openstreetmap.org/node/419357108,"https://www.google.com/maps/search/?api=1&query=43.3062216,-79.8548285"
Tim Hortons,amenity:cafe,,5353,Lakeshore Road,,,43.367261,-79.732721,node,419372336,https://www.openstreetmap.org/node/419372336,"https://www.google.com/maps/search/?api=1&query=43.3672614,-79.7327208"
Tim Hortons,amenity:cafe,,,,,,43.398410,-79.707717,node,419372484,https://www.openstreetmap.org/node/419372484,"https://www.google.com/maps/search/?api=1&query=43.3984096,-79.7077166"
Tim Hortons,amenity:cafe,,,,,,43.651334,-79.903714,node,420464537,https://www.openstreetmap.org/node/420464537,"https://www.google.com/maps/search/?api=1&query=43.6513338,-79.9037141"
Tim Hortons,amenity:cafe,,,,,,43.668036,-79.737056,node,431143602,https://www.openstreetmap.org/node/431143602,"https://www.google.com/maps/search/?api=1&query=43.6680361,-79.7370561"
Tim Hortons,amenity:cafe,,,,,,43.426155,-79.726190,node,493881077,https://www.openstreetmap.org/node/493881077,"https://www.google.com/maps/search/?api=1&query=43.4261551,-79.7261898"
Tim Hortons,amenity:cafe,,,,,,43.417964,-79.715701,node,493881946,https://www.openstreetmap.org/node/493881946,"https://www.google.com/maps/search/?api=1&query=43.4179636,-79.7157012"
Tim Hortons,amenity:cafe,,25,Peel Centre Drive,,,43.715415,-79.720819,node,703115319,https://www.openstreetmap.org/node/703115319,"https://www.google.com/maps/search/?api=1&query=43.7154146,-79.7208192"
Tim Hortons,amenity:cafe,,,,,,43.371812,-79.794197,node,1549728176,https://www.openstreetmap.org/node/1549728176,"https://www.google.com/maps/search/?api=1&query=43.3718117,-79.7941975"
Tim Hortons,amenity:cafe,,,,,,43.339298,-79.786229,node,1619221690,https://www.openstreetmap.org/node/1619221690,"https://www.google.com/maps/search/?api=1&query=43.3392984,-79.786229"
Tim Hortons,amenity:cafe,,,,,,43.391867,-79.822975,node,1651053622,https://www.openstreetmap.org/node/1651053622,"https://www.google.com/maps/search/?api=1&query=43.3918675,-79.8229748"
Tim Hortons,amenity:cafe,,,,,,43.339394,-79.816926,node,1852404398,https://www.openstreetmap.org/node/1852404398,"https://www.google.com/maps/search/?api=1&query=43.3393944,-79.8169257"
Tim Hortons,amenity:cafe,,469,Highway 6 North,,,43.310938,-79.916943,node,1853043076,https://www.openstreetmap.org/node/1853043076,"https://www.google.com/maps/search/?api=1&query=43.3109378,-79.9169432"
Tim Hortons,amenity:cafe,,,,,,43.522423,-79.900971,node,1854689832,https://www.openstreetmap.org/node/1854689832,"https://www.google.com/maps/search/?api=1&query=43.5224229,-79.9009707"
Tim Hortons,amenity:cafe,,,,,,43.376992,-80.004196,node,1865224301,https://www.openstreetmap.org/node/1865224301,"https://www.google.com/maps/search/?api=1&query=43.376992,-80.0041956"
Tim Hortons,amenity:cafe,,,,,,43.681929,-79.714617,node,1869495983,https://www.openstreetmap.org/node/1869495983,"https://www.google.com/maps/search/?api=1&query=43.6819289,-79.7146165"
Tim Hortons,amenity:cafe,,,,,,43.407150,-79.737766,node,1914627761,https://www.openstreetmap.org/node/1914627761,"https://www.google.com/maps/search/?api=1&query=43.4071496,-79.7377658"
Tim Hortons,amenity:cafe,,,,,,43.628168,-79.776317,node,1931654998,https://www.openstreetmap.org/node/1931654998,"https://www.google.com/maps/search/?api=1&query=43.6281675,-79.776317"
Tim Hortons,amenity:cafe,,,,,,43.533387,-79.911569,node,2192808880,https://www.openstreetmap.org/node/2192808880,"https://www.google.com/maps/search/?api=1&query=43.533387,-79.9115695"
Tim Hortons,amenity:cafe,,,,,,43.507295,-79.861885,node,2195678709,https://www.openstreetmap.org/node/2195678709,"https://www.google.com/maps/search/?api=1&query=43.5072946,-79.8618854"
Tim Hortons,amenity:cafe,,,,,,43.525942,-79.866236,node,2198941224,https://www.openstreetmap.org/node/2198941224,"https://www.google.com/maps/search/?api=1&query=43.5259424,-79.8662361"
Tim Hortons,amenity:cafe,,,,,,43.538817,-79.856418,node,2198941294,https://www.openstreetmap.org/node/2198941294,"https://www.google.com/maps/search/?api=1&query=43.5388167,-79.8564184"
Tim Hortons,amenity:cafe,,,,,,43.535643,-79.877721,node,2199911477,https://www.openstreetmap.org/node/2199911477,"https://www.google.com/maps/search/?api=1&query=43.5356433,-79.8777211"
Tim Hortons,amenity:cafe,,,,,,43.681737,-79.803633,node,2451807283,https://www.openstreetmap.org/node/2451807283,"https://www.google.com/maps/search/?api=1&query=43.6817373,-79.8036325"
Tim Hortons,amenity:cafe,,,,,,43.719484,-79.722192,node,2650564456,https://www.openstreetmap.org/node/2650564456,"https://www.google.com/maps/search/?api=1&query=43.7194843,-79.7221921"
Tim Hortons,amenity:cafe,,,,,,43.387141,-79.782092,node,2669545898,https://www.openstreetmap.org/node/2669545898,"https://www.google.com/maps/search/?api=1&query=43.3871407,-79.7820923"
Tim Hortons,amenity:cafe,,,,,,43.376824,-79.767437,node,2684518385,https://www.openstreetmap.org/node/2684518385,"https://www.google.com/maps/search/?api=1&query=43.3768244,-79.7674369"
Tim Hortons,amenity:cafe,,,,,,43.545789,-79.713913,node,2731610686,https://www.openstreetmap.org/node/2731610686,"https://www.google.com/maps/search/?api=1&query=43.5457894,-79.7139129"
Tim Hortons,amenity:cafe,,,,,,43.679901,-79.720842,node,2752955078,https://www.openstreetmap.org/node/2752955078,"https://www.google.com/maps/search/?api=1&query=43.6799006,-79.7208424"
Tim Hortons,amenity:cafe,,,,,,43.418073,-79.717014,node,2796795669,https://www.openstreetmap.org/node/2796795669,"https://www.google.com/maps/search/?api=1&query=43.4180728,-79.7170139"
Tim Hortons,amenity:cafe,,,,,,43.701914,-79.712187,node,2819593823,https://www.openstreetmap.org/node/2819593823,"https://www.google.com/maps/search/?api=1&query=43.701914,-79.7121869"
Tim Hortons,amenity:cafe,,,,,,43.656330,-79.957814,node,3216526043,https://www.openstreetmap.org/node/3216526043,"https://www.google.com/maps/search/?api=1&query=43.6563304,-79.9578145"
Tim Hortons,amenity:cafe,,,,,,43.574687,-79.835266,node,3321027858,https://www.openstreetmap.org/node/3321027858,"https://www.google.com/maps/search/?api=1&query=43.5746874,-79.8352658"
Tim Hortons,amenity:cafe,,,,,,43.355644,-79.810042,node,3389255393,https://www.openstreetmap.org/node/3389255393,"https://www.google.com/maps/search/?api=1&query=43.355644,-79.8100419"
Tim Hortons,amenity:cafe,,,,,,43.694982,-79.700183,node,3507050678,https://www.openstreetmap.org/node/3507050678,"https://www.google.com/maps/search/?api=1&query=43.6949817,-79.7001828"
Tim Hortons,amenity:cafe,,,,,,43.450223,-79.759681,node,3556589512,https://www.openstreetmap.org/node/3556589512,"https://www.google.com/maps/search/?api=1&query=43.4502225,-79.7596808"
Tim Hortons,amenity:cafe,,,,,,43.616211,-79.702201,node,3745505198,https://www.openstreetmap.org/node/3745505198,"https://www.google.com/maps/search/?api=1&query=43.6162108,-79.7022012"
Tim Hortons,amenity:cafe,,,,,,43.526617,-79.889339,node,3756784246,https://www.openstreetmap.org/node/3756784246,"https://www.google.com/maps/search/?api=1&query=43.5266172,-79.8893391"
Tim Hortons,amenity:cafe,,,,,,43.703335,-79.758698,node,3888526339,https://www.openstreetmap.org/node/3888526339,"https://www.google.com/maps/search/?api=1&query=43.7033353,-79.7586981"
Tim Hortons,amenity:cafe,,,,,,43.636232,-79.718000,node,3959776422,https://www.openstreetmap.org/node/3959776422,"https://www.google.com/maps/search/?api=1&query=43.6362323,-79.7179995"
Tim Hortons,amenity:cafe,,,,,,43.636507,-79.715647,node,3959870360,https://www.openstreetmap.org/node/3959870360,"https://www.google.com/maps/search/?api=1&query=43.6365072,-79.7156471"
Tim Hortons,amenity:cafe,,2980,Argentia Road,,,43.597608,-79.783170,node,3976539736,https://www.openstreetmap.org/node/3976539736,"https://www.google.com/maps/search/?api=1&query=43.597608,-79.78317"
Tim Hortons,amenity:cafe,,,,,,43.391982,-79.753142,node,3997648561,https://www.openstreetmap.org/node/3997648561,"https://www.google.com/maps/search/?api=1&query=43.3919824,-79.7531417"
Tim Hortons,amenity:cafe,,,,,,43.597656,-79.761606,node,4014895306,https://www.openstreetmap.org/node/4014895306,"https://www.google.com/maps/search/?api=1&query=43.5976557,-79.7616059"
Tim Hortons,amenity:cafe,,,,,,43.586116,-79.741608,node,4017888663,https://www.openstreetmap.org/node/4017888663,"https://www.google.com/maps/search/?api=1&query=43.5861164,-79.7416078"
Tim Hortons,amenity:cafe,,,,,,43.524874,-79.901861,node,4064505069,https://www.openstreetmap.org/node/4064505069,"https://www.google.com/maps/search/?api=1&query=43.5248738,-79.9018613"
Tim Hortons,amenity:cafe,,,,,,43.534133,-79.914217,node,4088621285,https://www.openstreetmap.org/node/4088621285,"https://www.google.com/maps/search/?api=1&query=43.5341333,-79.9142169"
Tim Hortons,amenity:cafe,,,,,,43.400530,-79.764742,node,4366104636,https://www.openstreetmap.org/node/4366104636,"https://www.google.com/maps/search/?api=1&query=43.4005302,-79.764742"
Tim Hortons,amenity:cafe,,,,,,43.437666,-79.741813,node,4514533592,https://www.openstreetmap.org/node/4514533592,"https://www.google.com/maps/search/?api=1&query=43.4376664,-79.7418126"
Tim Hortons,amenity:cafe,,2655,Eglinton Avenue West,,,43.555856,-79.710821,node,4551486962,https://www.openstreetmap.org/node/4551486962,"https://www.google.com/maps/search/?api=1&query=43.5558561,-79.7108212"
Tim Hortons,amenity:cafe,,,,,,43.486875,-79.883859,node,5563074532,https://www.openstreetmap.org/node/5563074532,"https://www.google.com/maps/search/?api=1&query=43.4868748,-79.8838593"
Tim Hortons,amenity:cafe,,,,,,43.557744,-79.702429,node,5819383379,https://www.openstreetmap.org/node/5819383379,"https://www.google.com/maps/search/?api=1&query=43.5577437,-79.7024291"
Tim Hortons,amenity:cafe,,,,,,43.701240,-79.742519,node,6226609525,https://www.openstreetmap.org/node/6226609525,"https://www.google.com/maps/search/?api=1&query=43.7012405,-79.7425193"
Tim Hortons,amenity:cafe,,,,,,43.609676,-79.749772,node,6546306562,https://www.openstreetmap.org/node/6546306562,"https://www.google.com/maps/search/?api=1&query=43.6096764,-79.7497718"
Tim Hortons,amenity:cafe,,,,,,43.695641,-79.798648,node,6546851782,https://www.openstreetmap.org/node/6546851782,"https://www.google.com/maps/search/?api=1&query=43.6956412,-79.7986478"
Tim Hortons,amenity:cafe,,,,,,43.685133,-79.808419,node,6546870693,https://www.openstreetmap.org/node/6546870693,"https://www.google.com/maps/search/?api=1&query=43.6851329,-79.8084185"
Tim Hortons,amenity:cafe,,5100,Erin Mills Parkway,,,43.558742,-79.712623,node,6556571736,https://www.openstreetmap.org/node/6556571736,"https://www.google.com/maps/search/?api=1&query=43.5587419,-79.712623"
Tim Hortons,amenity:cafe,,,,,,43.665776,-79.738283,node,6566674503,https://www.openstreetmap.org/node/6566674503,"https://www.google.com/maps/search/?api=1&query=43.6657764,-79.7382828"
Tim Hortons,amenity:cafe,,,,,,43.348931,-79.794888,node,6629399730,https://www.openstreetmap.org/node/6629399730,"https://www.google.com/maps/search/?api=1&query=43.3489315,-79.7948877"
Tim Hortons,amenity:cafe,,,,,,43.325469,-79.820704,node,6632464364,https://www.openstreetmap.org/node/6632464364,"https://www.google.com/maps/search/?api=1&query=43.3254689,-79.8207037"
Tim Hortons,amenity:cafe,,,,,,43.620766,-79.783971,node,6861690493,https://www.openstreetmap.org/node/6861690493,"https://www.google.com/maps/search/?api=1&query=43.6207664,-79.7839713"
Tim Hortons,amenity:cafe,,,,,,43.697228,-79.845902,node,6961269044,https://www.openstreetmap.org/node/6961269044,"https://www.google.com/maps/search/?api=1&query=43.6972282,-79.8459023"
Tim Hortons,amenity:cafe,,,,,,43.340647,-79.809298,node,7061158688,https://www.openstreetmap.org/node/7061158688,"https://www.google.com/maps/search/?api=1&query=43.340647,-79.8092977"
Tim Hortons,amenity:cafe,,,,,,43.657235,-79.741300,node,7195543536,https://www.openstreetmap.org/node/7195543536,"https://www.google.com/maps/search/?api=1&query=43.6572345,-79.7413003"
Tim Hortons,amenity:cafe,,,,,,43.656574,-79.737837,node,7195543540,https://www.openstreetmap.org/node/7195543540,"https://www.google.com/maps/search/?api=1&query=43.656574,-79.7378375"
Tim Hortons,amenity:cafe,,,,,,43.468539,-79.700462,node,7196256903,https://www.openstreetmap.org/node/7196256903,"https://www.google.com/maps/search/?api=1&query=43.4685394,-79.7004616"
Tim Hortons,amenity:cafe,,,,,,43.559844,-79.703533,node,8082223614,https://www.openstreetmap.org/node/8082223614,"https://www.google.com/maps/search/?api=1&query=43.5598438,-79.7035328"
Tim Hortons,amenity:cafe,,,,,,43.306851,-79.851731,node,8851735375,https://www.openstreetmap.org/node/8851735375,"https://www.google.com/maps/search/?api=1&query=43.3068512,-79.8517308"
Tim Hortons,amenity:cafe,,,,,,43.699432,-79.821155,node,10884216558,https://www.openstreetmap.org/node/10884216558,"https://www.google.com/maps/search/?api=1&query=43.6994317,-79.8211549"
Tim Hortons,amenity:cafe,,,,,,43.731097,-79.760205,node,11415443045,https://www.openstreetmap.org/node/11415443045,"https://www.google.com/maps/search/?api=1&query=43.7310969,-79.7602055"
Tim Hortons,amenity:cafe,,,,,,43.731367,-79.762898,node,11415443046,https://www.openstreetmap.org/node/11415443046,"https://www.google.com/maps/search/?api=1&query=43.7313665,-79.7628979"
Tim Hortons,amenity:cafe,,,,,,43.732804,-79.824892,node,11417804853,https://www.openstreetmap.org/node/11417804853,"https://www.google.com/maps/search/?api=1&query=43.7328042,-79.8248923"
Tim Hortons,amenity:cafe,,,,,,43.464680,-79.744465,node,11423236373,https://www.openstreetmap.org/node/11423236373,"https://www.google.com/maps/search/?api=1&query=43.4646803,-79.744465"
Tim Hortons,amenity:cafe,,,,,,43.438397,-79.743854,node,11423236420,https://www.openstreetmap.org/node/11423236420,"https://www.google.com/maps/search/?api=1&query=43.438397,-79.7438543"
Tim Hortons,amenity:cafe,,,,,,43.362321,-79.785323,node,12551756422,https://www.openstreetmap.org/node/12551756422,"https://www.google.com/maps/search/?api=1&query=43.3623212,-79.785323"
Tim Hortons,amenity:cafe,,,,,,43.646111,-79.754452,node,12810593496,https://www.openstreetmap.org/node/12810593496,"https://www.google.com/maps/search/?api=1&query=43.6461109,-79.7544518"
Timothy's,amenity:cafe,,,,,,43.348210,-79.794588,node,6629395290,https://www.openstreetmap.org/node/6629395290,"https://www.google.com/maps/search/?api=1&query=43.3482104,-79.7945881"
UK Urban Kitchen Cafe,amenity:cafe,,,,,,43.450621,-79.703161,node,2011459495,https://www.openstreetmap.org/node/2011459495,"https://www.google.com/maps/search/?api=1&query=43.4506213,-79.703161"
Viva Cafe,amenity:cafe,,,,,,43.707364,-79.788089,node,6546951257,https://www.openstreetmap.org/node/6546951257,"https://www.google.com/maps/search/?api=1&query=43.7073637,-79.7880887"
Williams Fresh Cafe,amenity:cafe,,1250,Brant Street,Burlington,,43.343573,-79.828543,node,1634780138,https://www.openstreetmap.org/node/1634780138,"https://www.google.com/maps/search/?api=1&query=43.3435725,-79.8285429"
Discount Car & Truck Rentals,amenity:car_rental,,,,,,43.519659,-79.878539,node,2729699834,https://www.openstreetmap.org/node/2729699834,"https://www.google.com/maps/search/?api=1&query=43.5196587,-79.8785387"
Enterprise,amenity:car_rental,,,,,,43.519773,-79.879950,node,2197769194,https://www.openstreetmap.org/node/2197769194,"https://www.google.com/maps/search/?api=1&query=43.5197733,-79.8799504"
Enterprise,amenity:car_rental,,,,,,43.591494,-79.741416,node,3415012502,https://www.openstreetmap.org/node/3415012502,"https://www.google.com/maps/search/?api=1&query=43.5914939,-79.7414165"
Enterprise,amenity:car_rental,,,,,,43.374802,-79.770343,node,11624888850,https://www.openstreetmap.org/node/11624888850,"https://www.google.com/maps/search/?api=1&query=43.374802,-79.7703431"
enterprise rent-a-car,amenity:car_rental,,,,,,43.419833,-79.724834,node,2796764469,https://www.openstreetmap.org/node/2796764469,"https://www.google.com/maps/search/?api=1&query=43.4198333,-79.7248341"
Hertz,amenity:car_rental,,,,,,43.701862,-79.743373,node,12810741112,https://www.openstreetmap.org/node/12810741112,"https://www.google.com/maps/search/?api=1&query=43.7018616,-79.7433728"
Yellow Car Rental,amenity:car_rental,,,,,,43.700281,-79.744891,node,12810734785,https://www.openstreetmap.org/node/12810734785,"https://www.google.com/maps/search/?api=1&query=43.700281,-79.7448912"
Canadian Tire,amenity:car_wash,,,,,,43.696627,-79.797653,node,2752938709,https://www.openstreetmap.org/node/2752938709,"https://www.google.com/maps/search/?api=1&query=43.6966272,-79.7976534"
Circle K,amenity:car_wash,,,,,,43.597214,-79.782694,node,1408915731,https://www.openstreetmap.org/node/1408915731,"https://www.google.com/maps/search/?api=1&query=43.5972137,-79.782694"
Circle K,amenity:car_wash,,,,,,43.636860,-79.718093,node,1409297929,https://www.openstreetmap.org/node/1409297929,"https://www.google.com/maps/search/?api=1&query=43.63686,-79.7180933"
Coin-Op Car Wash,amenity:car_wash,,,,,,43.331698,-79.822139,node,1668169929,https://www.openstreetmap.org/node/1668169929,"https://www.google.com/maps/search/?api=1&query=43.3316978,-79.822139"
Esso,amenity:car_wash,,,,,,43.649506,-79.878897,node,484163216,https://www.openstreetmap.org/node/484163216,"https://www.google.com/maps/search/?api=1&query=43.6495064,-79.8788967"
Glide Auto Wash,amenity:car_wash,,,,,,43.515239,-79.851200,node,2199778699,https://www.openstreetmap.org/node/2199778699,"https://www.google.com/maps/search/?api=1&query=43.5152393,-79.8511996"
King Full Service Car Wash,amenity:car_wash,,,,,,43.333328,-79.810714,node,7859140082,https://www.openstreetmap.org/node/7859140082,"https://www.google.com/maps/search/?api=1&query=43.3333277,-79.8107144"
Mint Auto Detailing Inc,amenity:car_wash,+1-905-812-7184,,,,,43.581763,-79.716494,node,3459661434,https://www.openstreetmap.org/node/3459661434,"https://www.google.com/maps/search/?api=1&query=43.5817628,-79.7164937"
Petro-Canada,amenity:car_wash,,,,,,43.668654,-79.737661,node,849241852,https://www.openstreetmap.org/node/849241852,"https://www.google.com/maps/search/?api=1&query=43.6686539,-79.7376607"
Petro-Canada,amenity:car_wash,,,,,,43.596594,-79.712240,node,1406561303,https://www.openstreetmap.org/node/1406561303,"https://www.google.com/maps/search/?api=1&query=43.5965937,-79.7122405"
Petro-Canada,amenity:car_wash,,,,,,43.598441,-79.711844,node,1406561306,https://www.openstreetmap.org/node/1406561306,"https://www.google.com/maps/search/?api=1&query=43.598441,-79.7118436"
Petro-Canada,amenity:car_wash,,,,,,43.586366,-79.743188,node,1408854289,https://www.openstreetmap.org/node/1408854289,"https://www.google.com/maps/search/?api=1&query=43.5863656,-79.7431879"
Petro-Canada,amenity:car_wash,,,,,,43.637001,-79.715513,node,1409298085,https://www.openstreetmap.org/node/1409298085,"https://www.google.com/maps/search/?api=1&query=43.6370014,-79.7155128"
Petro-Canada,amenity:car_wash,,,,,,43.522505,-79.893731,node,2196585524,https://www.openstreetmap.org/node/2196585524,"https://www.google.com/maps/search/?api=1&query=43.5225047,-79.8937306"
Petro-Canada,amenity:car_wash,,,,,,43.535141,-79.732402,node,10555317729,https://www.openstreetmap.org/node/10555317729,"https://www.google.com/maps/search/?api=1&query=43.5351407,-79.7324021"
Ray Milano's Car Wash & Auto Detailing,amenity:car_wash,,,,,,43.590044,-79.724521,node,3458643218,https://www.openstreetmap.org/node/3458643218,"https://www.google.com/maps/search/?api=1&query=43.5900439,-79.7245206"
Shell,amenity:car_wash,,,,,,43.646053,-79.704863,node,1409298656,https://www.openstreetmap.org/node/1409298656,"https://www.google.com/maps/search/?api=1&query=43.6460528,-79.7048628"
Simoniz Touchless Wash,amenity:car_wash,,,,,,43.522960,-79.899341,node,2200505162,https://www.openstreetmap.org/node/2200505162,"https://www.google.com/maps/search/?api=1&query=43.52296,-79.8993409"
Soft Cloth Wash,amenity:car_wash,,,,,,43.418904,-79.716538,node,2796749971,https://www.openstreetmap.org/node/2796749971,"https://www.google.com/maps/search/?api=1&query=43.418904,-79.7165381"
Spot Free Car Wash,amenity:car_wash,,,,,,43.530763,-79.884504,node,2232090013,https://www.openstreetmap.org/node/2232090013,"https://www.google.com/maps/search/?api=1&query=43.5307629,-79.8845044"
Touchless Car Wash,amenity:car_wash,,,,,,43.417971,-79.717474,node,558655840,https://www.openstreetmap.org/node/558655840,"https://www.google.com/maps/search/?api=1&query=43.417971,-79.7174743"
Victory Car Wash,amenity:car_wash,,,,,,43.662745,-79.731070,node,13093241522,https://www.openstreetmap.org/node/13093241522,"https://www.google.com/maps/search/?api=1&query=43.6627448,-79.7310703"
Absolute Angels Daycare,amenity:childcare,,,,,,43.690110,-79.835028,node,2687039449,https://www.openstreetmap.org/node/2687039449,"https://www.google.com/maps/search/?api=1&query=43.6901102,-79.835028"
Alpah's Preschool Academy and Child Care Centre,amenity:childcare,+1-905-812-8880,,,,,43.587989,-79.740805,node,4017888645,https://www.openstreetmap.org/node/4017888645,"https://www.google.com/maps/search/?api=1&query=43.5879885,-79.7408046"
Aspire Childcare,amenity:childcare,,,,,,43.713910,-79.727971,node,13591325954,https://www.openstreetmap.org/node/13591325954,"https://www.google.com/maps/search/?api=1&query=43.7139099,-79.7279712"
Brampton West Child Care Centre,amenity:childcare,,,,,,43.715068,-79.776713,node,2752956158,https://www.openstreetmap.org/node/2752956158,"https://www.google.com/maps/search/?api=1&query=43.7150675,-79.7767132"
Child Care,amenity:childcare,,,,,,43.595203,-79.769012,node,12740118588,https://www.openstreetmap.org/node/12740118588,"https://www.google.com/maps/search/?api=1&query=43.5952033,-79.769012"
Georgetown Daycare Centre Nursery School,amenity:childcare,+1-905-877-4376,,,,,43.646364,-79.863600,node,4280393135,https://www.openstreetmap.org/node/4280393135,"https://www.google.com/maps/search/?api=1&query=43.6463638,-79.8635999"
Learning Blocks Montessori School,amenity:childcare,,258,Commercial Street,,,43.509657,-79.874510,node,10934564153,https://www.openstreetmap.org/node/10934564153,"https://www.google.com/maps/search/?api=1&query=43.5096573,-79.8745101"
Little Bloomers Childcare Centre,amenity:childcare,+1 9054990789,153,Queen Street West,,,43.682512,-79.763257,node,12569711173,https://www.openstreetmap.org/node/12569711173,"https://www.google.com/maps/search/?api=1&query=43.6825118,-79.7632575"
Lullaboo,amenity:childcare,,,,,,43.657833,-79.791680,node,13534509654,https://www.openstreetmap.org/node/13534509654,"https://www.google.com/maps/search/?api=1&query=43.6578327,-79.7916796"
Meadowvale Christan Acadamy & Childcare,amenity:childcare,,,,,,43.597151,-79.742225,node,4014629750,https://www.openstreetmap.org/node/4014629750,"https://www.google.com/maps/search/?api=1&query=43.5971507,-79.7422253"
Rowntree Montessori Schools,amenity:childcare,+1 905 793 6231,,,,,43.722611,-79.725695,node,11112289414,https://www.openstreetmap.org/node/11112289414,"https://www.google.com/maps/search/?api=1&query=43.7226105,-79.7256947"
Tiny Hoppers Dayschool,amenity:childcare,,,,,,43.495411,-79.895486,node,13952318081,https://www.openstreetmap.org/node/13952318081,"https://www.google.com/maps/search/?api=1&query=43.495411,-79.8954862"
Wee Care Educational Services Inc.,amenity:childcare,,,,,,43.304315,-79.856596,node,1356838951,https://www.openstreetmap.org/node/1356838951,"https://www.google.com/maps/search/?api=1&query=43.3043149,-79.8565961"
Alevia Health & Wellness Centre,amenity:clinic,+1-905-315-9955,,,,,43.339621,-79.817282,node,2951561334,https://www.openstreetmap.org/node/2951561334,"https://www.google.com/maps/search/?api=1&query=43.3396212,-79.8172823"
Asclepius,amenity:clinic,,,,,,43.562852,-79.709976,node,10769824006,https://www.openstreetmap.org/node/10769824006,"https://www.google.com/maps/search/?api=1&query=43.5628516,-79.7099759"
Bernstein Diet & Health Clinic,amenity:clinic,,,,,,43.702784,-79.785668,node,6546873273,https://www.openstreetmap.org/node/6546873273,"https://www.google.com/maps/search/?api=1&query=43.7027839,-79.785668"
Britannia Medical Clinic,amenity:clinic,,,,,,43.557445,-79.756098,node,2014556999,https://www.openstreetmap.org/node/2014556999,"https://www.google.com/maps/search/?api=1&query=43.5574446,-79.7560985"
Britannia Medical Clinic & Pharmacy,amenity:clinic,+1-905-785-1500,,,,,43.562314,-79.752611,node,4013812792,https://www.openstreetmap.org/node/4013812792,"https://www.google.com/maps/search/?api=1&query=43.5623143,-79.7526106"
Brittany Glen Medical Centre,amenity:clinic,+1 905 858 9393,5602,Tenth Line West,,,43.558023,-79.743004,node,10979707717,https://www.openstreetmap.org/node/10979707717,"https://www.google.com/maps/search/?api=1&query=43.5580234,-79.7430039"
Burlington Professional Centre,amenity:clinic,,3155,Harvester Road,Burlington,L7N 3N8,43.354195,-79.797341,node,4486121710,https://www.openstreetmap.org/node/4486121710,"https://www.google.com/maps/search/?api=1&query=43.354195,-79.7973409"
CHM Therapy Services,amenity:clinic,,,,,,43.516105,-79.886870,node,10934162339,https://www.openstreetmap.org/node/10934162339,"https://www.google.com/maps/search/?api=1&query=43.5161046,-79.8868702"
Churchill Meadows Medical Centre,amenity:clinic,+1-905-858-7337,,,,,43.560061,-79.733972,node,3758441383,https://www.openstreetmap.org/node/3758441383,"https://www.google.com/maps/search/?api=1&query=43.560061,-79.7339719"
Connect Cognitive Therapy,amenity:clinic,,,,,,43.582119,-79.714548,node,5909816239,https://www.openstreetmap.org/node/5909816239,"https://www.google.com/maps/search/?api=1&query=43.5821191,-79.7145478"
Copper Ridge Medical Centre,amenity:clinic,,,,,,43.633462,-79.770291,node,4004464046,https://www.openstreetmap.org/node/4004464046,"https://www.google.com/maps/search/?api=1&query=43.6334616,-79.7702915"
Credit Valley Diagnostic Centre,amenity:clinic,,,,,,43.562400,-79.702229,node,12654058727,https://www.openstreetmap.org/node/12654058727,"https://www.google.com/maps/search/?api=1&query=43.5624002,-79.7022288"
Credit Valley X-Ray & Ultrasound,amenity:clinic,,,,,,43.580245,-79.759236,node,3944580856,https://www.openstreetmap.org/node/3944580856,"https://www.google.com/maps/search/?api=1&query=43.5802446,-79.7592355"
Derry Medical Clinic,amenity:clinic,,,,,,43.583172,-79.779060,node,3976482945,https://www.openstreetmap.org/node/3976482945,"https://www.google.com/maps/search/?api=1&query=43.5831721,-79.7790603"
Dundas Neyagawa Walk in Clinic,amenity:clinic,,,,,,43.466842,-79.744473,node,4868553930,https://www.openstreetmap.org/node/4868553930,"https://www.google.com/maps/search/?api=1&query=43.4668422,-79.7444727"
Eastwood Psychologists,amenity:clinic,,,,,,43.685100,-79.758502,node,13357976456,https://www.openstreetmap.org/node/13357976456,"https://www.google.com/maps/search/?api=1&query=43.6851002,-79.7585022"
Eglinton Churchill Medical Centre & Pharmacy,amenity:clinic,,2901,Eglinton Avenue West,,,43.552085,-79.716096,node,3942806128,https://www.openstreetmap.org/node/3942806128,"https://www.google.com/maps/search/?api=1&query=43.552085,-79.7160963"
Falconer Medical Center,amenity:clinic,+1-905-567-0008,,,,,43.605974,-79.728341,node,4015804206,https://www.openstreetmap.org/node/4015804206,"https://www.google.com/maps/search/?api=1&query=43.6059743,-79.7283406"
Holy Family Wellness Centre Inc,amenity:clinic,,,,,,43.642768,-79.746895,node,4006780647,https://www.openstreetmap.org/node/4006780647,"https://www.google.com/maps/search/?api=1&query=43.6427683,-79.7468948"
Joseph Brant Wellness House,amenity:clinic,,2160,Itabashi Way,Burlington,,43.385534,-79.794893,node,2562348890,https://www.openstreetmap.org/node/2562348890,"https://www.google.com/maps/search/?api=1&query=43.3855339,-79.7948932"
Levi Walk-In Clinic,amenity:clinic,,,,,,43.621619,-79.743283,node,4006810065,https://www.openstreetmap.org/node/4006810065,"https://www.google.com/maps/search/?api=1&query=43.6216194,-79.7432826"
Lifetime Rehab,amenity:clinic,,,,,,43.708545,-79.733059,node,9008342341,https://www.openstreetmap.org/node/9008342341,"https://www.google.com/maps/search/?api=1&query=43.708545,-79.7330587"
LiveYoung MediClinic,amenity:clinic,,,,,,43.521305,-79.892921,node,10934177209,https://www.openstreetmap.org/node/10934177209,"https://www.google.com/maps/search/?api=1&query=43.5213055,-79.892921"
M.A.R.C.H. Climate Care,amenity:clinic,+1-905-875-2700,,,,,43.525674,-79.869951,node,2204624869,https://www.openstreetmap.org/node/2204624869,"https://www.google.com/maps/search/?api=1&query=43.5256738,-79.8699506"
Main Street Medical Centre Walk-In Clinic,amenity:clinic,,,,,,43.724022,-79.814184,node,1918832363,https://www.openstreetmap.org/node/1918832363,"https://www.google.com/maps/search/?api=1&query=43.7240221,-79.8141844"
Maple Mews Medical Clinic,amenity:clinic,,,,,,43.331018,-79.819475,node,7859013324,https://www.openstreetmap.org/node/7859013324,"https://www.google.com/maps/search/?api=1&query=43.3310177,-79.8194748"
Mavis Medical Centre,amenity:clinic,+1-905-216-6995,,,,,43.643156,-79.746542,node,4006780649,https://www.openstreetmap.org/node/4006780649,"https://www.google.com/maps/search/?api=1&query=43.6431563,-79.7465415"
Milton Trails Medical Clinic,amenity:clinic,,,,,,43.492059,-79.878634,node,3450552427,https://www.openstreetmap.org/node/3450552427,"https://www.google.com/maps/search/?api=1&query=43.492059,-79.878634"
Milton Urgent Care Clinic,amenity:clinic,,,,,,43.497377,-79.874272,node,2196760327,https://www.openstreetmap.org/node/2196760327,"https://www.google.com/maps/search/?api=1&query=43.4973771,-79.8742716"
Optimal Health,amenity:clinic,,,,,,43.325122,-79.796696,node,12076332269,https://www.openstreetmap.org/node/12076332269,"https://www.google.com/maps/search/?api=1&query=43.3251224,-79.7966964"
Ortho+Plus,amenity:clinic,,2905,Eglinton Avenue West,,,43.552068,-79.717199,node,3942806130,https://www.openstreetmap.org/node/3942806130,"https://www.google.com/maps/search/?api=1&query=43.5520683,-79.7171991"
Orthopedics In Motion,amenity:clinic,,3050,Preserve Drive,,,43.475457,-79.736397,node,3994352177,https://www.openstreetmap.org/node/3994352177,"https://www.google.com/maps/search/?api=1&query=43.4754568,-79.736397"
Passport Health Burlington Travel Clinic,amenity:clinic,,5500,North Service Road,Burlington,L7L 6W6,43.396159,-79.761312,node,13759350768,https://www.openstreetmap.org/node/13759350768,"https://www.google.com/maps/search/?api=1&query=43.3961594,-79.7613121"
Pediatric Plus,amenity:clinic,,,,,,43.368701,-79.792261,node,12695135452,https://www.openstreetmap.org/node/12695135452,"https://www.google.com/maps/search/?api=1&query=43.3687013,-79.7922611"
Peel Public Health Clinic,amenity:clinic,+1-905-270-5662,,,,,43.581552,-79.757695,node,3944582770,https://www.openstreetmap.org/node/3944582770,"https://www.google.com/maps/search/?api=1&query=43.5815523,-79.7576947"
Pickwick Medical Clinic,amenity:clinic,,,,,,43.592416,-79.703598,node,3957175563,https://www.openstreetmap.org/node/3957175563,"https://www.google.com/maps/search/?api=1&query=43.592416,-79.7035984"
Queen Medical Centre,amenity:clinic,,,,,,43.582459,-79.717298,node,3459661442,https://www.openstreetmap.org/node/3459661442,"https://www.google.com/maps/search/?api=1&query=43.5824593,-79.717298"
Queen's Urgent Care and Medical Centre Brampton,amenity:clinic,,263,Queen Street East,,,43.700251,-79.743463,node,8333963802,https://www.openstreetmap.org/node/8333963802,"https://www.google.com/maps/search/?api=1&query=43.7002506,-79.7434628"
Royal West Medical Centre,amenity:clinic,,,,,,43.659969,-79.813751,node,4006774599,https://www.openstreetmap.org/node/4006774599,"https://www.google.com/maps/search/?api=1&query=43.6599693,-79.8137515"
Sandalwood Walk-in Clinic - Dentist,amenity:clinic,,,,,,43.726936,-79.797348,node,1870140354,https://www.openstreetmap.org/node/1870140354,"https://www.google.com/maps/search/?api=1&query=43.7269356,-79.797348"
StoryBrook Medical Clinic,amenity:clinic,,,,,,43.712788,-79.827187,node,3475166941,https://www.openstreetmap.org/node/3475166941,"https://www.google.com/maps/search/?api=1&query=43.7127879,-79.827187"
Sun Health Care,amenity:clinic,,,,,,43.684790,-79.761440,node,12569743410,https://www.openstreetmap.org/node/12569743410,"https://www.google.com/maps/search/?api=1&query=43.6847904,-79.7614397"
Walkers Medical Center Walk-in Clinic,amenity:clinic,+1 9053355959,1821,Walkers Line,,,43.378921,-79.804011,node,12160521271,https://www.openstreetmap.org/node/12160521271,"https://www.google.com/maps/search/?api=1&query=43.3789208,-79.8040108"
West Medical Centre,amenity:clinic,,,,,,43.705191,-79.725930,node,9008371458,https://www.openstreetmap.org/node/9008371458,"https://www.google.com/maps/search/?api=1&query=43.7051905,-79.72593"
Aldershot Dental Care,amenity:dentist,,,,,,43.304282,-79.856636,node,1356002440,https://www.openstreetmap.org/node/1356002440,"https://www.google.com/maps/search/?api=1&query=43.3042821,-79.8566362"
Aldershot Dental Hygiene,amenity:dentist,,,,,,43.316052,-79.840105,node,8502111830,https://www.openstreetmap.org/node/8502111830,"https://www.google.com/maps/search/?api=1&query=43.3160515,-79.8401051"
Altima Dental,amenity:dentist,,5100,Erin Mills Parkway,,,43.558119,-79.711502,node,6556405149,https://www.openstreetmap.org/node/6556405149,"https://www.google.com/maps/search/?api=1&query=43.5581189,-79.7115018"
Altima Dental,amenity:dentist,,,,,,43.715414,-79.721486,node,6659645012,https://www.openstreetmap.org/node/6659645012,"https://www.google.com/maps/search/?api=1&query=43.7154136,-79.7214863"
Aquitaine Dental,amenity:dentist,,,,,,43.582683,-79.765041,node,3440055622,https://www.openstreetmap.org/node/3440055622,"https://www.google.com/maps/search/?api=1&query=43.5826826,-79.7650412"
Art of Dentistry,amenity:dentist,+1 9058264040,,,,,43.583487,-79.759398,node,3410784116,https://www.openstreetmap.org/node/3410784116,"https://www.google.com/maps/search/?api=1&query=43.5834871,-79.7593979"
Asadi.Lewis Dentistry,amenity:dentist,,,,,,43.714843,-79.722708,node,9071040605,https://www.openstreetmap.org/node/9071040605,"https://www.google.com/maps/search/?api=1&query=43.7148426,-79.7227077"
Beech Dentistry,amenity:dentist,,,,,,43.694198,-79.752039,node,9008404850,https://www.openstreetmap.org/node/9008404850,"https://www.google.com/maps/search/?api=1&query=43.6941984,-79.7520392"
Blossom Smiles Dental,amenity:dentist,,3235,Fairview Street,Burlington,L7N 3L1,43.352858,-79.788851,node,13002618839,https://www.openstreetmap.org/node/13002618839,"https://www.google.com/maps/search/?api=1&query=43.3528579,-79.788851"
Bram West Family Dental,amenity:dentist,,,,,,43.681016,-79.804185,node,3303286933,https://www.openstreetmap.org/node/3303286933,"https://www.google.com/maps/search/?api=1&query=43.681016,-79.8041854"
Bramalea 7 Family Dental Centre,amenity:dentist,,,,,,43.723875,-79.717178,node,6547874073,https://www.openstreetmap.org/node/6547874073,"https://www.google.com/maps/search/?api=1&query=43.7238752,-79.7171777"
Brampton Dental Group,amenity:dentist,,,,,,43.683838,-79.761865,node,12569743409,https://www.openstreetmap.org/node/12569743409,"https://www.google.com/maps/search/?api=1&query=43.6838381,-79.7618645"
Brampton Denture Clinic & Wellness Centre,amenity:dentist,,,,,,43.686170,-79.759384,node,13357938779,https://www.openstreetmap.org/node/13357938779,"https://www.google.com/maps/search/?api=1&query=43.6861699,-79.7593844"
Bramrose Dental,amenity:dentist,,,,,,43.702458,-79.739645,node,10780168406,https://www.openstreetmap.org/node/10780168406,"https://www.google.com/maps/search/?api=1&query=43.7024581,-79.7396447"
Brant Dental Office,amenity:dentist,+1-905-631-3043,,,,,43.339516,-79.817486,node,2951561633,https://www.openstreetmap.org/node/2951561633,"https://www.google.com/maps/search/?api=1&query=43.339516,-79.8174863"
Brant Hills Dental Centre,amenity:dentist,+1-905-336-1809,,,,,43.356831,-79.842310,node,2698208710,https://www.openstreetmap.org/node/2698208710,"https://www.google.com/maps/search/?api=1&query=43.3568309,-79.84231"
Brinkley Dental Group,amenity:dentist,,,,,,43.730508,-79.821362,node,1913557902,https://www.openstreetmap.org/node/1913557902,"https://www.google.com/maps/search/?api=1&query=43.7305081,-79.8213617"
Brisdale Family Dentistry,amenity:dentist,,,,,,43.683750,-79.811939,node,2753052252,https://www.openstreetmap.org/node/2753052252,"https://www.google.com/maps/search/?api=1&query=43.6837498,-79.8119395"
Britannia Dental Centre,amenity:dentist,+1 9055423777,6040,Glen Erin Drive,,,43.574833,-79.739294,node,12865667318,https://www.openstreetmap.org/node/12865667318,"https://www.google.com/maps/search/?api=1&query=43.5748327,-79.7392936"
Bronte Cosmetic Dentistry,amenity:dentist,+1-905-827-2066,,,,,43.398674,-79.706771,node,3802921008,https://www.openstreetmap.org/node/3802921008,"https://www.google.com/maps/search/?api=1&query=43.3986742,-79.7067706"
Burlington Dental Centre,amenity:dentist,,,,,,43.337922,-79.818118,node,2168895024,https://www.openstreetmap.org/node/2168895024,"https://www.google.com/maps/search/?api=1&query=43.3379223,-79.8181184"
Burlington Denture Clinic,amenity:dentist,,,,,,43.328417,-79.802193,node,7859162965,https://www.openstreetmap.org/node/7859162965,"https://www.google.com/maps/search/?api=1&query=43.3284168,-79.8021931"
Chinguacousy Dentistry,amenity:dentist,,8975,Chinguacousy Road,,,43.667168,-79.778973,node,12810678985,https://www.openstreetmap.org/node/12810678985,"https://www.google.com/maps/search/?api=1&query=43.6671677,-79.7789733"
Churchill Meadows Dental Centre,amenity:dentist,,,,,,43.556888,-79.756706,node,2014557046,https://www.openstreetmap.org/node/2014557046,"https://www.google.com/maps/search/?api=1&query=43.5568878,-79.756706"
City South Dental,amenity:dentist,,,,,,43.658980,-79.727325,node,13093255119,https://www.openstreetmap.org/node/13093255119,"https://www.google.com/maps/search/?api=1&query=43.6589802,-79.7273246"
Clearview Endodontics,amenity:dentist,,,,,,43.663528,-79.730948,node,13093246277,https://www.openstreetmap.org/node/13093246277,"https://www.google.com/maps/search/?api=1&query=43.6635284,-79.7309476"
Conestoga Dental Centre,amenity:dentist,,,,,,43.714913,-79.780400,node,6547160026,https://www.openstreetmap.org/node/6547160026,"https://www.google.com/maps/search/?api=1&query=43.7149134,-79.7804001"
Confident Smile Dental Hygiene Clinic,amenity:dentist,+1-905-257-4257,532,Postridge Drive,,,43.490135,-79.715390,node,3410756073,https://www.openstreetmap.org/node/3410756073,"https://www.google.com/maps/search/?api=1&query=43.4901352,-79.7153901"
Copper Ridge Dental,amenity:dentist,,,,,,43.633354,-79.770095,node,4004464045,https://www.openstreetmap.org/node/4004464045,"https://www.google.com/maps/search/?api=1&query=43.6333543,-79.7700953"
Cosmetic Family & Implant Dentistry Dr. Elaine Fishbein Dr. Mandy Grewal & Associates,amenity:dentist,+1 9055427606,6855,Meadowvale Town Centre Circle,,,43.584058,-79.758376,node,12869566315,https://www.openstreetmap.org/node/12869566315,"https://www.google.com/maps/search/?api=1&query=43.5840575,-79.7583757"
Cosmodont Dentistry,amenity:dentist,,,,,,43.715122,-79.721256,node,6659686717,https://www.openstreetmap.org/node/6659686717,"https://www.google.com/maps/search/?api=1&query=43.7151225,-79.7212561"
Cossmann Dental,amenity:dentist,+1-905-858-8184,,,,,43.592807,-79.764355,node,3415076995,https://www.openstreetmap.org/node/3415076995,"https://www.google.com/maps/search/?api=1&query=43.5928066,-79.7643553"
Credit Ridge Dental Care,amenity:dentist,+1-905-451-7500,,,,,43.656675,-79.814054,node,1996496129,https://www.openstreetmap.org/node/1996496129,"https://www.google.com/maps/search/?api=1&query=43.6566747,-79.8140538"
Credit Valley Oral Surgery,amenity:dentist,,,,,,43.391601,-79.823688,node,12694927895,https://www.openstreetmap.org/node/12694927895,"https://www.google.com/maps/search/?api=1&query=43.3916005,-79.8236883"
Dawson Dental,amenity:dentist,,,,,,43.686922,-79.762135,node,703059174,https://www.openstreetmap.org/node/703059174,"https://www.google.com/maps/search/?api=1&query=43.6869223,-79.7621349"
Denali Dental,amenity:dentist,,,,,,43.521191,-79.893072,node,10934177208,https://www.openstreetmap.org/node/10934177208,"https://www.google.com/maps/search/?api=1&query=43.5211905,-79.8930716"
Dental Centre,amenity:dentist,,,,,,43.723802,-79.813882,node,1918832297,https://www.openstreetmap.org/node/1918832297,"https://www.google.com/maps/search/?api=1&query=43.7238023,-79.8138818"
Dental Centre,amenity:dentist,,,,,,43.707389,-79.785889,node,2753033251,https://www.openstreetmap.org/node/2753033251,"https://www.google.com/maps/search/?api=1&query=43.7073885,-79.7858892"
Dental Centre,amenity:dentist,,,,,,43.685074,-79.760636,node,12569733682,https://www.openstreetmap.org/node/12569733682,"https://www.google.com/maps/search/?api=1&query=43.6850742,-79.7606361"
Dental Clinic,amenity:dentist,,,,,,43.681105,-79.804044,node,3303286934,https://www.openstreetmap.org/node/3303286934,"https://www.google.com/maps/search/?api=1&query=43.6811052,-79.8040437"
Dental Office,amenity:dentist,,,,,,43.686865,-79.761433,node,9008347253,https://www.openstreetmap.org/node/9008347253,"https://www.google.com/maps/search/?api=1&query=43.686865,-79.7614329"
Dental Studio,amenity:dentist,+1-905-877-2828,,,,,43.629379,-79.876791,node,4341946163,https://www.openstreetmap.org/node/4341946163,"https://www.google.com/maps/search/?api=1&query=43.6293795,-79.8767906"
Dental Studio,amenity:dentist,+1 9057993838,,,,,43.716202,-79.720976,node,6662840566,https://www.openstreetmap.org/node/6662840566,"https://www.google.com/maps/search/?api=1&query=43.7162018,-79.720976"
Dentist Dr. Benna George,amenity:dentist,+1 9055429999,,,,,43.583266,-79.729388,node,12865642499,https://www.openstreetmap.org/node/12865642499,"https://www.google.com/maps/search/?api=1&query=43.5832656,-79.7293879"
Dentistry @ Churchill Meadows,amenity:dentist,,,,,,43.545334,-79.714448,node,2731610680,https://www.openstreetmap.org/node/2731610680,"https://www.google.com/maps/search/?api=1&query=43.5453338,-79.7144478"
Dentistry @ Erin Mills,amenity:dentist,,,,,,43.556967,-79.700927,node,11079660563,https://www.openstreetmap.org/node/11079660563,"https://www.google.com/maps/search/?api=1&query=43.5569675,-79.7009269"
Dentistry @ Homestead,amenity:dentist,,,,,,43.691353,-79.802075,node,6546833950,https://www.openstreetmap.org/node/6546833950,"https://www.google.com/maps/search/?api=1&query=43.691353,-79.802075"
Dentistry @ Mills Dental & Derma Club,amenity:dentist,,6005,Erin Mills Parkway,,,43.579071,-79.733515,node,12865612686,https://www.openstreetmap.org/node/12865612686,"https://www.google.com/maps/search/?api=1&query=43.5790714,-79.7335153"
Dentistry on Brant,amenity:dentist,,,,,,43.332131,-79.806681,node,7859131262,https://www.openstreetmap.org/node/7859131262,"https://www.google.com/maps/search/?api=1&query=43.3321307,-79.8066807"
Dentistry on Derry,amenity:dentist,+1-905-821-0322,,,,,43.610800,-79.750113,node,1336807078,https://www.openstreetmap.org/node/1336807078,"https://www.google.com/maps/search/?api=1&query=43.6108001,-79.7501129"
Dentistry on Dusk,amenity:dentist,+1-905-453-7777,,,,,43.655985,-79.767794,node,5301032411,https://www.openstreetmap.org/node/5301032411,"https://www.google.com/maps/search/?api=1&query=43.6559848,-79.7677937"
Dentistry on Queen,amenity:dentist,+1-905-813-7860,37,Queen Street South,,,43.586501,-79.719731,node,4618737960,https://www.openstreetmap.org/node/4618737960,"https://www.google.com/maps/search/?api=1&query=43.5865013,-79.7197312"
Derry Family Dental,amenity:dentist,+1-905-670-1818,,,,,43.640055,-79.711925,node,10078628787,https://www.openstreetmap.org/node/10078628787,"https://www.google.com/maps/search/?api=1&query=43.6400547,-79.7119254"
Derry-McLauglin Family Dental Care,amenity:dentist,+1-905-670-1600,,,,,43.636388,-79.719069,node,3959776417,https://www.openstreetmap.org/node/3959776417,"https://www.google.com/maps/search/?api=1&query=43.6363878,-79.7190694"
Diamond Smiles Dental,amenity:dentist,,,,,,43.675848,-79.821506,node,12692018239,https://www.openstreetmap.org/node/12692018239,"https://www.google.com/maps/search/?api=1&query=43.6758475,-79.8215065"
Diana Dental,amenity:dentist,+1-905-873-6485,273,Delrex Boulevard,Georgetown,L7G 4G4,43.642754,-79.893782,node,4775993550,https://www.openstreetmap.org/node/4775993550,"https://www.google.com/maps/search/?api=1&query=43.6427536,-79.893782"
"Doctor Brian Hurd, Orthodontist",amenity:dentist,,3401,Fairview Street,Burlington,L7N 2R4,43.356000,-79.783818,node,3382779670,https://www.openstreetmap.org/node/3382779670,"https://www.google.com/maps/search/?api=1&query=43.356,-79.7838185"
Doctor Surya,amenity:dentist,,,,,,43.356150,-79.784063,node,3382779671,https://www.openstreetmap.org/node/3382779671,"https://www.google.com/maps/search/?api=1&query=43.3561501,-79.7840626"
Dr. Allen Leko,amenity:dentist,+1-905-542-8537,,,,,43.582008,-79.715792,node,3459661430,https://www.openstreetmap.org/node/3459661430,"https://www.google.com/maps/search/?api=1&query=43.582008,-79.7157918"
Dr. Dogra & Associates,amenity:dentist,+1-905-497-3300,,,,,43.663668,-79.732179,node,13093244501,https://www.openstreetmap.org/node/13093244501,"https://www.google.com/maps/search/?api=1&query=43.6636676,-79.7321789"
Dr. Illango & Associates,amenity:dentist,,,,,,43.663458,-79.731066,node,13093246275,https://www.openstreetmap.org/node/13093246275,"https://www.google.com/maps/search/?api=1&query=43.6634583,-79.7310657"
Dr. K Kim,amenity:dentist,+1-905-816-9210,,,,,43.586344,-79.741044,node,4017888650,https://www.openstreetmap.org/node/4017888650,"https://www.google.com/maps/search/?api=1&query=43.586344,-79.741044"
Dr. Loch & Associates,amenity:dentist,+1-905-828-1010,,,,,43.558181,-79.716340,node,3943963861,https://www.openstreetmap.org/node/3943963861,"https://www.google.com/maps/search/?api=1&query=43.5581813,-79.7163396"
Dr. Mandeep K. Mander,amenity:dentist,,,,,,43.672948,-79.820942,node,2486831767,https://www.openstreetmap.org/node/2486831767,"https://www.google.com/maps/search/?api=1&query=43.6729483,-79.8209416"
Dr. Marrella & Associates Dental,amenity:dentist,,,,,,43.665047,-79.736682,node,6566646155,https://www.openstreetmap.org/node/6566646155,"https://www.google.com/maps/search/?api=1&query=43.6650466,-79.7366815"
Dr. Naveen Maini,amenity:dentist,+1-905-878-2491,351,Main Street East,Milton,,43.516326,-79.879940,node,2206877111,https://www.openstreetmap.org/node/2206877111,"https://www.google.com/maps/search/?api=1&query=43.5163262,-79.8799401"
Dr. S. Dhillon,amenity:dentist,+1-905-874-8664,,,,,43.642969,-79.746719,node,4006780645,https://www.openstreetmap.org/node/4006780645,"https://www.google.com/maps/search/?api=1&query=43.6429687,-79.7467187"
Dr. Young Pak & Associates,amenity:dentist,+1 9054560827,284,Queen Street East,,,43.699527,-79.745904,node,12810720498,https://www.openstreetmap.org/node/12810720498,"https://www.google.com/maps/search/?api=1&query=43.6995266,-79.7459037"
Dr. Yu Dentist,amenity:dentist,,,,,,43.666518,-79.740519,node,6566641284,https://www.openstreetmap.org/node/6566641284,"https://www.google.com/maps/search/?api=1&query=43.666518,-79.7405192"
Erin Mills Smiles Dentistry,amenity:dentist,,5100,Erin Mills Parkway,,,43.558822,-79.711579,node,6556429859,https://www.openstreetmap.org/node/6556429859,"https://www.google.com/maps/search/?api=1&query=43.5588217,-79.7115788"
Family Dental Office,amenity:dentist,,2980,Crosscurrent Drive,,,43.594819,-79.779185,node,12740110428,https://www.openstreetmap.org/node/12740110428,"https://www.google.com/maps/search/?api=1&query=43.5948192,-79.7791846"
Firehall Dentist,amenity:dentist,,,,,,43.332709,-79.892299,node,2282221075,https://www.openstreetmap.org/node/2282221075,"https://www.google.com/maps/search/?api=1&query=43.332709,-79.8922995"
Fletcher's Meadow Dental Care,amenity:dentist,,,,,,43.681635,-79.815637,node,6546847848,https://www.openstreetmap.org/node/6546847848,"https://www.google.com/maps/search/?api=1&query=43.6816347,-79.8156369"
Glow Brittle Dental Hygiene & Skincare,amenity:dentist,,5920,Turney Drive,,,43.580331,-79.727285,node,12865611167,https://www.openstreetmap.org/node/12865611167,"https://www.google.com/maps/search/?api=1&query=43.5803311,-79.7272847"
Grand Oak's Orthodontics,amenity:dentist,,,,,,43.483393,-79.721240,node,8975636925,https://www.openstreetmap.org/node/8975636925,"https://www.google.com/maps/search/?api=1&query=43.4833934,-79.72124"
Great Lakes Dental Care,amenity:dentist,,,,,,43.429091,-79.765077,node,6969676485,https://www.openstreetmap.org/node/6969676485,"https://www.google.com/maps/search/?api=1&query=43.429091,-79.7650774"
Guelph Line Dental,amenity:dentist,,,,,,43.359806,-79.815515,node,10967632373,https://www.openstreetmap.org/node/10967632373,"https://www.google.com/maps/search/?api=1&query=43.3598059,-79.8155147"
Hazelton Dental,amenity:dentist,,,,,,43.551942,-79.720701,node,12869519645,https://www.openstreetmap.org/node/12869519645,"https://www.google.com/maps/search/?api=1&query=43.5519417,-79.7207009"
Hillsview Dental Care,amenity:dentist,,,,,,43.495925,-79.872153,node,10934458450,https://www.openstreetmap.org/node/10934458450,"https://www.google.com/maps/search/?api=1&query=43.4959251,-79.8721533"
Hopedale Dental,amenity:dentist,,,,,,43.412807,-79.706083,node,6647448510,https://www.openstreetmap.org/node/6647448510,"https://www.google.com/maps/search/?api=1&query=43.4128069,-79.7060829"
Howden Dental Care,amenity:dentist,,,,,,43.717838,-79.742647,node,6547928866,https://www.openstreetmap.org/node/6547928866,"https://www.google.com/maps/search/?api=1&query=43.7178385,-79.7426474"
Hune Kaye Dental Group,amenity:dentist,,,,,,43.426576,-79.726825,node,13391197253,https://www.openstreetmap.org/node/13391197253,"https://www.google.com/maps/search/?api=1&query=43.4265758,-79.7268248"
iSmile,amenity:dentist,,,,,,43.669516,-79.738911,node,12474003959,https://www.openstreetmap.org/node/12474003959,"https://www.google.com/maps/search/?api=1&query=43.6695159,-79.7389113"
Jakub Dental,amenity:dentist,+1-905-567-8005,,,,,43.597206,-79.759711,node,4013854372,https://www.openstreetmap.org/node/4013854372,"https://www.google.com/maps/search/?api=1&query=43.5972061,-79.7597115"
Kler Dental Centre,amenity:dentist,,,,,,43.487580,-79.718621,node,1912286056,https://www.openstreetmap.org/node/1912286056,"https://www.google.com/maps/search/?api=1&query=43.48758,-79.718621"
Lakeridge Dental,amenity:dentist,,,,,,43.713869,-79.746794,node,6547925935,https://www.openstreetmap.org/node/6547925935,"https://www.google.com/maps/search/?api=1&query=43.713869,-79.7467941"
Lighthouse Dental Care,amenity:dentist,,,,,,43.343625,-79.793344,node,1969265114,https://www.openstreetmap.org/node/1969265114,"https://www.google.com/maps/search/?api=1&query=43.3436252,-79.793344"
Maple Dental Care,amenity:dentist,+1-905-636-1000,1003,Maple Avenue,Milton,,43.535366,-79.875899,node,2193602411,https://www.openstreetmap.org/node/2193602411,"https://www.google.com/maps/search/?api=1&query=43.5353656,-79.8758993"
Maple Mews Dental Office,amenity:dentist,,,,,,43.330947,-79.819877,node,7858996624,https://www.openstreetmap.org/node/7858996624,"https://www.google.com/maps/search/?api=1&query=43.3309471,-79.8198772"
Mapleview Dental Centre,amenity:dentist,,,,,,43.326739,-79.820406,node,6632463421,https://www.openstreetmap.org/node/6632463421,"https://www.google.com/maps/search/?api=1&query=43.3267389,-79.8204058"
Marketplace Dental Centre,amenity:dentist,,280,Guelph Street,,,43.648426,-79.899604,node,6533004822,https://www.openstreetmap.org/node/6533004822,"https://www.google.com/maps/search/?api=1&query=43.6484259,-79.8996039"
Martindale Dental,amenity:dentist,,,,,,43.348956,-79.792706,node,6629375201,https://www.openstreetmap.org/node/6629375201,"https://www.google.com/maps/search/?api=1&query=43.3489555,-79.792706"
Meadowvale Family Dentistry Dr. M. Patel,amenity:dentist,+1 9058210011,6855,Meadowvale Town Centre Circle,,,43.584075,-79.758471,node,12869527223,https://www.openstreetmap.org/node/12869527223,"https://www.google.com/maps/search/?api=1&query=43.584075,-79.7584713"
Miller Dental,amenity:dentist,,,,,,43.630777,-79.900249,node,7129265642,https://www.openstreetmap.org/node/7129265642,"https://www.google.com/maps/search/?api=1&query=43.6307774,-79.9002491"
Milltown Dental,amenity:dentist,,,,,,43.527059,-79.867306,node,725881747,https://www.openstreetmap.org/node/725881747,"https://www.google.com/maps/search/?api=1&query=43.5270593,-79.8673057"
Milton Family Dental,amenity:dentist,,,,,,43.543218,-79.869013,node,1738484566,https://www.openstreetmap.org/node/1738484566,"https://www.google.com/maps/search/?api=1&query=43.5432177,-79.8690135"
Milton Family Dentisrty,amenity:dentist,,,,,,43.507702,-79.861247,node,2199778684,https://www.openstreetmap.org/node/2199778684,"https://www.google.com/maps/search/?api=1&query=43.5077017,-79.861247"
Mississauga West Dentist,amenity:dentist,,,,,,43.543624,-79.724948,node,1517018941,https://www.openstreetmap.org/node/1517018941,"https://www.google.com/maps/search/?api=1&query=43.5436243,-79.724948"
Nabeta Dentistry,amenity:dentist,,,,,,43.346411,-79.816741,node,2826709960,https://www.openstreetmap.org/node/2826709960,"https://www.google.com/maps/search/?api=1&query=43.3464111,-79.8167414"
Northlake Dentistry,amenity:dentist,+1 905-846-7776,,,,,43.720478,-79.782203,node,10783447339,https://www.openstreetmap.org/node/10783447339,"https://www.google.com/maps/search/?api=1&query=43.7204777,-79.7822026"
Ortho Zone,amenity:dentist,,,,,,43.562360,-79.702256,node,12654041337,https://www.openstreetmap.org/node/12654041337,"https://www.google.com/maps/search/?api=1&query=43.56236,-79.702256"
Orthodontist,amenity:dentist,,,,,,43.707299,-79.785980,node,2753033264,https://www.openstreetmap.org/node/2753033264,"https://www.google.com/maps/search/?api=1&query=43.7072992,-79.7859805"
Orthodontist,amenity:dentist,,,,,,43.730354,-79.765066,node,12897591881,https://www.openstreetmap.org/node/12897591881,"https://www.google.com/maps/search/?api=1&query=43.7303536,-79.7650656"
Parkview Oral & Maxillofacial Surgery,amenity:dentist,,,,,,43.663488,-79.731013,node,13093246276,https://www.openstreetmap.org/node/13093246276,"https://www.google.com/maps/search/?api=1&query=43.6634882,-79.7310126"
Pearl Dental,amenity:dentist,,,,,,43.340874,-79.783099,node,3607373364,https://www.openstreetmap.org/node/3607373364,"https://www.google.com/maps/search/?api=1&query=43.3408735,-79.7830988"
Providence Dental Center,amenity:dentist,,,,,,43.694697,-79.749167,node,9008339760,https://www.openstreetmap.org/node/9008339760,"https://www.google.com/maps/search/?api=1&query=43.6946969,-79.7491674"
RayLawSon Dentistry,amenity:dentist,,,,,,43.657790,-79.723737,node,13093244859,https://www.openstreetmap.org/node/13093244859,"https://www.google.com/maps/search/?api=1&query=43.6577901,-79.7237368"
Ritebite Orthodontics,amenity:dentist,,,,,,43.667824,-79.734066,node,12691968254,https://www.openstreetmap.org/node/12691968254,"https://www.google.com/maps/search/?api=1&query=43.6678239,-79.7340662"
Safari Children's Dentistry,amenity:dentist,,,,,,43.380167,-79.805942,node,4084087673,https://www.openstreetmap.org/node/4084087673,"https://www.google.com/maps/search/?api=1&query=43.3801667,-79.8059424"
Safari Children's Dentistry,amenity:dentist,,480,Bronte Street South,,,43.498673,-79.875989,node,7962624700,https://www.openstreetmap.org/node/7962624700,"https://www.google.com/maps/search/?api=1&query=43.4986733,-79.875989"
Sahar Dentistry,amenity:dentist,,6005,Erin Mills Parkway,,,43.579176,-79.733702,node,12865612689,https://www.openstreetmap.org/node/12865612689,"https://www.google.com/maps/search/?api=1&query=43.5791758,-79.7337017"
Sandalwood Dental,amenity:dentist,+1-905-846-8810,,,,,43.710065,-79.810679,node,2498602790,https://www.openstreetmap.org/node/2498602790,"https://www.google.com/maps/search/?api=1&query=43.7100649,-79.8106791"
Smile Centre Dental,amenity:dentist,,3047,Appleby Line,Burlington,L7M 0V7,43.408538,-79.809504,node,11244860647,https://www.openstreetmap.org/node/11244860647,"https://www.google.com/maps/search/?api=1&query=43.4085379,-79.8095037"
Smile House Dental Clinic,amenity:dentist,,,,,,43.686943,-79.806392,node,6546837479,https://www.openstreetmap.org/node/6546837479,"https://www.google.com/maps/search/?api=1&query=43.6869426,-79.806392"
Smile Matters Dentistry,amenity:dentist,,,,,,43.702599,-79.786760,node,6546873284,https://www.openstreetmap.org/node/6546873284,"https://www.google.com/maps/search/?api=1&query=43.7025987,-79.7867596"
SmileWorks Orthodontics,amenity:dentist,,,,,,43.680049,-79.718464,node,9777700661,https://www.openstreetmap.org/node/9777700661,"https://www.google.com/maps/search/?api=1&query=43.6800494,-79.7184644"
Smilez Dentistry on Queen,amenity:dentist,,,,,,43.698351,-79.745904,node,9008392536,https://www.openstreetmap.org/node/9008392536,"https://www.google.com/maps/search/?api=1&query=43.6983513,-79.7459043"
South Brampton Dental,amenity:dentist,,,,,,43.666746,-79.740309,node,6566641282,https://www.openstreetmap.org/node/6566641282,"https://www.google.com/maps/search/?api=1&query=43.6667459,-79.7403086"
South Oak Dental,amenity:dentist,,125,Bronte Road,Oakville,,43.394544,-79.712768,node,13356378530,https://www.openstreetmap.org/node/13356378530,"https://www.google.com/maps/search/?api=1&query=43.3945438,-79.7127682"
Southview Dental,amenity:dentist,,,,,,43.516078,-79.879631,node,10934590809,https://www.openstreetmap.org/node/10934590809,"https://www.google.com/maps/search/?api=1&query=43.516078,-79.8796312"
Sterling Dental,amenity:dentist,,,,,,43.703517,-79.785097,node,6546952096,https://www.openstreetmap.org/node/6546952096,"https://www.google.com/maps/search/?api=1&query=43.7035168,-79.7850966"
Stillwaters Dental Group,amenity:dentist,,,,,,43.648631,-79.879960,node,6535774114,https://www.openstreetmap.org/node/6535774114,"https://www.google.com/maps/search/?api=1&query=43.6486306,-79.8799603"
Sun Valley Dental Centre,amenity:dentist,,,,,,43.449467,-79.760092,node,3556588957,https://www.openstreetmap.org/node/3556588957,"https://www.google.com/maps/search/?api=1&query=43.4494674,-79.7600918"
Taj Naqvi Fahimay Dentistry,amenity:dentist,,,Maple Avenue,Milton,,43.539142,-79.866659,node,5921580528,https://www.openstreetmap.org/node/5921580528,"https://www.google.com/maps/search/?api=1&query=43.5391423,-79.8666595"
Tanglewood Dental Office,amenity:dentist,+1-905-847-9992,,,,,43.442651,-79.767653,node,3556589514,https://www.openstreetmap.org/node/3556589514,"https://www.google.com/maps/search/?api=1&query=43.4426508,-79.7676534"
Tooth Aura,amenity:dentist,,,,,,43.659000,-79.749640,node,13022166052,https://www.openstreetmap.org/node/13022166052,"https://www.google.com/maps/search/?api=1&query=43.6590002,-79.7496397"
Towne Dental Group,amenity:dentist,,,,,,43.518028,-79.875177,node,6628676231,https://www.openstreetmap.org/node/6628676231,"https://www.google.com/maps/search/?api=1&query=43.5180278,-79.8751766"
Trafalgar Dental Oakville,amenity:dentist,,2335,Trafalgar Road,Oakville,L6H 6N9,43.483455,-79.712711,node,11001648557,https://www.openstreetmap.org/node/11001648557,"https://www.google.com/maps/search/?api=1&query=43.4834547,-79.7127106"
Tridont Dental Centre,amenity:dentist,,,,,,43.666636,-79.740436,node,6566641283,https://www.openstreetmap.org/node/6566641283,"https://www.google.com/maps/search/?api=1&query=43.6666358,-79.7404361"
Upper Middle Dental,amenity:dentist,,,,,,43.377999,-79.805824,node,4089317893,https://www.openstreetmap.org/node/4089317893,"https://www.google.com/maps/search/?api=1&query=43.3779994,-79.8058238"
Uptown Orthodontics,amenity:dentist,,,,,,43.484998,-79.714090,node,3412091336,https://www.openstreetmap.org/node/3412091336,"https://www.google.com/maps/search/?api=1&query=43.4849978,-79.7140901"
Westbram Dental,amenity:dentist,,,,,,43.675708,-79.772328,node,12810715362,https://www.openstreetmap.org/node/12810715362,"https://www.google.com/maps/search/?api=1&query=43.675708,-79.772328"
Young Dentistry,amenity:dentist,,,,,,43.648699,-79.890123,node,6535774119,https://www.openstreetmap.org/node/6535774119,"https://www.google.com/maps/search/?api=1&query=43.6486985,-79.8901226"
AIM Health Group,amenity:doctors,+1-905-796-2270,,,,,43.695513,-79.748254,node,887628019,https://www.openstreetmap.org/node/887628019,"https://www.google.com/maps/search/?api=1&query=43.6955126,-79.748254"
Aldershot Foot Clinic,amenity:doctors,,,,,,43.304884,-79.854754,node,9705812193,https://www.openstreetmap.org/node/9705812193,"https://www.google.com/maps/search/?api=1&query=43.3048837,-79.8547542"
Aldershot Village Medical,amenity:doctors,,,,,,43.306392,-79.852705,node,3658066133,https://www.openstreetmap.org/node/3658066133,"https://www.google.com/maps/search/?api=1&query=43.3063917,-79.852705"
Alpha 7 Therapy Clinic,amenity:doctors,,,,,,43.666820,-79.739840,node,6566641272,https://www.openstreetmap.org/node/6566641272,"https://www.google.com/maps/search/?api=1&query=43.6668201,-79.7398397"
ARC Medical Centre,amenity:doctors,,,,,,43.558128,-79.706303,node,10695734578,https://www.openstreetmap.org/node/10695734578,"https://www.google.com/maps/search/?api=1&query=43.5581278,-79.7063032"
Boviard Pediatric Clinic,amenity:doctors,,,,,,43.686745,-79.806916,node,6546837483,https://www.openstreetmap.org/node/6546837483,"https://www.google.com/maps/search/?api=1&query=43.6867447,-79.8069164"
Bramalea Healthcare,amenity:doctors,,,,,,43.722521,-79.717536,node,921760820,https://www.openstreetmap.org/node/921760820,"https://www.google.com/maps/search/?api=1&query=43.7225209,-79.7175358"
Bramgate Medical Clinic,amenity:doctors,,,,,,43.663706,-79.732249,node,13093170400,https://www.openstreetmap.org/node/13093170400,"https://www.google.com/maps/search/?api=1&query=43.6637063,-79.7322493"
Brampton Endoscopy,amenity:doctors,,,,,,43.724118,-79.814309,node,1918832243,https://www.openstreetmap.org/node/1918832243,"https://www.google.com/maps/search/?api=1&query=43.7241176,-79.8143094"
Brisdale Medical,amenity:doctors,,,,,,43.683830,-79.811853,node,6546847872,https://www.openstreetmap.org/node/6546847872,"https://www.google.com/maps/search/?api=1&query=43.6838299,-79.8118531"
Britannia Health,amenity:doctors,,,,,,43.583259,-79.729323,node,12865645005,https://www.openstreetmap.org/node/12865645005,"https://www.google.com/maps/search/?api=1&query=43.5832586,-79.7293231"
Burlington Sleep Medicine Centre,amenity:doctors,,,,,,43.334344,-79.809990,node,1969287958,https://www.openstreetmap.org/node/1969287958,"https://www.google.com/maps/search/?api=1&query=43.3343444,-79.8099898"
Churchill Family Medical Centre,amenity:doctors,,6750,Winston Churchill Boulevard,,,43.582884,-79.765030,node,3440058310,https://www.openstreetmap.org/node/3440058310,"https://www.google.com/maps/search/?api=1&query=43.582884,-79.7650301"
Conestoga Medical Centre,amenity:doctors,,,,,,43.714584,-79.780546,node,6547160030,https://www.openstreetmap.org/node/6547160030,"https://www.google.com/maps/search/?api=1&query=43.7145838,-79.7805463"
Cornerstone Medical Centre,amenity:doctors,,,,,,43.665068,-79.781719,node,12810707511,https://www.openstreetmap.org/node/12810707511,"https://www.google.com/maps/search/?api=1&query=43.6650677,-79.7817191"
Dr Phillip Lai Otolaryngology Head and Neck Surgery,amenity:doctors,,,,,,43.442478,-79.767857,node,3556588963,https://www.openstreetmap.org/node/3556588963,"https://www.google.com/maps/search/?api=1&query=43.4424776,-79.7678567"
"Dr. A.S Dhaliwal, MD",amenity:doctors,+1-905-796-1444,,,,,43.643033,-79.746660,node,4006780643,https://www.openstreetmap.org/node/4006780643,"https://www.google.com/maps/search/?api=1&query=43.6430328,-79.7466596"
DR. PPS Sandhu: Family Practice,amenity:doctors,,,,,,43.681205,-79.803896,node,3303286935,https://www.openstreetmap.org/node/3303286935,"https://www.google.com/maps/search/?api=1&query=43.6812054,-79.8038958"
"Dr. R Uppal, MD",amenity:doctors,+1-905-452-0026,,,,,43.642900,-79.746761,node,4006780644,https://www.openstreetmap.org/node/4006780644,"https://www.google.com/maps/search/?api=1&query=43.6428998,-79.7467614"
Dr. Thomas Cheung,amenity:doctors,+1-905-567-5991,,,,,43.565262,-79.730157,node,3999964429,https://www.openstreetmap.org/node/3999964429,"https://www.google.com/maps/search/?api=1&query=43.5652618,-79.7301572"
Dr. Tony Chan & Dr. Ashima Sawhney,amenity:doctors,,90,Main Street East,Milton,,43.510327,-79.885966,node,2216850764,https://www.openstreetmap.org/node/2216850764,"https://www.google.com/maps/search/?api=1&query=43.5103269,-79.8859665"
Dr. Turliuk,amenity:doctors,,4052,New Street,Burlington,,43.353195,-79.768671,node,3609664321,https://www.openstreetmap.org/node/3609664321,"https://www.google.com/maps/search/?api=1&query=43.3531946,-79.7686709"
Foot Clinic,amenity:doctors,,,,,,43.687080,-79.806979,node,6546870690,https://www.openstreetmap.org/node/6546870690,"https://www.google.com/maps/search/?api=1&query=43.6870803,-79.8069794"
Glen Derry Walk-In & Family Practice,amenity:doctors,,,,,,43.592838,-79.764384,node,3415004623,https://www.openstreetmap.org/node/3415004623,"https://www.google.com/maps/search/?api=1&query=43.592838,-79.7643844"
Glenashton Medical Dental Centre,amenity:doctors,,,,,,43.480851,-79.709566,node,13387340755,https://www.openstreetmap.org/node/13387340755,"https://www.google.com/maps/search/?api=1&query=43.480851,-79.7095665"
Health @ 280,amenity:doctors,,280,Guelph Street,,,43.647970,-79.898868,node,6533178846,https://www.openstreetmap.org/node/6533178846,"https://www.google.com/maps/search/?api=1&query=43.6479698,-79.8988677"
Health Plex Medical Centre,amenity:doctors,,,,,,43.707330,-79.733032,node,2215445578,https://www.openstreetmap.org/node/2215445578,"https://www.google.com/maps/search/?api=1&query=43.7073301,-79.7330323"
Health Sense Medical,amenity:doctors,,,,,,43.428942,-79.765317,node,4403646424,https://www.openstreetmap.org/node/4403646424,"https://www.google.com/maps/search/?api=1&query=43.4289415,-79.7653174"
Healthpoint Medicine Walk-In Clinic,amenity:doctors,,,,,,43.723934,-79.717422,node,11406327613,https://www.openstreetmap.org/node/11406327613,"https://www.google.com/maps/search/?api=1&query=43.7239335,-79.7174215"
Howden Medical Clinic,amenity:doctors,,,,,,43.718101,-79.743014,node,6547928859,https://www.openstreetmap.org/node/6547928859,"https://www.google.com/maps/search/?api=1&query=43.7181012,-79.7430135"
Intrepid Health,amenity:doctors,,6005,Erin Mills Parkway,,,43.579211,-79.733755,node,12865612690,https://www.openstreetmap.org/node/12865612690,"https://www.google.com/maps/search/?api=1&query=43.5792114,-79.7337551"
Iroquois Ridge Medical Clinic,amenity:doctors,,,,,,43.487326,-79.716394,node,4457363011,https://www.openstreetmap.org/node/4457363011,"https://www.google.com/maps/search/?api=1&query=43.4873264,-79.7163939"
James Potter Road Medical Centre,amenity:doctors,,,,,,43.674941,-79.805994,node,4004214046,https://www.openstreetmap.org/node/4004214046,"https://www.google.com/maps/search/?api=1&query=43.6749413,-79.8059944"
K.M. Medical Centre,amenity:doctors,,,,,,43.687819,-79.804858,node,6546837465,https://www.openstreetmap.org/node/6546837465,"https://www.google.com/maps/search/?api=1&query=43.6878192,-79.8048578"
Lakeridge Medical,amenity:doctors,,,,,,43.713822,-79.747105,node,6547925931,https://www.openstreetmap.org/node/6547925931,"https://www.google.com/maps/search/?api=1&query=43.7138218,-79.7471052"
Lakeside Clinic,amenity:doctors,,,,,,43.368434,-79.731931,node,419372342,https://www.openstreetmap.org/node/419372342,"https://www.google.com/maps/search/?api=1&query=43.3684345,-79.731931"
Lifestyle Health Services,amenity:doctors,,280,Guelph Street,,,43.648285,-79.897912,node,6533199661,https://www.openstreetmap.org/node/6533199661,"https://www.google.com/maps/search/?api=1&query=43.6482848,-79.897912"
Meadowvale Professional Centre Family Practice & Walk-In Clinic,amenity:doctors,,,,,,43.583959,-79.758213,node,11737835052,https://www.openstreetmap.org/node/11737835052,"https://www.google.com/maps/search/?api=1&query=43.5839587,-79.7582135"
Medical Centre,amenity:doctors,,,,,,43.694649,-79.750105,node,9008377050,https://www.openstreetmap.org/node/9008377050,"https://www.google.com/maps/search/?api=1&query=43.6946495,-79.7501046"
Mi Clinic & Pharmacy,amenity:doctors,,5055,Eglinton Avenue West,,,43.552787,-79.715627,node,12959993205,https://www.openstreetmap.org/node/12959993205,"https://www.google.com/maps/search/?api=1&query=43.552787,-79.7156274"
Milton Medical,amenity:doctors,,,,,,43.510359,-79.886461,node,724840967,https://www.openstreetmap.org/node/724840967,"https://www.google.com/maps/search/?api=1&query=43.5103589,-79.8864615"
myClinic,amenity:doctors,,,,,,43.659125,-79.727256,node,13093255116,https://www.openstreetmap.org/node/13093255116,"https://www.google.com/maps/search/?api=1&query=43.6591249,-79.7272565"
Oval Medical Centre,amenity:doctors,,,,,,43.658408,-79.721917,node,9777784400,https://www.openstreetmap.org/node/9777784400,"https://www.google.com/maps/search/?api=1&query=43.6584077,-79.7219171"
Parkside Medical Clinic,amenity:doctors,,,,,,43.334984,-79.903460,node,2801015836,https://www.openstreetmap.org/node/2801015836,"https://www.google.com/maps/search/?api=1&query=43.3349836,-79.9034603"
Peel Family Medical Centre,amenity:doctors,,,,,,43.692331,-79.752861,node,9008352108,https://www.openstreetmap.org/node/9008352108,"https://www.google.com/maps/search/?api=1&query=43.6923313,-79.7528614"
Pharmacy Medical Centre,amenity:doctors,,2980,Crosscurrent Drive,,,43.594711,-79.779112,node,12740110434,https://www.openstreetmap.org/node/12740110434,"https://www.google.com/maps/search/?api=1&query=43.5947106,-79.7791116"
Plains Medical Centre,amenity:doctors,,,,,,43.303383,-79.857742,node,1356846125,https://www.openstreetmap.org/node/1356846125,"https://www.google.com/maps/search/?api=1&query=43.3033828,-79.8577417"
Seva Medical Centre,amenity:doctors,,,,,,43.658701,-79.817952,node,12692043561,https://www.openstreetmap.org/node/12692043561,"https://www.google.com/maps/search/?api=1&query=43.6587012,-79.8179517"
Spring Valley Medical Centre,amenity:doctors,,,,,,43.672777,-79.821251,node,2486831777,https://www.openstreetmap.org/node/2486831777,"https://www.google.com/maps/search/?api=1&query=43.672777,-79.8212508"
The Clinic at Walmart,amenity:doctors,,,,,,43.680079,-79.720606,node,9777691524,https://www.openstreetmap.org/node/9777691524,"https://www.google.com/maps/search/?api=1&query=43.6800789,-79.7206064"
The Doctor's Office,amenity:doctors,,,,,,43.715122,-79.721434,node,6659686716,https://www.openstreetmap.org/node/6659686716,"https://www.google.com/maps/search/?api=1&query=43.7151215,-79.7214339"
Walk-In Clinic,amenity:doctors,+1-905-607-2600,5100,Erin Mills Parkway,,,43.558067,-79.711381,node,6557896312,https://www.openstreetmap.org/node/6557896312,"https://www.google.com/maps/search/?api=1&query=43.5580675,-79.7113808"
Walk-In Clinic,amenity:doctors,,,,,,43.336208,-79.813922,node,9794799797,https://www.openstreetmap.org/node/9794799797,"https://www.google.com/maps/search/?api=1&query=43.3362082,-79.8139221"
Walk-In Clinic,amenity:doctors,,,,,,43.675605,-79.772331,node,12810715360,https://www.openstreetmap.org/node/12810715360,"https://www.google.com/maps/search/?api=1&query=43.6756049,-79.7723313"
Walk-In Clinic,amenity:doctors,,,,,,43.659047,-79.727322,node,13093255118,https://www.openstreetmap.org/node/13093255118,"https://www.google.com/maps/search/?api=1&query=43.6590475,-79.727322"
Walk-In Clinic & Pediatrician,amenity:doctors,,,,,,43.675118,-79.722766,node,9777743819,https://www.openstreetmap.org/node/9777743819,"https://www.google.com/maps/search/?api=1&query=43.6751181,-79.7227657"
Tiger Taekwondo,amenity:dojo,,,,,,43.681591,-79.815569,node,6546847847,https://www.openstreetmap.org/node/6546847847,"https://www.google.com/maps/search/?api=1&query=43.6815906,-79.8155686"
241 Pizza,amenity:fast_food,,,,,,43.508291,-79.863418,node,2195678696,https://www.openstreetmap.org/node/2195678696,"https://www.google.com/maps/search/?api=1&query=43.5082906,-79.8634182"
241 Pizza,amenity:fast_food,,,,,,43.335323,-79.903998,node,2801015893,https://www.openstreetmap.org/node/2801015893,"https://www.google.com/maps/search/?api=1&query=43.3353231,-79.9039979"
241 Pizza,amenity:fast_food,,2980,Crosscurrent Drive,,,43.594857,-79.779214,node,12740110432,https://www.openstreetmap.org/node/12740110432,"https://www.google.com/maps/search/?api=1&query=43.5948567,-79.7792145"
241 Pizza,amenity:fast_food,+1-416-241-0241,575,Ontario Street South,,L9T 2N2,43.507289,-79.861879,node,13520757102,https://www.openstreetmap.org/node/13520757102,"https://www.google.com/maps/search/?api=1&query=43.5072892,-79.8618794"
3 Bills,amenity:fast_food,,,,,,43.320462,-79.800077,node,278026194,https://www.openstreetmap.org/node/278026194,"https://www.google.com/maps/search/?api=1&query=43.320462,-79.800077"
6Ixty Wing,amenity:fast_food,,15,Sandalwood Trail,,,43.716444,-79.803774,node,13246539821,https://www.openstreetmap.org/node/13246539821,"https://www.google.com/maps/search/?api=1&query=43.7164438,-79.8037736"
786 Pizza & Wings,amenity:fast_food,,,,,,43.676458,-79.771703,node,7195548285,https://www.openstreetmap.org/node/7195548285,"https://www.google.com/maps/search/?api=1&query=43.6764584,-79.771703"
A&W,amenity:fast_food,,,,,,43.621986,-79.767841,node,1344433825,https://www.openstreetmap.org/node/1344433825,"https://www.google.com/maps/search/?api=1&query=43.6219857,-79.7678407"
A&W,amenity:fast_food,,,,,,43.522308,-79.894205,node,2196585454,https://www.openstreetmap.org/node/2196585454,"https://www.google.com/maps/search/?api=1&query=43.5223076,-79.8942046"
A&W,amenity:fast_food,,,,,,43.418726,-79.716729,node,2796729570,https://www.openstreetmap.org/node/2796729570,"https://www.google.com/maps/search/?api=1&query=43.4187256,-79.716729"
A&W,amenity:fast_food,,,,,,43.515712,-79.850762,node,3444992047,https://www.openstreetmap.org/node/3444992047,"https://www.google.com/maps/search/?api=1&query=43.5157115,-79.8507619"
A&W,amenity:fast_food,,,,,,43.630660,-79.875763,node,3812899488,https://www.openstreetmap.org/node/3812899488,"https://www.google.com/maps/search/?api=1&query=43.63066,-79.8757632"
A&W,amenity:fast_food,,,,,,43.714793,-79.721925,node,3849723157,https://www.openstreetmap.org/node/3849723157,"https://www.google.com/maps/search/?api=1&query=43.714793,-79.7219251"
A&W,amenity:fast_food,,,,,,43.680225,-79.844695,node,5309303916,https://www.openstreetmap.org/node/5309303916,"https://www.google.com/maps/search/?api=1&query=43.6802254,-79.8446953"
A&W,amenity:fast_food,,5100,Erin Mills Parkway,,,43.559343,-79.711725,node,6556405145,https://www.openstreetmap.org/node/6556405145,"https://www.google.com/maps/search/?api=1&query=43.559343,-79.7117252"
A&W,amenity:fast_food,,,,,,43.666277,-79.738101,node,6566848336,https://www.openstreetmap.org/node/6566848336,"https://www.google.com/maps/search/?api=1&query=43.6662773,-79.7381009"
A&W,amenity:fast_food,,,,,,43.348671,-79.795272,node,6629399724,https://www.openstreetmap.org/node/6629399724,"https://www.google.com/maps/search/?api=1&query=43.3486708,-79.7952718"
A&W,amenity:fast_food,,,,,,43.325889,-79.820593,node,6632464371,https://www.openstreetmap.org/node/6632464371,"https://www.google.com/maps/search/?api=1&query=43.3258891,-79.8205933"
A&W,amenity:fast_food,,,,,,43.576886,-79.829741,node,6655571876,https://www.openstreetmap.org/node/6655571876,"https://www.google.com/maps/search/?api=1&query=43.576886,-79.8297409"
A&W,amenity:fast_food,,,,,,43.679748,-79.718934,node,9777709433,https://www.openstreetmap.org/node/9777709433,"https://www.google.com/maps/search/?api=1&query=43.679748,-79.7189338"
A&W,amenity:fast_food,,,,,,43.703685,-79.741456,node,12810693289,https://www.openstreetmap.org/node/12810693289,"https://www.google.com/maps/search/?api=1&query=43.7036847,-79.7414564"
Ako Greek,amenity:fast_food,,,,,,43.518621,-79.874186,node,6628676252,https://www.openstreetmap.org/node/6628676252,"https://www.google.com/maps/search/?api=1&query=43.5186211,-79.8741857"
Albashawat Iraqi Grill,amenity:fast_food,,,,,,43.580757,-79.757631,node,3944582780,https://www.openstreetmap.org/node/3944582780,"https://www.google.com/maps/search/?api=1&query=43.5807569,-79.7576309"
Amaya,amenity:fast_food,,,,,,43.714695,-79.721830,node,5240401865,https://www.openstreetmap.org/node/5240401865,"https://www.google.com/maps/search/?api=1&query=43.7146949,-79.7218305"
Ananda Pizza,amenity:fast_food,+1-905-840-9696,,,,,43.710383,-79.815568,node,2498602805,https://www.openstreetmap.org/node/2498602805,"https://www.google.com/maps/search/?api=1&query=43.710383,-79.8155684"
Applestone Pizzeria,amenity:fast_food,,,,,,43.391601,-79.789063,node,7059152366,https://www.openstreetmap.org/node/7059152366,"https://www.google.com/maps/search/?api=1&query=43.3916012,-79.7890625"
Artisan Pizza,amenity:fast_food,+1-905-333-3555,2444,New Street,,,43.337792,-79.785511,node,3609911918,https://www.openstreetmap.org/node/3609911918,"https://www.google.com/maps/search/?api=1&query=43.3377923,-79.7855107"
Asian Garden,amenity:fast_food,+1-905-689-0034,,,,,43.335157,-79.903782,node,2801015833,https://www.openstreetmap.org/node/2801015833,"https://www.google.com/maps/search/?api=1&query=43.3351568,-79.9037822"
Azkadenya,amenity:fast_food,,,,,,43.580764,-79.735807,node,12908415287,https://www.openstreetmap.org/node/12908415287,"https://www.google.com/maps/search/?api=1&query=43.5807638,-79.7358071"
Babaz,amenity:fast_food,,,,,,43.371956,-79.794396,node,4055830332,https://www.openstreetmap.org/node/4055830332,"https://www.google.com/maps/search/?api=1&query=43.3719556,-79.7943961"
Baghlan Kabob,amenity:fast_food,,,,,,43.724945,-79.716093,node,6547874081,https://www.openstreetmap.org/node/6547874081,"https://www.google.com/maps/search/?api=1&query=43.7249451,-79.7160928"
BarBurrito,amenity:fast_food,,,,,,43.650262,-79.908802,node,10981542067,https://www.openstreetmap.org/node/10981542067,"https://www.google.com/maps/search/?api=1&query=43.6502621,-79.9088018"
BarBurrito,amenity:fast_food,,,,,,43.724189,-79.814402,node,12013442958,https://www.openstreetmap.org/node/12013442958,"https://www.google.com/maps/search/?api=1&query=43.7241887,-79.8144021"
BarBurrito,amenity:fast_food,,,,,,43.658352,-79.724098,node,12569426471,https://www.openstreetmap.org/node/12569426471,"https://www.google.com/maps/search/?api=1&query=43.6583517,-79.7240978"
BarBurrito,amenity:fast_food,,,,,,43.556492,-79.710163,node,13510634103,https://www.openstreetmap.org/node/13510634103,"https://www.google.com/maps/search/?api=1&query=43.5564921,-79.7101627"
Beavertails,amenity:fast_food,,,,,,43.581017,-79.712629,node,529523444,https://www.openstreetmap.org/node/529523444,"https://www.google.com/maps/search/?api=1&query=43.5810169,-79.7126286"
Benny's Curry & Roti,amenity:fast_food,+1-905-876-2559,468,Steeles Avenue East,Milton,,43.526569,-79.887604,node,2232090108,https://www.openstreetmap.org/node/2232090108,"https://www.google.com/maps/search/?api=1&query=43.5265692,-79.8876036"
Bibab Express,amenity:fast_food,,280,Guelph Street,,,43.648506,-79.899280,node,6533004827,https://www.openstreetmap.org/node/6533004827,"https://www.google.com/maps/search/?api=1&query=43.6485063,-79.89928"
Biryani Culture,amenity:fast_food,,3,Sidford Road,,,43.675773,-79.822658,node,3942783510,https://www.openstreetmap.org/node/3942783510,"https://www.google.com/maps/search/?api=1&query=43.6757732,-79.8226576"
Biryani King,amenity:fast_food,,,,,,43.702699,-79.786890,node,3644735634,https://www.openstreetmap.org/node/3644735634,"https://www.google.com/maps/search/?api=1&query=43.7026988,-79.7868903"
Boardwalk Burgers,amenity:fast_food,,,,,,43.543757,-79.868211,node,1738484579,https://www.openstreetmap.org/node/1738484579,"https://www.google.com/maps/search/?api=1&query=43.543757,-79.8682106"
Boba Green,amenity:fast_food,,,,,,43.413114,-79.705702,node,6647448511,https://www.openstreetmap.org/node/6647448511,"https://www.google.com/maps/search/?api=1&query=43.4131136,-79.7057023"
Bombay Bakers,amenity:fast_food,+1-905-787-7489,,,,,43.717652,-79.742673,node,6173710285,https://www.openstreetmap.org/node/6173710285,"https://www.google.com/maps/search/?api=1&query=43.7176518,-79.7426729"
Boon Burger,amenity:fast_food,,,,,,43.466386,-79.745186,node,5732980816,https://www.openstreetmap.org/node/5732980816,"https://www.google.com/maps/search/?api=1&query=43.4663857,-79.7451856"
Booster Juice,amenity:fast_food,,,,,,43.395742,-79.748910,node,1080021881,https://www.openstreetmap.org/node/1080021881,"https://www.google.com/maps/search/?api=1&query=43.3957423,-79.7489103"
Booster Juice,amenity:fast_food,,,,,,43.487526,-79.718505,node,1912286272,https://www.openstreetmap.org/node/1912286272,"https://www.google.com/maps/search/?api=1&query=43.487526,-79.718505"
Booster Juice,amenity:fast_food,,3160,Argentia Road,,,43.592957,-79.788067,node,3976482943,https://www.openstreetmap.org/node/3976482943,"https://www.google.com/maps/search/?api=1&query=43.592957,-79.7880673"
Booster Juice,amenity:fast_food,,,,,,43.658357,-79.816978,node,4002007084,https://www.openstreetmap.org/node/4002007084,"https://www.google.com/maps/search/?api=1&query=43.6583571,-79.8169782"
Booster Juice,amenity:fast_food,,,,,,43.589586,-79.742725,node,4016653681,https://www.openstreetmap.org/node/4016653681,"https://www.google.com/maps/search/?api=1&query=43.5895863,-79.7427247"
Booster Juice,amenity:fast_food,,,,,,43.317188,-79.910785,node,4360241381,https://www.openstreetmap.org/node/4360241381,"https://www.google.com/maps/search/?api=1&query=43.3171883,-79.9107854"
Booster Juice,amenity:fast_food,,,,,,43.466055,-79.744357,node,4868553928,https://www.openstreetmap.org/node/4868553928,"https://www.google.com/maps/search/?api=1&query=43.4660549,-79.7443574"
Booster Juice,amenity:fast_food,,,,,,43.715365,-79.723772,node,5323098539,https://www.openstreetmap.org/node/5323098539,"https://www.google.com/maps/search/?api=1&query=43.7153652,-79.7237722"
Booster Juice,amenity:fast_food,,1155,Maple Avenue,Milton,,43.538202,-79.871217,node,5921580553,https://www.openstreetmap.org/node/5921580553,"https://www.google.com/maps/search/?api=1&query=43.5382017,-79.8712173"
Booster Juice,amenity:fast_food,,,,,,43.391361,-79.823443,node,7060850392,https://www.openstreetmap.org/node/7060850392,"https://www.google.com/maps/search/?api=1&query=43.3913614,-79.8234429"
Booster Juice,amenity:fast_food,,,,,,43.656527,-79.739976,node,7195543537,https://www.openstreetmap.org/node/7195543537,"https://www.google.com/maps/search/?api=1&query=43.6565267,-79.7399764"
Booster Juice,amenity:fast_food,,,,,,43.657715,-79.723813,node,7195568455,https://www.openstreetmap.org/node/7195568455,"https://www.google.com/maps/search/?api=1&query=43.6577154,-79.7238128"
Booster Juice,amenity:fast_food,,,,,,43.706282,-79.785211,node,10679588360,https://www.openstreetmap.org/node/10679588360,"https://www.google.com/maps/search/?api=1&query=43.7062824,-79.7852113"
Booster Juice,amenity:fast_food,,,,,,43.650013,-79.905554,node,10981542090,https://www.openstreetmap.org/node/10981542090,"https://www.google.com/maps/search/?api=1&query=43.6500127,-79.9055543"
Booster Juice,amenity:fast_food,,,,,,43.580385,-79.759417,node,12731970191,https://www.openstreetmap.org/node/12731970191,"https://www.google.com/maps/search/?api=1&query=43.5803852,-79.7594167"
Bourbon St. Grill,amenity:fast_food,,,,,,43.714927,-79.721465,node,3849723158,https://www.openstreetmap.org/node/3849723158,"https://www.google.com/maps/search/?api=1&query=43.7149266,-79.7214651"
Bourbon St. Grill,amenity:fast_food,,5100,Erin Mills Parkway,,,43.558922,-79.711337,node,6556405162,https://www.openstreetmap.org/node/6556405162,"https://www.google.com/maps/search/?api=1&query=43.5589219,-79.7113374"
Bourbon St. Grill,amenity:fast_food,,,,,,43.666060,-79.738077,node,6566848342,https://www.openstreetmap.org/node/6566848342,"https://www.google.com/maps/search/?api=1&query=43.6660596,-79.7380772"
Bubble Tease,amenity:fast_food,,,,,,43.715238,-79.721658,node,6661106799,https://www.openstreetmap.org/node/6661106799,"https://www.google.com/maps/search/?api=1&query=43.7152381,-79.7216578"
Burger King,amenity:fast_food,,,,,,43.343057,-79.825490,node,1867488114,https://www.openstreetmap.org/node/1867488114,"https://www.google.com/maps/search/?api=1&query=43.3430569,-79.8254899"
Burger King,amenity:fast_food,,,,,,43.715346,-79.721410,node,3849723159,https://www.openstreetmap.org/node/3849723159,"https://www.google.com/maps/search/?api=1&query=43.7153461,-79.7214103"
Burger King,amenity:fast_food,,,,,,43.353642,-79.787621,node,3868398480,https://www.openstreetmap.org/node/3868398480,"https://www.google.com/maps/search/?api=1&query=43.3536415,-79.7876212"
Burger King,amenity:fast_food,,,,,,43.580803,-79.735741,node,11474838099,https://www.openstreetmap.org/node/11474838099,"https://www.google.com/maps/search/?api=1&query=43.5808026,-79.7357406"
Burlington Charcoal Pit,amenity:fast_food,,,,,,43.325215,-79.795096,node,7859183661,https://www.openstreetmap.org/node/7859183661,"https://www.google.com/maps/search/?api=1&query=43.3252148,-79.7950957"
Burrito Boyz,amenity:fast_food,,,,,,43.337991,-79.818048,node,2168895029,https://www.openstreetmap.org/node/2168895029,"https://www.google.com/maps/search/?api=1&query=43.3379911,-79.8180477"
Burrito Boyz,amenity:fast_food,,,,,,43.666060,-79.732419,node,3969700258,https://www.openstreetmap.org/node/3969700258,"https://www.google.com/maps/search/?api=1&query=43.6660604,-79.7324194"
Burrito Boyz,amenity:fast_food,,,,,,43.407390,-79.809930,node,4523358817,https://www.openstreetmap.org/node/4523358817,"https://www.google.com/maps/search/?api=1&query=43.4073897,-79.8099296"
Burrito Boyz,amenity:fast_food,,,,,,43.634833,-79.787727,node,7249184941,https://www.openstreetmap.org/node/7249184941,"https://www.google.com/maps/search/?api=1&query=43.634833,-79.7877266"
Burrito Boyz,amenity:fast_food,,,,,,43.694531,-79.751027,node,12810733881,https://www.openstreetmap.org/node/12810733881,"https://www.google.com/maps/search/?api=1&query=43.6945307,-79.7510274"
Burritoz,amenity:fast_food,,,,,,43.339338,-79.817720,node,2168903433,https://www.openstreetmap.org/node/2168903433,"https://www.google.com/maps/search/?api=1&query=43.3393383,-79.8177201"
California Sandwiches,amenity:fast_food,,,,,,43.356946,-79.783241,node,3801573984,https://www.openstreetmap.org/node/3801573984,"https://www.google.com/maps/search/?api=1&query=43.3569457,-79.783241"
California Thai,amenity:fast_food,,,,,,43.715270,-79.723816,node,2651030451,https://www.openstreetmap.org/node/2651030451,"https://www.google.com/maps/search/?api=1&query=43.7152696,-79.7238157"
Caribbean Heat,amenity:fast_food,,,,,,43.728124,-79.796628,node,1870177966,https://www.openstreetmap.org/node/1870177966,"https://www.google.com/maps/search/?api=1&query=43.7281243,-79.7966278"
Caz's Great Fish,amenity:fast_food,,,,,,43.447321,-79.703120,node,2462374143,https://www.openstreetmap.org/node/2462374143,"https://www.google.com/maps/search/?api=1&query=43.4473208,-79.7031201"
Charleys Philly Steaks,amenity:fast_food,,,,,,43.714982,-79.721405,node,3849723166,https://www.openstreetmap.org/node/3849723166,"https://www.google.com/maps/search/?api=1&query=43.7149818,-79.7214048"
Chef Grande,amenity:fast_food,,,,,,43.371551,-79.761629,node,7060674438,https://www.openstreetmap.org/node/7060674438,"https://www.google.com/maps/search/?api=1&query=43.3715509,-79.7616293"
Chef's Door,amenity:fast_food,,,,,,43.342635,-79.828642,node,7061727759,https://www.openstreetmap.org/node/7061727759,"https://www.google.com/maps/search/?api=1&query=43.3426349,-79.8286418"
Chennai Express,amenity:fast_food,,,,,,43.703653,-79.785177,node,6546952098,https://www.openstreetmap.org/node/6546952098,"https://www.google.com/maps/search/?api=1&query=43.7036526,-79.7851771"
Chessa,amenity:fast_food,,,,,,43.699314,-79.822274,node,2324930401,https://www.openstreetmap.org/node/2324930401,"https://www.google.com/maps/search/?api=1&query=43.6993135,-79.8222742"
China Wok,amenity:fast_food,,,,,,43.354420,-79.769061,node,3760804707,https://www.openstreetmap.org/node/3760804707,"https://www.google.com/maps/search/?api=1&query=43.3544196,-79.7690609"
Chipotle,amenity:fast_food,,,,,,43.581317,-79.736503,node,11474838098,https://www.openstreetmap.org/node/11474838098,"https://www.google.com/maps/search/?api=1&query=43.5813171,-79.7365034"
Chop Chop Wok,amenity:fast_food,,,,,,43.698672,-79.823012,node,2324930395,https://www.openstreetmap.org/node/2324930395,"https://www.google.com/maps/search/?api=1&query=43.6986716,-79.8230118"
Chorizo Fresh Mex,amenity:fast_food,,,,,,43.395648,-79.749036,node,1967735111,https://www.openstreetmap.org/node/1967735111,"https://www.google.com/maps/search/?api=1&query=43.3956481,-79.749036"
Chorizo Fresh Mex,amenity:fast_food,,,,,,43.405731,-79.806066,node,7059201046,https://www.openstreetmap.org/node/7059201046,"https://www.google.com/maps/search/?api=1&query=43.405731,-79.8060655"
Chuck's Roadhouse,amenity:fast_food,,,,,,43.666100,-79.732483,node,3969700264,https://www.openstreetmap.org/node/3969700264,"https://www.google.com/maps/search/?api=1&query=43.6660995,-79.7324832"
Church's Chicken,amenity:fast_food,,,,,,43.407530,-79.810113,node,1540300456,https://www.openstreetmap.org/node/1540300456,"https://www.google.com/maps/search/?api=1&query=43.40753,-79.8101134"
Church's Chicken,amenity:fast_food,,,,,,43.595857,-79.786719,node,1714830115,https://www.openstreetmap.org/node/1714830115,"https://www.google.com/maps/search/?api=1&query=43.5958572,-79.7867185"
Church's Chicken,amenity:fast_food,,,,,,43.659436,-79.725365,node,5695523859,https://www.openstreetmap.org/node/5695523859,"https://www.google.com/maps/search/?api=1&query=43.6594355,-79.725365"
Church's Chicken,amenity:fast_food,,280,Guelph Street,,,43.648827,-79.898752,node,6533178872,https://www.openstreetmap.org/node/6533178872,"https://www.google.com/maps/search/?api=1&query=43.6488269,-79.898752"
Cinnabon,amenity:fast_food,,,,,,43.715299,-79.721447,node,3849949565,https://www.openstreetmap.org/node/3849949565,"https://www.google.com/maps/search/?api=1&query=43.7152994,-79.7214474"
City North Pizza,amenity:fast_food,,,,,,43.657707,-79.741083,node,7195543530,https://www.openstreetmap.org/node/7195543530,"https://www.google.com/maps/search/?api=1&query=43.6577073,-79.7410826"
City Pizza,amenity:fast_food,,,,,,43.355048,-79.768738,node,9556342852,https://www.openstreetmap.org/node/9556342852,"https://www.google.com/maps/search/?api=1&query=43.3550477,-79.7687382"
City South Pizza,amenity:fast_food,,,,,,43.683915,-79.812340,node,1922035032,https://www.openstreetmap.org/node/1922035032,"https://www.google.com/maps/search/?api=1&query=43.6839152,-79.8123396"
City South Pizza,amenity:fast_food,,,,,,43.657968,-79.724955,node,5695551055,https://www.openstreetmap.org/node/5695551055,"https://www.google.com/maps/search/?api=1&query=43.6579684,-79.7249548"
Club Sub,amenity:fast_food,,,,,,43.397569,-79.797040,node,4684460918,https://www.openstreetmap.org/node/4684460918,"https://www.google.com/maps/search/?api=1&query=43.3975693,-79.7970398"
Cocelli Pizza,amenity:fast_food,+1-905-495-1211,,,,,43.710011,-79.810679,node,2498602809,https://www.openstreetmap.org/node/2498602809,"https://www.google.com/maps/search/?api=1&query=43.7100105,-79.8106788"
Copper Branch,amenity:fast_food,,,,,,43.482735,-79.720329,node,8975636928,https://www.openstreetmap.org/node/8975636928,"https://www.google.com/maps/search/?api=1&query=43.4827346,-79.7203293"
Costco Food Court,amenity:fast_food,,,,,,43.682814,-79.712116,node,12718397587,https://www.openstreetmap.org/node/12718397587,"https://www.google.com/maps/search/?api=1&query=43.6828137,-79.7121157"
Costco Food Court,amenity:fast_food,,,,,,43.343948,-79.822138,node,12718402714,https://www.openstreetmap.org/node/12718402714,"https://www.google.com/maps/search/?api=1&query=43.3439484,-79.8221379"
Crepe de Licious,amenity:fast_food,,,,,,43.715330,-79.721706,node,6661106804,https://www.openstreetmap.org/node/6661106804,"https://www.google.com/maps/search/?api=1&query=43.71533,-79.7217056"
Crepe de Luxe,amenity:fast_food,,5100,Erin Mills Parkway,,,43.558378,-79.711685,node,6556389822,https://www.openstreetmap.org/node/6556389822,"https://www.google.com/maps/search/?api=1&query=43.5583776,-79.7116852"
Crispy Town,amenity:fast_food,,800,Boyer Boulevard,,,43.612641,-79.700066,node,5234667204,https://www.openstreetmap.org/node/5234667204,"https://www.google.com/maps/search/?api=1&query=43.6126412,-79.700066"
Dairy Queen,amenity:fast_food,,,,,,43.321461,-79.833622,node,419363324,https://www.openstreetmap.org/node/419363324,"https://www.google.com/maps/search/?api=1&query=43.3214609,-79.8336215"
Dairy Queen,amenity:fast_food,,,,,,43.690500,-79.754586,node,887605323,https://www.openstreetmap.org/node/887605323,"https://www.google.com/maps/search/?api=1&query=43.6905003,-79.7545864"
Dairy Queen,amenity:fast_food,,,,,,43.450832,-79.702885,node,2011459503,https://www.openstreetmap.org/node/2011459503,"https://www.google.com/maps/search/?api=1&query=43.4508316,-79.7028848"
Dairy Queen,amenity:fast_food,,,,,,43.507508,-79.862154,node,2195678704,https://www.openstreetmap.org/node/2195678704,"https://www.google.com/maps/search/?api=1&query=43.5075076,-79.8621536"
Dairy Queen,amenity:fast_food,,,,,,43.699434,-79.822113,node,2324930415,https://www.openstreetmap.org/node/2324930415,"https://www.google.com/maps/search/?api=1&query=43.6994337,-79.8221133"
Dairy Queen,amenity:fast_food,,,,,,43.715312,-79.721072,node,3849723160,https://www.openstreetmap.org/node/3849723160,"https://www.google.com/maps/search/?api=1&query=43.7153117,-79.7210724"
Dairy Queen,amenity:fast_food,,,,,,43.674875,-79.805836,node,4004214043,https://www.openstreetmap.org/node/4004214043,"https://www.google.com/maps/search/?api=1&query=43.6748753,-79.8058362"
Dairy Queen,amenity:fast_food,,5618,Tenth Line West,,,43.558829,-79.742992,node,7196234083,https://www.openstreetmap.org/node/7196234083,"https://www.google.com/maps/search/?api=1&query=43.5588293,-79.7429925"
Dairy Queen,amenity:fast_food,,,,,,43.634579,-79.788081,node,7249184943,https://www.openstreetmap.org/node/7249184943,"https://www.google.com/maps/search/?api=1&query=43.6345788,-79.7880809"
Dairy Queen,amenity:fast_food,,,,,,43.699385,-79.820876,node,10884200330,https://www.openstreetmap.org/node/10884200330,"https://www.google.com/maps/search/?api=1&query=43.6993854,-79.8208762"
Dehli Grill,amenity:fast_food,+1-905-835-4055,,,,,43.589597,-79.723054,node,4618737954,https://www.openstreetmap.org/node/4618737954,"https://www.google.com/maps/search/?api=1&query=43.5895971,-79.7230544"
Desi Tandoor,amenity:fast_food,,,,,,43.727990,-79.796311,node,6571761655,https://www.openstreetmap.org/node/6571761655,"https://www.google.com/maps/search/?api=1&query=43.72799,-79.7963111"
Desserto,amenity:fast_food,,,,,,43.665725,-79.732049,node,12691959738,https://www.openstreetmap.org/node/12691959738,"https://www.google.com/maps/search/?api=1&query=43.6657248,-79.7320491"
Dhaba Express,amenity:fast_food,,,,,,43.710338,-79.815628,node,2498602764,https://www.openstreetmap.org/node/2498602764,"https://www.google.com/maps/search/?api=1&query=43.7103383,-79.8156275"
Dhaba Express,amenity:fast_food,,,,,,43.714552,-79.779518,node,6547160013,https://www.openstreetmap.org/node/6547160013,"https://www.google.com/maps/search/?api=1&query=43.7145518,-79.7795177"
Domino's,amenity:fast_food,,,,,,43.695812,-79.771952,node,649898383,https://www.openstreetmap.org/node/649898383,"https://www.google.com/maps/search/?api=1&query=43.6958119,-79.7719517"
Domino's,amenity:fast_food,,,,,,43.358095,-79.843811,node,1654570616,https://www.openstreetmap.org/node/1654570616,"https://www.google.com/maps/search/?api=1&query=43.3580947,-79.8438112"
Domino's,amenity:fast_food,+1-905-257-7222,,,,,43.485409,-79.713896,node,3412091335,https://www.openstreetmap.org/node/3412091335,"https://www.google.com/maps/search/?api=1&query=43.4854087,-79.7138961"
Domino's,amenity:fast_food,,,,,,43.523820,-79.873079,node,3445107572,https://www.openstreetmap.org/node/3445107572,"https://www.google.com/maps/search/?api=1&query=43.5238203,-79.8730788"
Domino's,amenity:fast_food,+1-905-567-3333,,,,,43.562689,-79.710545,node,3942706536,https://www.openstreetmap.org/node/3942706536,"https://www.google.com/maps/search/?api=1&query=43.5626887,-79.7105454"
Domino's,amenity:fast_food,,,,,,43.398139,-79.707120,node,4020068162,https://www.openstreetmap.org/node/4020068162,"https://www.google.com/maps/search/?api=1&query=43.398139,-79.70712"
Domino's,amenity:fast_food,,324,Guelph Street,,,43.648624,-79.890124,node,6535774128,https://www.openstreetmap.org/node/6535774128,"https://www.google.com/maps/search/?api=1&query=43.6486238,-79.8901239"
Domino's,amenity:fast_food,,,,,,43.393705,-79.823624,node,7060850398,https://www.openstreetmap.org/node/7060850398,"https://www.google.com/maps/search/?api=1&query=43.3937051,-79.8236243"
Domino's,amenity:fast_food,,,,,,43.319366,-79.835225,node,7768538717,https://www.openstreetmap.org/node/7768538717,"https://www.google.com/maps/search/?api=1&query=43.3193655,-79.8352248"
Domino's,amenity:fast_food,,,,,,43.665704,-79.731971,node,9777754044,https://www.openstreetmap.org/node/9777754044,"https://www.google.com/maps/search/?api=1&query=43.6657036,-79.7319708"
Domino's,amenity:fast_food,,,,,,43.521383,-79.892811,node,10934177211,https://www.openstreetmap.org/node/10934177211,"https://www.google.com/maps/search/?api=1&query=43.5213825,-79.8928107"
Domino's,amenity:fast_food,,,,,,43.697996,-79.848820,node,11417808775,https://www.openstreetmap.org/node/11417808775,"https://www.google.com/maps/search/?api=1&query=43.6979963,-79.8488202"
Domino's,amenity:fast_food,,,,,,43.583008,-79.764891,node,12422069016,https://www.openstreetmap.org/node/12422069016,"https://www.google.com/maps/search/?api=1&query=43.5830081,-79.7648912"
Dosa Dosa,amenity:fast_food,,,,,,43.662713,-79.727463,node,13093233404,https://www.openstreetmap.org/node/13093233404,"https://www.google.com/maps/search/?api=1&query=43.662713,-79.7274627"
Double Double Pizza & Chicken,amenity:fast_food,,,,,,43.725850,-79.715148,node,6547884385,https://www.openstreetmap.org/node/6547884385,"https://www.google.com/maps/search/?api=1&query=43.7258503,-79.715148"
DQ Grill & Chill,amenity:fast_food,,,,,,43.697945,-79.848721,node,5373788513,https://www.openstreetmap.org/node/5373788513,"https://www.google.com/maps/search/?api=1&query=43.697945,-79.8487209"
Duckies Dairy Bar,amenity:fast_food,,,,,,43.395102,-79.704876,node,9156560829,https://www.openstreetmap.org/node/9156560829,"https://www.google.com/maps/search/?api=1&query=43.3951015,-79.7048759"
Edo Japan,amenity:fast_food,,,,,,43.727483,-79.795478,node,12479647672,https://www.openstreetmap.org/node/12479647672,"https://www.google.com/maps/search/?api=1&query=43.727483,-79.7954779"
Egg Nukkad,amenity:fast_food,,,,,,43.717987,-79.742857,node,6173691086,https://www.openstreetmap.org/node/6173691086,"https://www.google.com/maps/search/?api=1&query=43.7179865,-79.7428565"
Extreme Pita,amenity:fast_food,,,,,,43.610828,-79.749125,node,1336829692,https://www.openstreetmap.org/node/1336829692,"https://www.google.com/maps/search/?api=1&query=43.610828,-79.749125"
Extreme Pita,amenity:fast_food,,,,,,43.449215,-79.702928,node,1862505931,https://www.openstreetmap.org/node/1862505931,"https://www.google.com/maps/search/?api=1&query=43.4492146,-79.702928"
Famous Wok,amenity:fast_food,,,,,,43.348715,-79.794834,node,6629399731,https://www.openstreetmap.org/node/6629399731,"https://www.google.com/maps/search/?api=1&query=43.348715,-79.794834"
Famous Wok,amenity:fast_food,,,,,,43.575562,-79.829346,node,6655586813,https://www.openstreetmap.org/node/6655586813,"https://www.google.com/maps/search/?api=1&query=43.5755624,-79.8293458"
Fat Bastard Burrito,amenity:fast_food,,,,,,43.703708,-79.784916,node,6546952101,https://www.openstreetmap.org/node/6546952101,"https://www.google.com/maps/search/?api=1&query=43.7037078,-79.7849156"
Fat Bastard Burrito,amenity:fast_food,,,,,,43.655044,-79.743640,node,7320195984,https://www.openstreetmap.org/node/7320195984,"https://www.google.com/maps/search/?api=1&query=43.6550439,-79.7436402"
Fat Bastard Burrito,amenity:fast_food,,,,,,43.518824,-79.874002,node,13175750794,https://www.openstreetmap.org/node/13175750794,"https://www.google.com/maps/search/?api=1&query=43.5188242,-79.8740018"
Firehouse Subs,amenity:fast_food,,,,,,43.449900,-79.702827,node,1916038279,https://www.openstreetmap.org/node/1916038279,"https://www.google.com/maps/search/?api=1&query=43.4498996,-79.7028275"
Firehouse Subs,amenity:fast_food,,,,,,43.635691,-79.787852,node,7249184945,https://www.openstreetmap.org/node/7249184945,"https://www.google.com/maps/search/?api=1&query=43.6356908,-79.7878518"
Firehouse Subs,amenity:fast_food,,,,,,43.404021,-79.803200,node,7779697317,https://www.openstreetmap.org/node/7779697317,"https://www.google.com/maps/search/?api=1&query=43.4040205,-79.8031995"
Firehouse Subs,amenity:fast_food,,,,,,43.676984,-79.721932,node,9777683270,https://www.openstreetmap.org/node/9777683270,"https://www.google.com/maps/search/?api=1&query=43.6769842,-79.7219316"
Firehouse Subs,amenity:fast_food,,,,,,43.580814,-79.735792,node,12908476283,https://www.openstreetmap.org/node/12908476283,"https://www.google.com/maps/search/?api=1&query=43.5808138,-79.7357915"
Fit for Life,amenity:fast_food,,280,Guelph Street,,,43.648661,-79.899638,node,6533004820,https://www.openstreetmap.org/node/6533004820,"https://www.google.com/maps/search/?api=1&query=43.6486611,-79.8996383"
Five Guys,amenity:fast_food,,,,,,43.346978,-79.794901,node,6629362793,https://www.openstreetmap.org/node/6629362793,"https://www.google.com/maps/search/?api=1&query=43.3469785,-79.7949011"
Flamos,amenity:fast_food,,,,,,43.596089,-79.787269,node,1714830090,https://www.openstreetmap.org/node/1714830090,"https://www.google.com/maps/search/?api=1&query=43.5960886,-79.7872694"
Fresh Burrito,amenity:fast_food,,,,,,43.665476,-79.780767,node,11417804796,https://www.openstreetmap.org/node/11417804796,"https://www.google.com/maps/search/?api=1&query=43.6654764,-79.7807668"
Fresh Burrito,amenity:fast_food,,,,,,43.694642,-79.750947,node,12810733882,https://www.openstreetmap.org/node/12810733882,"https://www.google.com/maps/search/?api=1&query=43.6946419,-79.7509469"
Fresh Cut Fries,amenity:fast_food,,,,,,43.730205,-79.761930,node,12897587860,https://www.openstreetmap.org/node/12897587860,"https://www.google.com/maps/search/?api=1&query=43.7302049,-79.7619304"
Freshawarma,amenity:fast_food,,,,,,43.666105,-79.738044,node,6566848348,https://www.openstreetmap.org/node/6566848348,"https://www.google.com/maps/search/?api=1&query=43.6661045,-79.7380442"
Freshly Squeezed,amenity:fast_food,,,,,,43.666113,-79.738288,node,6566848339,https://www.openstreetmap.org/node/6566848339,"https://www.google.com/maps/search/?api=1&query=43.6661134,-79.7382877"
Freshly Squeezed,amenity:fast_food,,,,,,43.348561,-79.794996,node,6629399733,https://www.openstreetmap.org/node/6629399733,"https://www.google.com/maps/search/?api=1&query=43.3485613,-79.7949963"
Freshly Squeezed,amenity:fast_food,,,,,,43.715308,-79.721661,node,6661106803,https://www.openstreetmap.org/node/6661106803,"https://www.google.com/maps/search/?api=1&query=43.7153082,-79.7216609"
Freshly Squeezed,amenity:fast_food,,,,,,43.575522,-79.829605,node,13869524724,https://www.openstreetmap.org/node/13869524724,"https://www.google.com/maps/search/?api=1&query=43.5755215,-79.8296052"
Frisco Fries,amenity:fast_food,,280,Guelph Street,,,43.648540,-79.899411,node,6533004825,https://www.openstreetmap.org/node/6533004825,"https://www.google.com/maps/search/?api=1&query=43.6485402,-79.8994106"
Fusia Asian Kitchen,amenity:fast_food,,,,,,43.666279,-79.737853,node,6566848344,https://www.openstreetmap.org/node/6566848344,"https://www.google.com/maps/search/?api=1&query=43.6662794,-79.7378532"
Fyah Side,amenity:fast_food,,,,,,43.684314,-79.812858,node,6546847865,https://www.openstreetmap.org/node/6546847865,"https://www.google.com/maps/search/?api=1&query=43.6843144,-79.8128575"
Gallito's,amenity:fast_food,,,,,,43.715260,-79.721844,node,5240401866,https://www.openstreetmap.org/node/5240401866,"https://www.google.com/maps/search/?api=1&query=43.7152599,-79.7218436"
Garden Street Cafe,amenity:fast_food,,,,,,43.719395,-79.722231,node,2650564455,https://www.openstreetmap.org/node/2650564455,"https://www.google.com/maps/search/?api=1&query=43.7193953,-79.722231"
Gino's Pizza,amenity:fast_food,+1-905-310-4466,,,,,43.582995,-79.715854,node,415361047,https://www.openstreetmap.org/node/415361047,"https://www.google.com/maps/search/?api=1&query=43.5829951,-79.7158537"
Gino's Pizza,amenity:fast_food,,,,,,43.390841,-79.822694,node,1540322022,https://www.openstreetmap.org/node/1540322022,"https://www.google.com/maps/search/?api=1&query=43.3908409,-79.8226937"
Gino's Pizza,amenity:fast_food,,,,,,43.440134,-79.719940,node,2292634411,https://www.openstreetmap.org/node/2292634411,"https://www.google.com/maps/search/?api=1&query=43.4401345,-79.7199398"
Gino's Pizza,amenity:fast_food,,,,,,43.698934,-79.822711,node,2324930400,https://www.openstreetmap.org/node/2324930400,"https://www.google.com/maps/search/?api=1&query=43.6989335,-79.8227114"
Gino's Pizza,amenity:fast_food,,,,,,43.412229,-79.705951,node,2796930371,https://www.openstreetmap.org/node/2796930371,"https://www.google.com/maps/search/?api=1&query=43.412229,-79.7059507"
Gino's Pizza,amenity:fast_food,,,,,,43.339768,-79.785071,node,3410721332,https://www.openstreetmap.org/node/3410721332,"https://www.google.com/maps/search/?api=1&query=43.3397681,-79.785071"
Gino's Pizza,amenity:fast_food,+1-905-310-4466,,,,,43.583603,-79.778594,node,3976482947,https://www.openstreetmap.org/node/3976482947,"https://www.google.com/maps/search/?api=1&query=43.5836032,-79.7785945"
Gino's Pizza,amenity:fast_food,,,,,,43.369146,-79.755528,node,3997758987,https://www.openstreetmap.org/node/3997758987,"https://www.google.com/maps/search/?api=1&query=43.3691457,-79.7555279"
Gino's Pizza,amenity:fast_food,,,,,,43.638123,-79.728450,node,4011412238,https://www.openstreetmap.org/node/4011412238,"https://www.google.com/maps/search/?api=1&query=43.6381227,-79.7284504"
Gino's Pizza,amenity:fast_food,,,,,,43.677940,-79.747991,node,4405220947,https://www.openstreetmap.org/node/4405220947,"https://www.google.com/maps/search/?api=1&query=43.6779403,-79.7479908"
Gino's Pizza,amenity:fast_food,,,,,,43.557790,-79.702854,node,7196221600,https://www.openstreetmap.org/node/7196221600,"https://www.google.com/maps/search/?api=1&query=43.5577896,-79.7028537"
Gino's Pizza,amenity:fast_food,,,,,,43.699463,-79.820916,node,10884235786,https://www.openstreetmap.org/node/10884235786,"https://www.google.com/maps/search/?api=1&query=43.699463,-79.820916"
Golden Fish & Chips,amenity:fast_food,,,,,,43.650153,-79.927249,node,4352737287,https://www.openstreetmap.org/node/4352737287,"https://www.google.com/maps/search/?api=1&query=43.650153,-79.9272485"
Grabb-A-Pizza,amenity:fast_food,,,,,,43.702027,-79.755238,node,7176511074,https://www.openstreetmap.org/node/7176511074,"https://www.google.com/maps/search/?api=1&query=43.7020267,-79.7552383"
Grill City,amenity:fast_food,,800,Boyer Boulevard,,,43.612607,-79.700006,node,5234667203,https://www.openstreetmap.org/node/5234667203,"https://www.google.com/maps/search/?api=1&query=43.6126071,-79.7000063"
Grill It Up,amenity:fast_food,,5100,Erin Mills Parkway,,,43.559118,-79.711707,node,6556575931,https://www.openstreetmap.org/node/6556575931,"https://www.google.com/maps/search/?api=1&query=43.559118,-79.7117072"
Grind Hamburgers,amenity:fast_food,,212,Guelph Street,Georgetown,L7G 4A1,43.649984,-79.905310,node,10981542092,https://www.openstreetmap.org/node/10981542092,"https://www.google.com/maps/search/?api=1&query=43.6499843,-79.9053095"
Halifax Donair,amenity:fast_food,,,,,,43.353221,-79.786338,node,7061164019,https://www.openstreetmap.org/node/7061164019,"https://www.google.com/maps/search/?api=1&query=43.3532206,-79.7863382"
Harvey's,amenity:fast_food,,,,,,43.391229,-79.823824,node,288065249,https://www.openstreetmap.org/node/288065249,"https://www.google.com/maps/search/?api=1&query=43.3912287,-79.8238235"
Harvey's,amenity:fast_food,,,,,,43.365411,-79.773960,node,419369684,https://www.openstreetmap.org/node/419369684,"https://www.google.com/maps/search/?api=1&query=43.3654114,-79.7739598"
Harvey's,amenity:fast_food,,,,,,43.724486,-79.812970,node,583016044,https://www.openstreetmap.org/node/583016044,"https://www.google.com/maps/search/?api=1&query=43.7244864,-79.8129699"
Harvey's,amenity:fast_food,,,,,,43.692798,-79.768269,node,887581948,https://www.openstreetmap.org/node/887581948,"https://www.google.com/maps/search/?api=1&query=43.6927984,-79.7682692"
Harvey's,amenity:fast_food,,,,,,43.586830,-79.743067,node,1408755029,https://www.openstreetmap.org/node/1408755029,"https://www.google.com/maps/search/?api=1&query=43.5868303,-79.7430672"
Harvey's,amenity:fast_food,,,,,,43.392388,-79.789147,node,1435573373,https://www.openstreetmap.org/node/1435573373,"https://www.google.com/maps/search/?api=1&query=43.3923884,-79.7891474"
Harvey's,amenity:fast_food,,,,,,43.343398,-79.825696,node,1634783668,https://www.openstreetmap.org/node/1634783668,"https://www.google.com/maps/search/?api=1&query=43.3433982,-79.8256961"
Harvey's,amenity:fast_food,,110,Great Lakes Drive,,,43.729388,-79.763752,node,1914225532,https://www.openstreetmap.org/node/1914225532,"https://www.google.com/maps/search/?api=1&query=43.7293875,-79.7637521"
Harvey's,amenity:fast_food,,,,,,43.734067,-79.707519,node,2202646146,https://www.openstreetmap.org/node/2202646146,"https://www.google.com/maps/search/?api=1&query=43.7340669,-79.7075193"
Harvey's,amenity:fast_food,,,,,,43.649124,-79.890481,node,2303134600,https://www.openstreetmap.org/node/2303134600,"https://www.google.com/maps/search/?api=1&query=43.6491235,-79.8904806"
Harvey's,amenity:fast_food,,,,,,43.522856,-79.900348,node,3352537307,https://www.openstreetmap.org/node/3352537307,"https://www.google.com/maps/search/?api=1&query=43.5228556,-79.9003484"
Harvey's,amenity:fast_food,,,,,,43.368603,-79.754721,node,3997758991,https://www.openstreetmap.org/node/3997758991,"https://www.google.com/maps/search/?api=1&query=43.3686027,-79.7547207"
Harvey's,amenity:fast_food,,,,,,43.467934,-79.700949,node,7196256907,https://www.openstreetmap.org/node/7196256907,"https://www.google.com/maps/search/?api=1&query=43.4679339,-79.7009493"
Harvey's,amenity:fast_food,,,,,,43.635355,-79.789036,node,12870918983,https://www.openstreetmap.org/node/12870918983,"https://www.google.com/maps/search/?api=1&query=43.6353554,-79.7890356"
Hero Certified Burgers,amenity:fast_food,,,,,,43.488743,-79.717263,node,520021505,https://www.openstreetmap.org/node/520021505,"https://www.google.com/maps/search/?api=1&query=43.4887432,-79.7172631"
Hero Certified Burgers,amenity:fast_food,,,,,,43.706969,-79.786380,node,2753026105,https://www.openstreetmap.org/node/2753026105,"https://www.google.com/maps/search/?api=1&query=43.7069687,-79.7863801"
Hero Certified Burgers,amenity:fast_food,,,,,,43.394604,-79.711853,node,3465759579,https://www.openstreetmap.org/node/3465759579,"https://www.google.com/maps/search/?api=1&query=43.3946035,-79.7118525"
Hero Certified Burgers,amenity:fast_food,,,,,,43.637103,-79.716875,node,3959776418,https://www.openstreetmap.org/node/3959776418,"https://www.google.com/maps/search/?api=1&query=43.6371033,-79.7168748"
Hi Roi Sushi,amenity:fast_food,,6040,Glen Erin Drive,,,43.574921,-79.739218,node,12865667317,https://www.openstreetmap.org/node/12865667317,"https://www.google.com/maps/search/?api=1&query=43.5749209,-79.7392182"
Holy Witches,amenity:fast_food,,,,,,43.579755,-79.734331,node,12865612691,https://www.openstreetmap.org/node/12865612691,"https://www.google.com/maps/search/?api=1&query=43.5797548,-79.7343315"
Hot Grill,amenity:fast_food,,,,,,43.579163,-79.770841,node,3976328257,https://www.openstreetmap.org/node/3976328257,"https://www.google.com/maps/search/?api=1&query=43.5791634,-79.770841"
I Heart Boba,amenity:fast_food,,,,,,43.367178,-79.752981,node,7060682356,https://www.openstreetmap.org/node/7060682356,"https://www.google.com/maps/search/?api=1&query=43.3671777,-79.7529809"
IKEA Restaurant,amenity:fast_food,,1065,Plains Road East,,L7T 4K1,43.327869,-79.828912,node,10138397000,https://www.openstreetmap.org/node/10138397000,"https://www.google.com/maps/search/?api=1&query=43.327869,-79.8289119"
Italian Garden Restaurant,amenity:fast_food,,,,,,43.707576,-79.788384,node,6546951251,https://www.openstreetmap.org/node/6546951251,"https://www.google.com/maps/search/?api=1&query=43.7075761,-79.7883837"
J.F. Chen Chinese Food,amenity:fast_food,,,,,,43.405879,-79.806226,node,7059201044,https://www.openstreetmap.org/node/7059201044,"https://www.google.com/maps/search/?api=1&query=43.4058791,-79.8062264"
Jamaican Island Cuisine,amenity:fast_food,,,,,,43.666189,-79.737950,node,6566848346,https://www.openstreetmap.org/node/6566848346,"https://www.google.com/maps/search/?api=1&query=43.6661891,-79.7379502"
Jasmine Rice,amenity:fast_food,,,,,,43.347702,-79.793216,node,6629362798,https://www.openstreetmap.org/node/6629362798,"https://www.google.com/maps/search/?api=1&query=43.3477022,-79.7932156"
Jimmy the Greek,amenity:fast_food,,,,,,43.715209,-79.721915,node,3849723161,https://www.openstreetmap.org/node/3849723161,"https://www.google.com/maps/search/?api=1&query=43.715209,-79.7219153"
Jimmy the Greek,amenity:fast_food,,5100,Erin Mills Parkway,,,43.559302,-79.711722,node,6556405146,https://www.openstreetmap.org/node/6556405146,"https://www.google.com/maps/search/?api=1&query=43.5593016,-79.7117219"
Jimmy the Greek,amenity:fast_food,,,,,,43.348740,-79.795247,node,6629399725,https://www.openstreetmap.org/node/6629399725,"https://www.google.com/maps/search/?api=1&query=43.3487405,-79.7952473"
Jimmy the Greek,amenity:fast_food,,,,,,43.325774,-79.820870,node,6632464370,https://www.openstreetmap.org/node/6632464370,"https://www.google.com/maps/search/?api=1&query=43.3257744,-79.82087"
Jimmy the Greek,amenity:fast_food,,,,,,43.576712,-79.829529,node,6655589990,https://www.openstreetmap.org/node/6655589990,"https://www.google.com/maps/search/?api=1&query=43.5767119,-79.8295294"
Joe's Great Pizza,amenity:fast_food,,,,,,43.654559,-79.934385,node,10981508090,https://www.openstreetmap.org/node/10981508090,"https://www.google.com/maps/search/?api=1&query=43.6545589,-79.934385"
Joe's Pizzeria,amenity:fast_food,+1-905-459-8687,,,,,43.678486,-79.762615,node,703107997,https://www.openstreetmap.org/node/703107997,"https://www.google.com/maps/search/?api=1&query=43.678486,-79.7626154"
Jugo Juice,amenity:fast_food,,,,,,43.325783,-79.820375,node,6632427716,https://www.openstreetmap.org/node/6632427716,"https://www.google.com/maps/search/?api=1&query=43.3257834,-79.8203752"
Junction Indian Street Food,amenity:fast_food,,,,,,43.662709,-79.727579,node,13093233405,https://www.openstreetmap.org/node/13093233405,"https://www.google.com/maps/search/?api=1&query=43.6627085,-79.7275792"
Just Braise,amenity:fast_food,,,,,,43.466286,-79.746729,node,4868553921,https://www.openstreetmap.org/node/4868553921,"https://www.google.com/maps/search/?api=1&query=43.466286,-79.7467288"
Kakori Indian Mughlai Cuisine,amenity:fast_food,,2911,Eglinton Avenue West,,,43.551653,-79.716495,node,3942806126,https://www.openstreetmap.org/node/3942806126,"https://www.google.com/maps/search/?api=1&query=43.5516526,-79.7164955"
Kang's Dhaba,amenity:fast_food,,,,,,43.672884,-79.821050,node,6546847844,https://www.openstreetmap.org/node/6546847844,"https://www.google.com/maps/search/?api=1&query=43.6728844,-79.8210503"
Kernels,amenity:fast_food,,,,,,43.325461,-79.819838,node,6632429838,https://www.openstreetmap.org/node/6632429838,"https://www.google.com/maps/search/?api=1&query=43.3254607,-79.819838"
Kernels Popcorn,amenity:fast_food,,,,,,43.715437,-79.721821,node,3849949569,https://www.openstreetmap.org/node/3849949569,"https://www.google.com/maps/search/?api=1&query=43.7154368,-79.7218206"
Kernels Popcorn,amenity:fast_food,,5100,Erin Mills Parkway,,,43.558208,-79.712317,node,6556571730,https://www.openstreetmap.org/node/6556571730,"https://www.google.com/maps/search/?api=1&query=43.5582079,-79.7123167"
Kernels Popcorn,amenity:fast_food,,,,,,43.348091,-79.793723,node,6629362819,https://www.openstreetmap.org/node/6629362819,"https://www.google.com/maps/search/?api=1&query=43.348091,-79.7937228"
Kevin's Hamburger House,amenity:fast_food,,,,,,43.518675,-79.874115,node,6628676253,https://www.openstreetmap.org/node/6628676253,"https://www.google.com/maps/search/?api=1&query=43.5186749,-79.8741145"
KFC,amenity:fast_food,,,,,,43.487463,-79.718403,node,292756550,https://www.openstreetmap.org/node/292756550,"https://www.google.com/maps/search/?api=1&query=43.4874627,-79.7184033"
KFC,amenity:fast_food,,,,,,43.665870,-79.732209,node,414587735,https://www.openstreetmap.org/node/414587735,"https://www.google.com/maps/search/?api=1&query=43.6658701,-79.7322086"
KFC,amenity:fast_food,,,,,,43.696766,-79.799463,node,582748741,https://www.openstreetmap.org/node/582748741,"https://www.google.com/maps/search/?api=1&query=43.6967662,-79.7994626"
KFC,amenity:fast_food,,,,,,43.521765,-79.893291,node,2196585441,https://www.openstreetmap.org/node/2196585441,"https://www.google.com/maps/search/?api=1&query=43.5217647,-79.8932907"
KFC,amenity:fast_food,,,,,,43.656303,-79.814677,node,2484536902,https://www.openstreetmap.org/node/2484536902,"https://www.google.com/maps/search/?api=1&query=43.6563035,-79.814677"
KFC,amenity:fast_food,,,,,,43.734829,-79.824270,node,3072052620,https://www.openstreetmap.org/node/3072052620,"https://www.google.com/maps/search/?api=1&query=43.7348293,-79.8242699"
KFC,amenity:fast_food,,,,,,43.714980,-79.722090,node,3849723162,https://www.openstreetmap.org/node/3849723162,"https://www.google.com/maps/search/?api=1&query=43.7149799,-79.7220899"
KFC,amenity:fast_food,,5100,Erin Mills Parkway,,,43.558932,-79.711115,node,6556575944,https://www.openstreetmap.org/node/6556575944,"https://www.google.com/maps/search/?api=1&query=43.5589322,-79.711115"
KFC,amenity:fast_food,,,,,,43.666137,-79.738010,node,6566848347,https://www.openstreetmap.org/node/6566848347,"https://www.google.com/maps/search/?api=1&query=43.6661374,-79.7380095"
KFC,amenity:fast_food,,,,,,43.348886,-79.795119,node,6629399727,https://www.openstreetmap.org/node/6629399727,"https://www.google.com/maps/search/?api=1&query=43.3488856,-79.7951188"
KFC,amenity:fast_food,,,,,,43.325803,-79.820818,node,6632464369,https://www.openstreetmap.org/node/6632464369,"https://www.google.com/maps/search/?api=1&query=43.3258033,-79.8208175"
KFC,amenity:fast_food,,,,,,43.650235,-79.895723,node,10984537311,https://www.openstreetmap.org/node/10984537311,"https://www.google.com/maps/search/?api=1&query=43.6502346,-79.8957233"
KFC,amenity:fast_food,,,,,,43.734760,-79.706622,node,12810761425,https://www.openstreetmap.org/node/12810761425,"https://www.google.com/maps/search/?api=1&query=43.7347603,-79.7066223"
Kin-Kin Bakery & Bubble Tea,amenity:fast_food,,,,,,43.714881,-79.721516,node,6659692325,https://www.openstreetmap.org/node/6659692325,"https://www.google.com/maps/search/?api=1&query=43.7148813,-79.7215163"
King Corn,amenity:fast_food,,,,,,43.558093,-79.712487,node,12960057589,https://www.openstreetmap.org/node/12960057589,"https://www.google.com/maps/search/?api=1&query=43.558093,-79.7124872"
King Tandoori,amenity:fast_food,,,,,,43.666253,-79.739195,node,6566785626,https://www.openstreetmap.org/node/6566785626,"https://www.google.com/maps/search/?api=1&query=43.6662532,-79.7391955"
Koya Japan,amenity:fast_food,,,,,,43.348920,-79.794974,node,6629399729,https://www.openstreetmap.org/node/6629399729,"https://www.google.com/maps/search/?api=1&query=43.3489204,-79.7949741"
Kung Pao Wok,amenity:fast_food,,280,Guelph Street,,,43.648545,-79.899333,node,6533004826,https://www.openstreetmap.org/node/6533004826,"https://www.google.com/maps/search/?api=1&query=43.6485455,-79.8993331"
Latin Super Chicken,amenity:fast_food,+1-905-369-0420,,,,,43.589041,-79.722836,node,4618737955,https://www.openstreetmap.org/node/4618737955,"https://www.google.com/maps/search/?api=1&query=43.5890405,-79.7228358"
Lava Pizza & Wings,amenity:fast_food,,,,,,43.323447,-79.831476,node,7770697104,https://www.openstreetmap.org/node/7770697104,"https://www.google.com/maps/search/?api=1&query=43.323447,-79.8314762"
Lazeez Shawarma,amenity:fast_food,,5618,Tenth Line West,,,43.559046,-79.742669,node,7196234084,https://www.openstreetmap.org/node/7196234084,"https://www.google.com/maps/search/?api=1&query=43.559046,-79.7426693"
Lazeez Shawarma,amenity:fast_food,,,,,,43.665599,-79.781910,node,11417804793,https://www.openstreetmap.org/node/11417804793,"https://www.google.com/maps/search/?api=1&query=43.6655987,-79.7819097"
Little Caesars,amenity:fast_food,,,,,,43.543485,-79.724711,node,1517018102,https://www.openstreetmap.org/node/1517018102,"https://www.google.com/maps/search/?api=1&query=43.5434854,-79.7247109"
Little Caesars,amenity:fast_food,,,,,,43.356031,-79.844987,node,1654570640,https://www.openstreetmap.org/node/1654570640,"https://www.google.com/maps/search/?api=1&query=43.3560305,-79.8449867"
Little Caesars,amenity:fast_food,,,,,,43.517006,-79.874925,node,2195982332,https://www.openstreetmap.org/node/2195982332,"https://www.google.com/maps/search/?api=1&query=43.5170058,-79.8749247"
Little Caesars,amenity:fast_food,,,,,,43.650541,-79.900918,node,2303134601,https://www.openstreetmap.org/node/2303134601,"https://www.google.com/maps/search/?api=1&query=43.6505413,-79.9009178"
Little Caesars,amenity:fast_food,,,,,,43.583271,-79.717218,node,2527507517,https://www.openstreetmap.org/node/2527507517,"https://www.google.com/maps/search/?api=1&query=43.5832709,-79.7172175"
Little Caesars,amenity:fast_food,,,,,,43.725624,-79.815421,node,2669220087,https://www.openstreetmap.org/node/2669220087,"https://www.google.com/maps/search/?api=1&query=43.7256241,-79.8154208"
Little Caesars,amenity:fast_food,,,,,,43.449566,-79.760243,node,3556589420,https://www.openstreetmap.org/node/3556589420,"https://www.google.com/maps/search/?api=1&query=43.449566,-79.7602434"
Little Caesars,amenity:fast_food,,,,,,43.639182,-79.716083,node,3959799486,https://www.openstreetmap.org/node/3959799486,"https://www.google.com/maps/search/?api=1&query=43.639182,-79.7160826"
Little Caesars,amenity:fast_food,,,,,,43.317150,-79.910722,node,4360241383,https://www.openstreetmap.org/node/4360241383,"https://www.google.com/maps/search/?api=1&query=43.3171505,-79.910722"
Little Caesars,amenity:fast_food,,,,,,43.378390,-79.803969,node,5645954319,https://www.openstreetmap.org/node/5645954319,"https://www.google.com/maps/search/?api=1&query=43.3783901,-79.803969"
Little Caesars,amenity:fast_food,,,,,,43.713887,-79.746671,node,6547925936,https://www.openstreetmap.org/node/6547925936,"https://www.google.com/maps/search/?api=1&query=43.7138873,-79.7466708"
Little Caesars,amenity:fast_food,,,,,,43.666431,-79.740638,node,6566683286,https://www.openstreetmap.org/node/6566683286,"https://www.google.com/maps/search/?api=1&query=43.666431,-79.7406378"
Little Caesars,amenity:fast_food,,,,,,43.357210,-79.783029,node,7061175365,https://www.openstreetmap.org/node/7061175365,"https://www.google.com/maps/search/?api=1&query=43.35721,-79.7830289"
Little Caesars,amenity:fast_food,,,,,,43.635694,-79.788492,node,7249184938,https://www.openstreetmap.org/node/7249184938,"https://www.google.com/maps/search/?api=1&query=43.6356944,-79.7884921"
Little Caesars,amenity:fast_food,,,,,,43.324946,-79.829516,node,7770695806,https://www.openstreetmap.org/node/7770695806,"https://www.google.com/maps/search/?api=1&query=43.3249459,-79.8295159"
Little Caesars,amenity:fast_food,,,,,,43.404004,-79.802972,node,7779697319,https://www.openstreetmap.org/node/7779697319,"https://www.google.com/maps/search/?api=1&query=43.404004,-79.8029722"
Little Caesars,amenity:fast_food,,3055,Argentia Road,,,43.595019,-79.787066,node,12869456850,https://www.openstreetmap.org/node/12869456850,"https://www.google.com/maps/search/?api=1&query=43.5950187,-79.7870662"
Louanne's Newfie Fries,amenity:fast_food,,,,,,43.607811,-79.893789,node,3812899492,https://www.openstreetmap.org/node/3812899492,"https://www.google.com/maps/search/?api=1&query=43.6078111,-79.8937889"
Mac's Sushi,amenity:fast_food,,,,,,43.715029,-79.721349,node,3852186207,https://www.openstreetmap.org/node/3852186207,"https://www.google.com/maps/search/?api=1&query=43.7150288,-79.7213487"
Mac's Sushi,amenity:fast_food,,,,,,43.325876,-79.820677,node,11425966869,https://www.openstreetmap.org/node/11425966869,"https://www.google.com/maps/search/?api=1&query=43.3258762,-79.8206774"
Mac’s Sushi,amenity:fast_food,,5100,Erin Mills Parkway,,,43.558708,-79.711589,node,6556575939,https://www.openstreetmap.org/node/6556575939,"https://www.google.com/maps/search/?api=1&query=43.5587084,-79.7115885"
MacKay Pizza,amenity:fast_food,,,,,,43.702624,-79.787102,node,6546913786,https://www.openstreetmap.org/node/6546913786,"https://www.google.com/maps/search/?api=1&query=43.7026239,-79.7871016"
Main Street Italian Eatery,amenity:fast_food,,,,,,43.528295,-79.867663,node,2204624758,https://www.openstreetmap.org/node/2204624758,"https://www.google.com/maps/search/?api=1&query=43.5282952,-79.8676634"
Manchu Wok,amenity:fast_food,,,,,,43.325514,-79.820515,node,6632464362,https://www.openstreetmap.org/node/6632464362,"https://www.google.com/maps/search/?api=1&query=43.3255137,-79.8205146"
Manöusha,amenity:fast_food,,,,,,43.579995,-79.734583,node,12908463795,https://www.openstreetmap.org/node/12908463795,"https://www.google.com/maps/search/?api=1&query=43.5799948,-79.734583"
Mary Brown's,amenity:fast_food,,,,,,43.694503,-79.748808,node,887629220,https://www.openstreetmap.org/node/887629220,"https://www.google.com/maps/search/?api=1&query=43.6945031,-79.7488082"
Mary Brown's,amenity:fast_food,,901,Brant Street,Burlington,L7R 2J6,43.336807,-79.812932,node,1969288213,https://www.openstreetmap.org/node/1969288213,"https://www.google.com/maps/search/?api=1&query=43.3368069,-79.8129317"
Mary Brown's,amenity:fast_food,,,,,,43.527195,-79.866121,node,2198941289,https://www.openstreetmap.org/node/2198941289,"https://www.google.com/maps/search/?api=1&query=43.5271948,-79.8661208"
Mary Brown's,amenity:fast_food,,,,,,43.523196,-79.899811,node,2253802459,https://www.openstreetmap.org/node/2253802459,"https://www.google.com/maps/search/?api=1&query=43.5231964,-79.8998107"
Mary Brown's,amenity:fast_food,,,,,,43.589747,-79.723289,node,4618737952,https://www.openstreetmap.org/node/4618737952,"https://www.google.com/maps/search/?api=1&query=43.5897467,-79.7232891"
Mary Brown's,amenity:fast_food,,,,,,43.706991,-79.787517,node,6546951264,https://www.openstreetmap.org/node/6546951264,"https://www.google.com/maps/search/?api=1&query=43.7069905,-79.7875173"
Mary Brown's,amenity:fast_food,,,,,,43.634639,-79.787988,node,7249184942,https://www.openstreetmap.org/node/7249184942,"https://www.google.com/maps/search/?api=1&query=43.634639,-79.7879885"
McDonald's,amenity:fast_food,,,,,,43.398015,-79.707266,node,419372485,https://www.openstreetmap.org/node/419372485,"https://www.google.com/maps/search/?api=1&query=43.3980146,-79.7072658"
McDonald's,amenity:fast_food,,,,,,43.448248,-79.701740,node,1862505927,https://www.openstreetmap.org/node/1862505927,"https://www.google.com/maps/search/?api=1&query=43.4482484,-79.7017405"
McDonald's,amenity:fast_food,,,,,,43.715241,-79.723724,node,2077031201,https://www.openstreetmap.org/node/2077031201,"https://www.google.com/maps/search/?api=1&query=43.7152415,-79.7237235"
McDonald's,amenity:fast_food,,,,,,43.465525,-79.743540,node,2138422589,https://www.openstreetmap.org/node/2138422589,"https://www.google.com/maps/search/?api=1&query=43.4655249,-79.7435401"
McDonald's,amenity:fast_food,,,,,,43.657554,-79.815501,node,2484536901,https://www.openstreetmap.org/node/2484536901,"https://www.google.com/maps/search/?api=1&query=43.6575543,-79.8155012"
McDonald's,amenity:fast_food,,,,,,43.565559,-79.729052,node,3999964432,https://www.openstreetmap.org/node/3999964432,"https://www.google.com/maps/search/?api=1&query=43.5655595,-79.7290518"
McDonald's,amenity:fast_food,,,,,,43.657974,-79.813228,node,4002007392,https://www.openstreetmap.org/node/4002007392,"https://www.google.com/maps/search/?api=1&query=43.657974,-79.8132277"
McDonald's,amenity:fast_food,,,,,,43.437537,-79.741944,node,4514533594,https://www.openstreetmap.org/node/4514533594,"https://www.google.com/maps/search/?api=1&query=43.437537,-79.7419442"
McDonald's,amenity:fast_food,,,,,,43.316125,-79.908907,node,11425966873,https://www.openstreetmap.org/node/11425966873,"https://www.google.com/maps/search/?api=1&query=43.3161251,-79.9089066"
McDonald's,amenity:fast_food,,,,,,43.542406,-79.867237,node,12575250026,https://www.openstreetmap.org/node/12575250026,"https://www.google.com/maps/search/?api=1&query=43.5424057,-79.8672369"
Meltwich,amenity:fast_food,,,,,,43.371527,-79.762327,node,7060674434,https://www.openstreetmap.org/node/7060674434,"https://www.google.com/maps/search/?api=1&query=43.3715275,-79.7623266"
Michaelangelo's Italian Food,amenity:fast_food,,,,,,43.575980,-79.748991,node,2098231223,https://www.openstreetmap.org/node/2098231223,"https://www.google.com/maps/search/?api=1&query=43.5759804,-79.7489907"
Milton Fish & Chips,amenity:fast_food,,,,,,43.523733,-79.872946,node,2205280105,https://www.openstreetmap.org/node/2205280105,"https://www.google.com/maps/search/?api=1&query=43.5237334,-79.8729459"
Moga's Pizza,amenity:fast_food,,,,,,43.650915,-79.758510,node,582759025,https://www.openstreetmap.org/node/582759025,"https://www.google.com/maps/search/?api=1&query=43.6509147,-79.7585103"
Moga's Pizza,amenity:fast_food,,,,,,43.734226,-79.707734,node,3237392140,https://www.openstreetmap.org/node/3237392140,"https://www.google.com/maps/search/?api=1&query=43.7342264,-79.7077335"
Montfort,amenity:fast_food,,,,,,43.348660,-79.794739,node,6629375225,https://www.openstreetmap.org/node/6629375225,"https://www.google.com/maps/search/?api=1&query=43.34866,-79.7947386"
Mount Royal Pizza,amenity:fast_food,,,,,,43.347874,-79.827447,node,7061727766,https://www.openstreetmap.org/node/7061727766,"https://www.google.com/maps/search/?api=1&query=43.3478741,-79.8274468"
Mr. Pretzels,amenity:fast_food,,,,,,43.348607,-79.794636,node,6629375222,https://www.openstreetmap.org/node/6629375222,"https://www.google.com/maps/search/?api=1&query=43.3486072,-79.7946359"
Mr. Puffs Dessert Bar,amenity:fast_food,,,,,,43.715408,-79.721325,node,3852186211,https://www.openstreetmap.org/node/3852186211,"https://www.google.com/maps/search/?api=1&query=43.7154082,-79.7213246"
Mr. Singh’s Pizza,amenity:fast_food,+1 9055004000,5920,Turney Drive,,,43.580486,-79.727481,node,12865611169,https://www.openstreetmap.org/node/12865611169,"https://www.google.com/maps/search/?api=1&query=43.5804858,-79.7274809"
Mr. Souvlaki,amenity:fast_food,,280,Guelph Street,,,43.648611,-79.899704,node,6533004819,https://www.openstreetmap.org/node/6533004819,"https://www.google.com/maps/search/?api=1&query=43.6486113,-79.899704"
Mr. Sub,amenity:fast_food,,,,,,43.582919,-79.716134,node,415361048,https://www.openstreetmap.org/node/415361048,"https://www.google.com/maps/search/?api=1&query=43.5829191,-79.7161345"
Mr. Sub,amenity:fast_food,,,,,,43.357249,-79.782968,node,419364699,https://www.openstreetmap.org/node/419364699,"https://www.google.com/maps/search/?api=1&query=43.3572493,-79.7829683"
Mr. Sub,amenity:fast_food,,,,,,43.329819,-79.802387,node,621417433,https://www.openstreetmap.org/node/621417433,"https://www.google.com/maps/search/?api=1&query=43.3298191,-79.8023874"
Mr. Sub,amenity:fast_food,,,,,,43.518083,-79.878341,node,724847034,https://www.openstreetmap.org/node/724847034,"https://www.google.com/maps/search/?api=1&query=43.5180832,-79.8783414"
Mr. Sub,amenity:fast_food,,,,,,43.609683,-79.750951,node,1336825601,https://www.openstreetmap.org/node/1336825601,"https://www.google.com/maps/search/?api=1&query=43.6096826,-79.7509506"
Mr. Sub,amenity:fast_food,+1 9058120401,,,,,43.583399,-79.761871,node,1782117606,https://www.openstreetmap.org/node/1782117606,"https://www.google.com/maps/search/?api=1&query=43.5833992,-79.7618711"
Mr. Sub,amenity:fast_food,,,,,,43.723760,-79.813824,node,1918832283,https://www.openstreetmap.org/node/1918832283,"https://www.google.com/maps/search/?api=1&query=43.7237601,-79.8138243"
Mr. Sub,amenity:fast_food,,,,,,43.365259,-79.819788,node,2562373637,https://www.openstreetmap.org/node/2562373637,"https://www.google.com/maps/search/?api=1&query=43.3652594,-79.8197876"
Mr. Sub,amenity:fast_food,,,,,,43.368287,-79.754298,node,3635872054,https://www.openstreetmap.org/node/3635872054,"https://www.google.com/maps/search/?api=1&query=43.3682874,-79.7542982"
Mr. Sub,amenity:fast_food,,,,,,43.645658,-79.704692,node,3959776421,https://www.openstreetmap.org/node/3959776421,"https://www.google.com/maps/search/?api=1&query=43.6456581,-79.7046918"
Mr. Sub,amenity:fast_food,,900,Maple Avenue,Burlington,,43.325727,-79.820924,node,4308208884,https://www.openstreetmap.org/node/4308208884,"https://www.google.com/maps/search/?api=1&query=43.3257269,-79.8209237"
Mr. Sub,amenity:fast_food,,,,,,43.437611,-79.741869,node,4514533593,https://www.openstreetmap.org/node/4514533593,"https://www.google.com/maps/search/?api=1&query=43.4376111,-79.7418689"
Mr. Sub,amenity:fast_food,,667,Fourth Line,Oakville,L6L 5B5,43.434415,-79.702581,node,4640761644,https://www.openstreetmap.org/node/4640761644,"https://www.google.com/maps/search/?api=1&query=43.4344148,-79.7025814"
Mr. Sub,amenity:fast_food,,280,Guelph Street,,,43.648456,-79.899522,node,6533004823,https://www.openstreetmap.org/node/6533004823,"https://www.google.com/maps/search/?api=1&query=43.6484557,-79.8995221"
Mr. Sub,amenity:fast_food,,,,,,43.695908,-79.799839,node,6546851774,https://www.openstreetmap.org/node/6546851774,"https://www.google.com/maps/search/?api=1&query=43.6959076,-79.7998394"
Mr. Sub,amenity:fast_food,,,,,,43.348911,-79.795046,node,6629399728,https://www.openstreetmap.org/node/6629399728,"https://www.google.com/maps/search/?api=1&query=43.3489111,-79.7950465"
Mr. Sub,amenity:fast_food,,,,,,43.332050,-79.896020,node,7196277790,https://www.openstreetmap.org/node/7196277790,"https://www.google.com/maps/search/?api=1&query=43.3320501,-79.8960201"
Mr. Sub,amenity:fast_food,,,,,,43.320643,-79.833676,node,7770159422,https://www.openstreetmap.org/node/7770159422,"https://www.google.com/maps/search/?api=1&query=43.3206429,-79.8336759"
Mr. Sub,amenity:fast_food,,,,,,43.526314,-79.866413,node,10934590739,https://www.openstreetmap.org/node/10934590739,"https://www.google.com/maps/search/?api=1&query=43.5263143,-79.8664134"
Mr. Sub,amenity:fast_food,,,,,,43.677287,-79.747583,node,11417804802,https://www.openstreetmap.org/node/11417804802,"https://www.google.com/maps/search/?api=1&query=43.6772868,-79.7475834"
Mucho Burrito,amenity:fast_food,+1-905-203-0048,890,Main Street East,Milton,L9T 0J9,43.526162,-79.865515,node,725881895,https://www.openstreetmap.org/node/725881895,"https://www.google.com/maps/search/?api=1&query=43.5261621,-79.8655146"
Mucho Burrito,amenity:fast_food,,,,,,43.391643,-79.789826,node,7059152369,https://www.openstreetmap.org/node/7059152369,"https://www.google.com/maps/search/?api=1&query=43.3916434,-79.7898262"
Mucho Burrito,amenity:fast_food,,,,,,43.576807,-79.829435,node,12247264892,https://www.openstreetmap.org/node/12247264892,"https://www.google.com/maps/search/?api=1&query=43.5768073,-79.8294347"
Mucho Burrito,amenity:fast_food,,,,,,43.727508,-79.795546,node,12479647671,https://www.openstreetmap.org/node/12479647671,"https://www.google.com/maps/search/?api=1&query=43.7275083,-79.7955456"
Mumma's Burritos,amenity:fast_food,,,,,,43.657960,-79.741509,node,7195543526,https://www.openstreetmap.org/node/7195543526,"https://www.google.com/maps/search/?api=1&query=43.6579597,-79.7415092"
New York Fries,amenity:fast_food,,,,,,43.715040,-79.722088,node,3849723164,https://www.openstreetmap.org/node/3849723164,"https://www.google.com/maps/search/?api=1&query=43.7150396,-79.7220882"
New York Fries,amenity:fast_food,,5100,Erin Mills Parkway,,,43.558927,-79.711220,node,6556575946,https://www.openstreetmap.org/node/6556575946,"https://www.google.com/maps/search/?api=1&query=43.5589273,-79.7112201"
New York Fries,amenity:fast_food,,,,,,43.348847,-79.795171,node,6629399726,https://www.openstreetmap.org/node/6629399726,"https://www.google.com/maps/search/?api=1&query=43.3488466,-79.7951714"
New York Fries,amenity:fast_food,,,,,,43.325598,-79.820367,node,6632464365,https://www.openstreetmap.org/node/6632464365,"https://www.google.com/maps/search/?api=1&query=43.3255977,-79.8203671"
New York Fries,amenity:fast_food,,,,,,43.575629,-79.829465,node,6655586811,https://www.openstreetmap.org/node/6655586811,"https://www.google.com/maps/search/?api=1&query=43.5756292,-79.8294649"
Orange Julius,amenity:fast_food,,,,,,43.699457,-79.822162,node,6546306560,https://www.openstreetmap.org/node/6546306560,"https://www.google.com/maps/search/?api=1&query=43.6994573,-79.8221621"
Orange Julius,amenity:fast_food,,,,,,43.715285,-79.721037,node,6659692326,https://www.openstreetmap.org/node/6659692326,"https://www.google.com/maps/search/?api=1&query=43.7152853,-79.7210374"
Osmow's,amenity:fast_food,,,,,,43.714735,-79.721681,node,3849723165,https://www.openstreetmap.org/node/3849723165,"https://www.google.com/maps/search/?api=1&query=43.7147346,-79.7216809"
Osmow's,amenity:fast_food,,,,,,43.635631,-79.787767,node,7249184944,https://www.openstreetmap.org/node/7249184944,"https://www.google.com/maps/search/?api=1&query=43.6356313,-79.7877667"
Osmow's,amenity:fast_food,,5,Mountainview Road North,Georgetown,L7G 4T3,43.650819,-79.903049,node,7403256159,https://www.openstreetmap.org/node/7403256159,"https://www.google.com/maps/search/?api=1&query=43.6508193,-79.9030488"
Osmow's,amenity:fast_food,,,,,,43.666199,-79.732486,node,13093226175,https://www.openstreetmap.org/node/13093226175,"https://www.google.com/maps/search/?api=1&query=43.6661995,-79.7324857"
Panago,amenity:fast_food,,,,,,43.610329,-79.748508,node,1336834837,https://www.openstreetmap.org/node/1336834837,"https://www.google.com/maps/search/?api=1&query=43.6103285,-79.7485082"
Panera Bread,amenity:fast_food,,,,,,43.449253,-79.702983,node,2595998241,https://www.openstreetmap.org/node/2595998241,"https://www.google.com/maps/search/?api=1&query=43.4492526,-79.702983"
Papa John's,amenity:fast_food,,,,,,43.540387,-79.739751,node,3762011812,https://www.openstreetmap.org/node/3762011812,"https://www.google.com/maps/search/?api=1&query=43.5403873,-79.7397509"
Papa John's,amenity:fast_food,,,,,,43.345644,-79.795815,node,5376969909,https://www.openstreetmap.org/node/5376969909,"https://www.google.com/maps/search/?api=1&query=43.3456444,-79.795815"
Paradise Chicken,amenity:fast_food,,5618,Tenth Line West,,,43.558932,-79.742836,node,3757673082,https://www.openstreetmap.org/node/3757673082,"https://www.google.com/maps/search/?api=1&query=43.5589322,-79.7428357"
Philthy Philly's,amenity:fast_food,,,,,,43.691699,-79.754279,node,13357916415,https://www.openstreetmap.org/node/13357916415,"https://www.google.com/maps/search/?api=1&query=43.6916992,-79.7542791"
Philthy Philly’s,amenity:fast_food,,,,,,43.523235,-79.899756,node,10934120382,https://www.openstreetmap.org/node/10934120382,"https://www.google.com/maps/search/?api=1&query=43.5232348,-79.8997562"
Pho-Mi 66,amenity:fast_food,,,,,,43.680119,-79.718380,node,4425284265,https://www.openstreetmap.org/node/4425284265,"https://www.google.com/maps/search/?api=1&query=43.6801187,-79.7183798"
Pita & Dish Shawarma,amenity:fast_food,,,,,,43.346084,-79.799657,node,7061114684,https://www.openstreetmap.org/node/7061114684,"https://www.google.com/maps/search/?api=1&query=43.3460837,-79.7996567"
Pita Boss,amenity:fast_food,+1-905-785-1100,,,,,43.583567,-79.778641,node,3976485258,https://www.openstreetmap.org/node/3976485258,"https://www.google.com/maps/search/?api=1&query=43.5835671,-79.7786412"
Pita Factory,amenity:fast_food,,,,,,43.522730,-79.900050,node,3352537308,https://www.openstreetmap.org/node/3352537308,"https://www.google.com/maps/search/?api=1&query=43.52273,-79.9000499"
Pita Land,amenity:fast_food,,,,,,43.714858,-79.722039,node,3852186217,https://www.openstreetmap.org/node/3852186217,"https://www.google.com/maps/search/?api=1&query=43.7148577,-79.7220388"
Pita Land,amenity:fast_food,,,,,,43.707153,-79.787722,node,6546951261,https://www.openstreetmap.org/node/6546951261,"https://www.google.com/maps/search/?api=1&query=43.7071529,-79.7877219"
Pita Nutso,amenity:fast_food,,3450,Dundas Street,Burlington,L7M 4B8,43.390579,-79.824814,node,4632324342,https://www.openstreetmap.org/node/4632324342,"https://www.google.com/maps/search/?api=1&query=43.3905794,-79.8248141"
Pita Pit,amenity:fast_food,,,,,,43.656554,-79.814220,node,1930527632,https://www.openstreetmap.org/node/1930527632,"https://www.google.com/maps/search/?api=1&query=43.6565544,-79.81422"
Pita Pit,amenity:fast_food,,1250,Brant Street,Burlington,,43.343142,-79.827365,node,2168883184,https://www.openstreetmap.org/node/2168883184,"https://www.google.com/maps/search/?api=1&query=43.3431425,-79.8273647"
Pita Pit,amenity:fast_food,,,,,,43.540242,-79.874325,node,2199853502,https://www.openstreetmap.org/node/2199853502,"https://www.google.com/maps/search/?api=1&query=43.5402424,-79.8743251"
Pita Pit,amenity:fast_food,,,,,,43.650669,-79.896349,node,2303357185,https://www.openstreetmap.org/node/2303357185,"https://www.google.com/maps/search/?api=1&query=43.6506692,-79.8963493"
Pita Pit,amenity:fast_food,,,,,,43.685750,-79.759558,node,2305097016,https://www.openstreetmap.org/node/2305097016,"https://www.google.com/maps/search/?api=1&query=43.6857502,-79.7595577"
Pita Pit,amenity:fast_food,,,,,,43.391453,-79.789210,node,3527019772,https://www.openstreetmap.org/node/3527019772,"https://www.google.com/maps/search/?api=1&query=43.391453,-79.7892102"
Pita Pit,amenity:fast_food,,,,,,43.368546,-79.754625,node,3635872074,https://www.openstreetmap.org/node/3635872074,"https://www.google.com/maps/search/?api=1&query=43.368546,-79.7546252"
Pita Pit,amenity:fast_food,,,,,,43.354891,-79.786397,node,3868398487,https://www.openstreetmap.org/node/3868398487,"https://www.google.com/maps/search/?api=1&query=43.3548914,-79.7863967"
Pita Pit,amenity:fast_food,,,,,,43.393673,-79.823567,node,7060850399,https://www.openstreetmap.org/node/7060850399,"https://www.google.com/maps/search/?api=1&query=43.3936726,-79.8235674"
Pita Pros,amenity:fast_food,,,,,,43.587325,-79.740494,node,4017888658,https://www.openstreetmap.org/node/4017888658,"https://www.google.com/maps/search/?api=1&query=43.5873255,-79.7404945"
Pitso Nutso,amenity:fast_food,,,,,,43.497198,-79.874426,node,2196760321,https://www.openstreetmap.org/node/2196760321,"https://www.google.com/maps/search/?api=1&query=43.497198,-79.8744257"
Pizza,amenity:fast_food,,,,,,43.464615,-79.709831,node,292646070,https://www.openstreetmap.org/node/292646070,"https://www.google.com/maps/search/?api=1&query=43.4646147,-79.7098306"
Pizza & Wings,amenity:fast_food,,,,,,43.426426,-79.726653,node,1568017864,https://www.openstreetmap.org/node/1568017864,"https://www.google.com/maps/search/?api=1&query=43.426426,-79.726653"
Pizza & Wings,amenity:fast_food,,,,,,43.724976,-79.716071,node,11406247525,https://www.openstreetmap.org/node/11406247525,"https://www.google.com/maps/search/?api=1&query=43.7249756,-79.7160715"
Pizza 360,amenity:fast_food,,,,,,43.512453,-79.885124,node,10934196799,https://www.openstreetmap.org/node/10934196799,"https://www.google.com/maps/search/?api=1&query=43.5124533,-79.8851239"
Pizza Bite,amenity:fast_food,,52,Baycliffe Crescent,,,43.676657,-79.824751,node,3942783760,https://www.openstreetmap.org/node/3942783760,"https://www.google.com/maps/search/?api=1&query=43.6766575,-79.8247514"
Pizza Bros,amenity:fast_food,,,,,,43.583233,-79.729146,node,12865642491,https://www.openstreetmap.org/node/12865642491,"https://www.google.com/maps/search/?api=1&query=43.5832326,-79.7291462"
Pizza Cravin,amenity:fast_food,,,,,,43.663613,-79.732120,node,13093244502,https://www.openstreetmap.org/node/13093244502,"https://www.google.com/maps/search/?api=1&query=43.663613,-79.7321202"
Pizza Deport,amenity:fast_food,,,,,,43.675354,-79.806052,node,4004214049,https://www.openstreetmap.org/node/4004214049,"https://www.google.com/maps/search/?api=1&query=43.6753544,-79.8060524"
Pizza Depot,amenity:fast_food,,,,,,43.632613,-79.769102,node,1930059354,https://www.openstreetmap.org/node/1930059354,"https://www.google.com/maps/search/?api=1&query=43.6326125,-79.7691018"
Pizza Depot,amenity:fast_food,+1-905-854-9711,,,,,43.642740,-79.746923,node,4006780651,https://www.openstreetmap.org/node/4006780651,"https://www.google.com/maps/search/?api=1&query=43.6427398,-79.7469226"
Pizza Depot,amenity:fast_food,,,,,,43.708005,-79.733625,node,6532871860,https://www.openstreetmap.org/node/6532871860,"https://www.google.com/maps/search/?api=1&query=43.7080055,-79.7336251"
Pizza Hut,amenity:fast_food,,,,,,43.488680,-79.717082,node,12893795217,https://www.openstreetmap.org/node/12893795217,"https://www.google.com/maps/search/?api=1&query=43.48868,-79.7170823"
Pizza Hut Delivery,amenity:fast_food,,,,,,43.667696,-79.733390,node,431144157,https://www.openstreetmap.org/node/431144157,"https://www.google.com/maps/search/?api=1&query=43.6676962,-79.7333901"
Pizza Hut Delivery,amenity:fast_food,,,,,,43.511663,-79.855347,node,1912292117,https://www.openstreetmap.org/node/1912292117,"https://www.google.com/maps/search/?api=1&query=43.5116635,-79.8553471"
Pizza Hut Delivery,amenity:fast_food,,,,,,43.367404,-79.752843,node,3997759001,https://www.openstreetmap.org/node/3997759001,"https://www.google.com/maps/search/?api=1&query=43.3674039,-79.7528427"
Pizza Hut Delivery,amenity:fast_food,,,,,,43.587167,-79.740565,node,4017888659,https://www.openstreetmap.org/node/4017888659,"https://www.google.com/maps/search/?api=1&query=43.5871666,-79.7405646"
Pizza Hut Delivery,amenity:fast_food,,,,,,43.695885,-79.799767,node,6546851775,https://www.openstreetmap.org/node/6546851775,"https://www.google.com/maps/search/?api=1&query=43.6958853,-79.799767"
Pizza Hut Express,amenity:fast_food,,,,,,43.629812,-79.877405,node,4341946162,https://www.openstreetmap.org/node/4341946162,"https://www.google.com/maps/search/?api=1&query=43.6298124,-79.8774049"
Pizza Nova,amenity:fast_food,,,,,,43.621614,-79.743216,node,1409297566,https://www.openstreetmap.org/node/1409297566,"https://www.google.com/maps/search/?api=1&query=43.621614,-79.7432159"
Pizza Nova,amenity:fast_food,,,,,,43.444514,-79.727796,node,1601772833,https://www.openstreetmap.org/node/1601772833,"https://www.google.com/maps/search/?api=1&query=43.4445142,-79.7277957"
Pizza Nova,amenity:fast_food,,369,Mountainview Road South,,,43.631875,-79.876036,node,1840749952,https://www.openstreetmap.org/node/1840749952,"https://www.google.com/maps/search/?api=1&query=43.631875,-79.8760355"
Pizza Nova,amenity:fast_food,,,,,,43.723835,-79.813941,node,1918832333,https://www.openstreetmap.org/node/1918832333,"https://www.google.com/maps/search/?api=1&query=43.7238348,-79.8139415"
Pizza Nova,amenity:fast_food,,,,,,43.388429,-79.748297,node,2022283917,https://www.openstreetmap.org/node/2022283917,"https://www.google.com/maps/search/?api=1&query=43.3884292,-79.7482972"
Pizza Nova,amenity:fast_food,,6040,Glen Erin Drive,,,43.574754,-79.739142,node,2098231217,https://www.openstreetmap.org/node/2098231217,"https://www.google.com/maps/search/?api=1&query=43.5747537,-79.739142"
Pizza Nova,amenity:fast_food,,,,,,43.496860,-79.872884,node,2196760306,https://www.openstreetmap.org/node/2196760306,"https://www.google.com/maps/search/?api=1&query=43.4968601,-79.872884"
Pizza Nova,amenity:fast_food,,,,,,43.526116,-79.865568,node,2198941250,https://www.openstreetmap.org/node/2198941250,"https://www.google.com/maps/search/?api=1&query=43.5261155,-79.8655682"
Pizza Nova,amenity:fast_food,+1-416-439-0000,,,,,43.575881,-79.783587,node,3762117268,https://www.openstreetmap.org/node/3762117268,"https://www.google.com/maps/search/?api=1&query=43.5758811,-79.7835869"
Pizza Nova,amenity:fast_food,+1-416-439-0000,,,,,43.450575,-79.758891,node,3898599964,https://www.openstreetmap.org/node/3898599964,"https://www.google.com/maps/search/?api=1&query=43.4505749,-79.7588906"
Pizza Nova,amenity:fast_food,,280,Guelph Street,,,43.648497,-79.899467,node,6533004824,https://www.openstreetmap.org/node/6533004824,"https://www.google.com/maps/search/?api=1&query=43.6484974,-79.899467"
Pizza Nova,amenity:fast_food,,,,,,43.707077,-79.787622,node,6546951262,https://www.openstreetmap.org/node/6546951262,"https://www.google.com/maps/search/?api=1&query=43.7070773,-79.7876219"
Pizza Nova,amenity:fast_food,,,,,,43.372992,-79.809496,node,7061051901,https://www.openstreetmap.org/node/7061051901,"https://www.google.com/maps/search/?api=1&query=43.3729916,-79.809496"
Pizza Pienza,amenity:fast_food,,,,,,43.396788,-79.709610,node,9813319543,https://www.openstreetmap.org/node/9813319543,"https://www.google.com/maps/search/?api=1&query=43.3967885,-79.7096099"
Pizza Pizza,amenity:fast_food,,,,,,43.377827,-79.806054,node,288064488,https://www.openstreetmap.org/node/288064488,"https://www.google.com/maps/search/?api=1&query=43.3778266,-79.8060535"
Pizza Pizza,amenity:fast_food,,,,,,43.356802,-79.842261,node,288347889,https://www.openstreetmap.org/node/288347889,"https://www.google.com/maps/search/?api=1&query=43.3568019,-79.8422608"
Pizza Pizza,amenity:fast_food,,,,,,43.398891,-79.706955,node,385027456,https://www.openstreetmap.org/node/385027456,"https://www.google.com/maps/search/?api=1&query=43.3988912,-79.7069546"
Pizza Pizza,amenity:fast_food,,,,,,43.321756,-79.833449,node,419363330,https://www.openstreetmap.org/node/419363330,"https://www.google.com/maps/search/?api=1&query=43.3217562,-79.8334494"
Pizza Pizza,amenity:fast_food,,8975,Chinguacousy Road,,,43.667217,-79.778930,node,582742869,https://www.openstreetmap.org/node/582742869,"https://www.google.com/maps/search/?api=1&query=43.6672165,-79.7789295"
Pizza Pizza,amenity:fast_food,,,,,,43.706891,-79.784545,node,651219814,https://www.openstreetmap.org/node/651219814,"https://www.google.com/maps/search/?api=1&query=43.7068914,-79.7845446"
Pizza Pizza,amenity:fast_food,,5602,Tenth Line West,,,43.558442,-79.743743,node,761892129,https://www.openstreetmap.org/node/761892129,"https://www.google.com/maps/search/?api=1&query=43.5584425,-79.7437434"
Pizza Pizza,amenity:fast_food,,,,,,43.693519,-79.768250,node,887581927,https://www.openstreetmap.org/node/887581927,"https://www.google.com/maps/search/?api=1&query=43.6935186,-79.7682503"
Pizza Pizza,amenity:fast_food,,,,,,43.598932,-79.711881,node,1406559347,https://www.openstreetmap.org/node/1406559347,"https://www.google.com/maps/search/?api=1&query=43.5989324,-79.7118811"
Pizza Pizza,amenity:fast_food,,,,,,43.557863,-79.716592,node,1518740651,https://www.openstreetmap.org/node/1518740651,"https://www.google.com/maps/search/?api=1&query=43.557863,-79.7165921"
Pizza Pizza,amenity:fast_food,,,,,,43.727200,-79.796107,node,1868129810,https://www.openstreetmap.org/node/1868129810,"https://www.google.com/maps/search/?api=1&query=43.7272001,-79.7961074"
Pizza Pizza,amenity:fast_food,,,,,,43.726275,-79.813905,node,1898960330,https://www.openstreetmap.org/node/1898960330,"https://www.google.com/maps/search/?api=1&query=43.7262749,-79.813905"
Pizza Pizza,amenity:fast_food,,,,,,43.730283,-79.764948,node,1914199480,https://www.openstreetmap.org/node/1914199480,"https://www.google.com/maps/search/?api=1&query=43.7302829,-79.7649482"
Pizza Pizza,amenity:fast_food,,,,,,43.681444,-79.815305,node,1922035076,https://www.openstreetmap.org/node/1922035076,"https://www.google.com/maps/search/?api=1&query=43.6814444,-79.8153047"
Pizza Pizza,amenity:fast_food,,,,,,43.656615,-79.814129,node,1930527681,https://www.openstreetmap.org/node/1930527681,"https://www.google.com/maps/search/?api=1&query=43.6566146,-79.8141288"
Pizza Pizza,amenity:fast_food,,,,,,43.437600,-79.740469,node,1960821033,https://www.openstreetmap.org/node/1960821033,"https://www.google.com/maps/search/?api=1&query=43.4375998,-79.7404685"
Pizza Pizza,amenity:fast_food,,,,,,43.345429,-79.794550,node,1969362913,https://www.openstreetmap.org/node/1969362913,"https://www.google.com/maps/search/?api=1&query=43.3454288,-79.7945498"
Pizza Pizza,amenity:fast_food,,,,,,43.465853,-79.743230,node,2138422532,https://www.openstreetmap.org/node/2138422532,"https://www.google.com/maps/search/?api=1&query=43.465853,-79.7432303"
Pizza Pizza,amenity:fast_food,,,,,,43.508238,-79.861636,node,2199778667,https://www.openstreetmap.org/node/2199778667,"https://www.google.com/maps/search/?api=1&query=43.5082384,-79.8616362"
Pizza Pizza,amenity:fast_food,,,,,,43.593105,-79.764854,node,3415046360,https://www.openstreetmap.org/node/3415046360,"https://www.google.com/maps/search/?api=1&query=43.593105,-79.7648541"
Pizza Pizza,amenity:fast_food,,,,,,43.593978,-79.729627,node,3458643217,https://www.openstreetmap.org/node/3458643217,"https://www.google.com/maps/search/?api=1&query=43.5939784,-79.7296274"
Pizza Pizza,amenity:fast_food,,,,,,43.580243,-79.757948,node,3944582761,https://www.openstreetmap.org/node/3944582761,"https://www.google.com/maps/search/?api=1&query=43.5802433,-79.7579483"
Pizza Pizza,amenity:fast_food,+1-416-967-1111,,,,,43.636086,-79.718692,node,3958840857,https://www.openstreetmap.org/node/3958840857,"https://www.google.com/maps/search/?api=1&query=43.6360857,-79.7186916"
Pizza Pizza,amenity:fast_food,,,,,,43.498056,-79.706480,node,4870843997,https://www.openstreetmap.org/node/4870843997,"https://www.google.com/maps/search/?api=1&query=43.4980558,-79.7064804"
Pizza Pizza,amenity:fast_food,,,,,,43.360263,-79.780475,node,5756677823,https://www.openstreetmap.org/node/5756677823,"https://www.google.com/maps/search/?api=1&query=43.3602627,-79.7804751"
Pizza Pizza,amenity:fast_food,,,,,,43.701982,-79.741805,node,6226609529,https://www.openstreetmap.org/node/6226609529,"https://www.google.com/maps/search/?api=1&query=43.7019825,-79.7418049"
Pizza Pizza,amenity:fast_food,,,,,,43.406602,-79.806084,node,7059201049,https://www.openstreetmap.org/node/7059201049,"https://www.google.com/maps/search/?api=1&query=43.4066015,-79.8060843"
Pizza Pizza,amenity:fast_food,,,,,,43.656272,-79.738389,node,7195543542,https://www.openstreetmap.org/node/7195543542,"https://www.google.com/maps/search/?api=1&query=43.6562716,-79.7383886"
Pizza Pizza,amenity:fast_food,,,,,,43.467983,-79.700620,node,7196256905,https://www.openstreetmap.org/node/7196256905,"https://www.google.com/maps/search/?api=1&query=43.4679834,-79.7006195"
Pizza Pizza,amenity:fast_food,,,,,,43.331135,-79.898686,node,7196261780,https://www.openstreetmap.org/node/7196261780,"https://www.google.com/maps/search/?api=1&query=43.3311354,-79.8986858"
Pizza Pizza,amenity:fast_food,,,,,,43.633135,-79.784364,node,7249184947,https://www.openstreetmap.org/node/7249184947,"https://www.google.com/maps/search/?api=1&query=43.633135,-79.7843637"
Pizza Pizza,amenity:fast_food,,,,,,43.655490,-79.743139,node,7320195979,https://www.openstreetmap.org/node/7320195979,"https://www.google.com/maps/search/?api=1&query=43.6554899,-79.7431393"
Pizza Pizza,amenity:fast_food,,,,,,43.675970,-79.745870,node,10823000927,https://www.openstreetmap.org/node/10823000927,"https://www.google.com/maps/search/?api=1&query=43.6759695,-79.7458697"
Pizza Point,amenity:fast_food,,,,,,43.714641,-79.779559,node,6547160014,https://www.openstreetmap.org/node/6547160014,"https://www.google.com/maps/search/?api=1&query=43.7146415,-79.7795592"
Pizza2Go,amenity:fast_food,+1 9054520660,,,,,43.664912,-79.781524,node,12810715916,https://www.openstreetmap.org/node/12810715916,"https://www.google.com/maps/search/?api=1&query=43.6649119,-79.7815237"
Pizza2Go,amenity:fast_food,,,,,,43.662747,-79.727744,node,13093233403,https://www.openstreetmap.org/node/13093233403,"https://www.google.com/maps/search/?api=1&query=43.6627466,-79.7277435"
Pizzaville,amenity:fast_food,,,,,,43.658957,-79.749740,node,582757831,https://www.openstreetmap.org/node/582757831,"https://www.google.com/maps/search/?api=1&query=43.6589569,-79.7497401"
Pizzaville,amenity:fast_food,,,,,,43.469004,-79.718273,node,1621005987,https://www.openstreetmap.org/node/1621005987,"https://www.google.com/maps/search/?api=1&query=43.4690038,-79.7182733"
Pizzaville,amenity:fast_food,,,,,,43.318110,-79.909893,node,1866579605,https://www.openstreetmap.org/node/1866579605,"https://www.google.com/maps/search/?api=1&query=43.3181097,-79.9098932"
Pizzaville,amenity:fast_food,+1-416-736-3636,,,,,43.508626,-79.837445,node,2215544991,https://www.openstreetmap.org/node/2215544991,"https://www.google.com/maps/search/?api=1&query=43.5086256,-79.8374449"
Pizzaville,amenity:fast_food,,1015,Bronte Street South,Milton,,43.488249,-79.858949,node,3617870753,https://www.openstreetmap.org/node/3617870753,"https://www.google.com/maps/search/?api=1&query=43.4882488,-79.858949"
Pizzaville,amenity:fast_food,+1-905-736-3636,,,,,43.565531,-79.729852,node,3999964434,https://www.openstreetmap.org/node/3999964434,"https://www.google.com/maps/search/?api=1&query=43.5655305,-79.7298522"
Pizzaville,amenity:fast_food,,,,,,43.466279,-79.744168,node,4408417110,https://www.openstreetmap.org/node/4408417110,"https://www.google.com/maps/search/?api=1&query=43.4662789,-79.7441683"
Pizzaville,amenity:fast_food,,,,,,43.717917,-79.742763,node,6547928864,https://www.openstreetmap.org/node/6547928864,"https://www.google.com/maps/search/?api=1&query=43.7179171,-79.7427627"
Pizzaville,amenity:fast_food,,,,,,43.391885,-79.790630,node,7059152371,https://www.openstreetmap.org/node/7059152371,"https://www.google.com/maps/search/?api=1&query=43.3918851,-79.7906296"
Pizzaville,amenity:fast_food,,,,,,43.586863,-79.773691,node,12720461637,https://www.openstreetmap.org/node/12720461637,"https://www.google.com/maps/search/?api=1&query=43.5868635,-79.7736914"
Popeyes,amenity:fast_food,,,,,,43.667720,-79.734411,node,431144155,https://www.openstreetmap.org/node/431144155,"https://www.google.com/maps/search/?api=1&query=43.6677203,-79.7344115"
Popeyes,amenity:fast_food,,,,,,43.338809,-79.817166,node,2168903432,https://www.openstreetmap.org/node/2168903432,"https://www.google.com/maps/search/?api=1&query=43.3388091,-79.8171658"
Popeyes,amenity:fast_food,,,,,,43.535536,-79.875713,node,2193602436,https://www.openstreetmap.org/node/2193602436,"https://www.google.com/maps/search/?api=1&query=43.5355364,-79.8757131"
Popeyes,amenity:fast_food,,,,,,43.681670,-79.815091,node,2753044513,https://www.openstreetmap.org/node/2753044513,"https://www.google.com/maps/search/?api=1&query=43.68167,-79.8150906"
Popeyes,amenity:fast_food,,6750,Winston Churchill Boulevard,,,43.582339,-79.764888,node,3440048492,https://www.openstreetmap.org/node/3440048492,"https://www.google.com/maps/search/?api=1&query=43.5823392,-79.7648884"
Popeyes,amenity:fast_food,,,,,,43.714748,-79.726115,node,3474140075,https://www.openstreetmap.org/node/3474140075,"https://www.google.com/maps/search/?api=1&query=43.7147478,-79.7261147"
Popeyes,amenity:fast_food,,,,,,43.715357,-79.721024,node,3849723167,https://www.openstreetmap.org/node/3849723167,"https://www.google.com/maps/search/?api=1&query=43.7153572,-79.7210245"
Popeyes,amenity:fast_food,,7080,Saint Barbara Boulevard,,,43.637148,-79.716968,node,3958848208,https://www.openstreetmap.org/node/3958848208,"https://www.google.com/maps/search/?api=1&query=43.6371484,-79.7169684"
Popeyes,amenity:fast_food,,,,,,43.633137,-79.770370,node,4004464051,https://www.openstreetmap.org/node/4004464051,"https://www.google.com/maps/search/?api=1&query=43.6331366,-79.7703699"
Popeyes,amenity:fast_food,,,,,,43.659814,-79.814282,node,4006774596,https://www.openstreetmap.org/node/4006774596,"https://www.google.com/maps/search/?api=1&query=43.6598139,-79.8142816"
Popeyes,amenity:fast_food,,,,,,43.466366,-79.745349,node,4514685707,https://www.openstreetmap.org/node/4514685707,"https://www.google.com/maps/search/?api=1&query=43.4663659,-79.7453485"
Popeyes,amenity:fast_food,,,,,,43.702134,-79.741613,node,6226609530,https://www.openstreetmap.org/node/6226609530,"https://www.google.com/maps/search/?api=1&query=43.7021344,-79.7416132"
Popeyes,amenity:fast_food,,,,,,43.391646,-79.788984,node,7059152365,https://www.openstreetmap.org/node/7059152365,"https://www.google.com/maps/search/?api=1&query=43.391646,-79.788984"
Popeyes,amenity:fast_food,,,,,,43.388201,-79.747373,node,12847045508,https://www.openstreetmap.org/node/12847045508,"https://www.google.com/maps/search/?api=1&query=43.3882013,-79.7473728"
Popular Pizza,amenity:fast_food,,,,,,43.688365,-79.805064,node,6546837474,https://www.openstreetmap.org/node/6546837474,"https://www.google.com/maps/search/?api=1&query=43.6883652,-79.8050644"
Popular Pizza,amenity:fast_food,,,,,,43.650084,-79.907002,node,10981542085,https://www.openstreetmap.org/node/10981542085,"https://www.google.com/maps/search/?api=1&query=43.650084,-79.9070015"
Potato Corner,amenity:fast_food,,,,,,43.714874,-79.722080,node,12863283257,https://www.openstreetmap.org/node/12863283257,"https://www.google.com/maps/search/?api=1&query=43.7148742,-79.7220795"
Potluck Caribbean Cuisine,amenity:fast_food,,,,,,43.580107,-79.759051,node,3944582787,https://www.openstreetmap.org/node/3944582787,"https://www.google.com/maps/search/?api=1&query=43.580107,-79.7590511"
Pots & Potatoes,amenity:fast_food,,,,,,43.354642,-79.769220,node,3760804716,https://www.openstreetmap.org/node/3760804716,"https://www.google.com/maps/search/?api=1&query=43.354642,-79.7692197"
Poulet Rouge,amenity:fast_food,,5100,Erin Mills Parkway,,,43.558935,-79.711062,node,6556575936,https://www.openstreetmap.org/node/6556575936,"https://www.google.com/maps/search/?api=1&query=43.5589346,-79.7110617"
Pretzelmaker,amenity:fast_food,,,,,,43.715278,-79.721644,node,6661106805,https://www.openstreetmap.org/node/6661106805,"https://www.google.com/maps/search/?api=1&query=43.7152785,-79.7216437"
Queen's Fish & Chips,amenity:fast_food,+1-905-826-4222,,,,,43.583370,-79.715822,node,3452961419,https://www.openstreetmap.org/node/3452961419,"https://www.google.com/maps/search/?api=1&query=43.5833697,-79.7158222"
Quesada,amenity:fast_food,,,,,,43.596115,-79.787300,node,1714830171,https://www.openstreetmap.org/node/1714830171,"https://www.google.com/maps/search/?api=1&query=43.5961151,-79.7872998"
Quesada,amenity:fast_food,,,,,,43.650771,-79.902990,node,2303134603,https://www.openstreetmap.org/node/2303134603,"https://www.google.com/maps/search/?api=1&query=43.6507707,-79.9029899"
Quesada,amenity:fast_food,,2000,Appleby Line,Burlington,L7L 7H7,43.393905,-79.791402,node,3732147423,https://www.openstreetmap.org/node/3732147423,"https://www.google.com/maps/search/?api=1&query=43.3939052,-79.7914024"
Quesada,amenity:fast_food,,,,,,43.707028,-79.787564,node,6546951263,https://www.openstreetmap.org/node/6546951263,"https://www.google.com/maps/search/?api=1&query=43.7070278,-79.7875636"
Quesada,amenity:fast_food,,,,,,43.372680,-79.762221,node,7060674441,https://www.openstreetmap.org/node/7060674441,"https://www.google.com/maps/search/?api=1&query=43.3726797,-79.7622209"
Quesada,amenity:fast_food,,,,,,43.678058,-79.721209,node,9777737067,https://www.openstreetmap.org/node/9777737067,"https://www.google.com/maps/search/?api=1&query=43.6780585,-79.721209"
Quiznos,amenity:fast_food,,,,,,43.517752,-79.877682,node,724833102,https://www.openstreetmap.org/node/724833102,"https://www.google.com/maps/search/?api=1&query=43.5177521,-79.8776819"
Quiznos,amenity:fast_food,,,,,,43.450576,-79.703296,node,3355181847,https://www.openstreetmap.org/node/3355181847,"https://www.google.com/maps/search/?api=1&query=43.4505761,-79.7032961"
Quiznos,amenity:fast_food,,,,,,43.621610,-79.743159,node,4006810067,https://www.openstreetmap.org/node/4006810067,"https://www.google.com/maps/search/?api=1&query=43.6216099,-79.7431588"
Rajdhani Express,amenity:fast_food,,,,,,43.715308,-79.723644,node,6663083622,https://www.openstreetmap.org/node/6663083622,"https://www.google.com/maps/search/?api=1&query=43.7153082,-79.7236438"
RC's Ice Cream,amenity:fast_food,,,,,,43.324769,-79.795716,node,1617384916,https://www.openstreetmap.org/node/1617384916,"https://www.google.com/maps/search/?api=1&query=43.3247688,-79.7957156"
Refuel Juicery,amenity:fast_food,,,,,,43.325643,-79.820319,node,6632464366,https://www.openstreetmap.org/node/6632464366,"https://www.google.com/maps/search/?api=1&query=43.3256425,-79.8203188"
Rendezvous Submarine Shop,amenity:fast_food,,,,,,43.348019,-79.827265,node,7061727764,https://www.openstreetmap.org/node/7061727764,"https://www.google.com/maps/search/?api=1&query=43.3480189,-79.8272648"
Right Wingers,amenity:fast_food,,,,,,43.367492,-79.826656,node,7061058098,https://www.openstreetmap.org/node/7061058098,"https://www.google.com/maps/search/?api=1&query=43.3674916,-79.8266558"
Royal Paan,amenity:fast_food,,,,,,43.683796,-79.812162,node,6546847868,https://www.openstreetmap.org/node/6546847868,"https://www.google.com/maps/search/?api=1&query=43.6837965,-79.8121615"
Royal Pizza,amenity:fast_food,+1-905-877-2277,,,,,43.650397,-79.911773,node,6535783954,https://www.openstreetmap.org/node/6535783954,"https://www.google.com/maps/search/?api=1&query=43.6503972,-79.9117727"
Royal Shawarma,amenity:fast_food,,,,,,43.426488,-79.726742,node,1568018573,https://www.openstreetmap.org/node/1568018573,"https://www.google.com/maps/search/?api=1&query=43.4264884,-79.7267415"
Ruby Thai Kitchen,amenity:fast_food,,,,,,43.325901,-79.820515,node,6632464372,https://www.openstreetmap.org/node/6632464372,"https://www.google.com/maps/search/?api=1&query=43.325901,-79.8205151"
Sai Express,amenity:fast_food,,,,,,43.686687,-79.806805,node,6546837482,https://www.openstreetmap.org/node/6546837482,"https://www.google.com/maps/search/?api=1&query=43.6866865,-79.8068051"
Sakis Shawarma & Gyro,amenity:fast_food,,,,,,43.322933,-79.832126,node,4044978961,https://www.openstreetmap.org/node/4044978961,"https://www.google.com/maps/search/?api=1&query=43.3229334,-79.8321264"
Sakura Ichiban,amenity:fast_food,,,,,,43.348627,-79.795002,node,6629399732,https://www.openstreetmap.org/node/6629399732,"https://www.google.com/maps/search/?api=1&query=43.3486267,-79.7950021"
Sakura Ichiban,amenity:fast_food,,,,,,43.325698,-79.820334,node,6632429815,https://www.openstreetmap.org/node/6632429815,"https://www.google.com/maps/search/?api=1&query=43.3256983,-79.8203341"
Sammy's Famous Donairs,amenity:fast_food,,,,,,43.339489,-79.784688,node,7061242989,https://www.openstreetmap.org/node/7061242989,"https://www.google.com/maps/search/?api=1&query=43.3394885,-79.7846876"
Sammy's Famous Old Fashion Chip Wagon,amenity:fast_food,,,,,,43.396265,-79.709420,node,385027472,https://www.openstreetmap.org/node/385027472,"https://www.google.com/maps/search/?api=1&query=43.3962652,-79.7094197"
Second Grill,amenity:fast_food,,,,,,43.557219,-79.756332,node,2014556990,https://www.openstreetmap.org/node/2014556990,"https://www.google.com/maps/search/?api=1&query=43.5572192,-79.7563319"
Sector 17,amenity:fast_food,,,,,,43.655425,-79.743038,node,7320195980,https://www.openstreetmap.org/node/7320195980,"https://www.google.com/maps/search/?api=1&query=43.6554252,-79.7430377"
Shanghai 360,amenity:fast_food,,,,,,43.714763,-79.721873,node,3849723168,https://www.openstreetmap.org/node/3849723168,"https://www.google.com/maps/search/?api=1&query=43.7147627,-79.7218727"
Shanghai 360,amenity:fast_food,,5100,Erin Mills Parkway,,,43.559176,-79.711712,node,6556575930,https://www.openstreetmap.org/node/6556575930,"https://www.google.com/maps/search/?api=1&query=43.5591756,-79.7117118"
Shawarma Corner,amenity:fast_food,+1-289-270-0456,,,,,43.523164,-79.899865,node,2253855504,https://www.openstreetmap.org/node/2253855504,"https://www.google.com/maps/search/?api=1&query=43.5231639,-79.8998647"
Shawarma Hut,amenity:fast_food,,,,,,43.588986,-79.722862,node,3456746468,https://www.openstreetmap.org/node/3456746468,"https://www.google.com/maps/search/?api=1&query=43.5889858,-79.7228617"
Shawarma King,amenity:fast_food,,,,,,43.676302,-79.769358,node,7195548288,https://www.openstreetmap.org/node/7195548288,"https://www.google.com/maps/search/?api=1&query=43.6763016,-79.7693583"
Shawarma Queen,amenity:fast_food,,,,,,43.703553,-79.784689,node,6546952104,https://www.openstreetmap.org/node/6546952104,"https://www.google.com/maps/search/?api=1&query=43.7035527,-79.784689"
Shawarma Royale,amenity:fast_food,,,,,,43.634510,-79.787061,node,7249184940,https://www.openstreetmap.org/node/7249184940,"https://www.google.com/maps/search/?api=1&query=43.6345097,-79.7870611"
Smoke's Poutinerie,amenity:fast_food,,,,,,43.679966,-79.718584,node,9777700663,https://www.openstreetmap.org/node/9777700663,"https://www.google.com/maps/search/?api=1&query=43.6799661,-79.7185836"
Sona Grill,amenity:fast_food,,,,,,43.321366,-79.834243,node,7770691980,https://www.openstreetmap.org/node/7770691980,"https://www.google.com/maps/search/?api=1&query=43.3213658,-79.834243"
Souperlicious,amenity:fast_food,,,,,,43.714459,-79.779370,node,6547160011,https://www.openstreetmap.org/node/6547160011,"https://www.google.com/maps/search/?api=1&query=43.7144593,-79.7793695"
South Street Burger,amenity:fast_food,,,,,,43.388862,-79.748288,node,2022283983,https://www.openstreetmap.org/node/2022283983,"https://www.google.com/maps/search/?api=1&query=43.3888624,-79.7482878"
Sprouts,amenity:fast_food,,,,,,43.610439,-79.748603,node,1336832968,https://www.openstreetmap.org/node/1336832968,"https://www.google.com/maps/search/?api=1&query=43.610439,-79.748603"
Sub Corner,amenity:fast_food,,,,,,43.354122,-79.770206,node,1713655355,https://www.openstreetmap.org/node/1713655355,"https://www.google.com/maps/search/?api=1&query=43.3541219,-79.770206"
Sub Inspector,amenity:fast_food,,,,,,43.696255,-79.749201,node,934384610,https://www.openstreetmap.org/node/934384610,"https://www.google.com/maps/search/?api=1&query=43.6962548,-79.7492011"
Subway,amenity:fast_food,,,,,,43.378552,-79.807800,node,288064517,https://www.openstreetmap.org/node/288064517,"https://www.google.com/maps/search/?api=1&query=43.3785519,-79.8077996"
Subway,amenity:fast_food,,,,,,43.391106,-79.824001,node,288065236,https://www.openstreetmap.org/node/288065236,"https://www.google.com/maps/search/?api=1&query=43.3911055,-79.8240015"
Subway,amenity:fast_food,,,,,,43.677428,-79.719828,node,414587739,https://www.openstreetmap.org/node/414587739,"https://www.google.com/maps/search/?api=1&query=43.6774283,-79.719828"
Subway,amenity:fast_food,,,,,,43.583656,-79.716195,node,416029908,https://www.openstreetmap.org/node/416029908,"https://www.google.com/maps/search/?api=1&query=43.5836563,-79.716195"
Subway,amenity:fast_food,,,,,,43.372658,-79.761717,node,419369694,https://www.openstreetmap.org/node/419369694,"https://www.google.com/maps/search/?api=1&query=43.3726582,-79.7617167"
Subway,amenity:fast_food,,,,,,43.668542,-79.737481,node,431141536,https://www.openstreetmap.org/node/431141536,"https://www.google.com/maps/search/?api=1&query=43.6685423,-79.7374812"
Subway,amenity:fast_food,,,,,,43.651045,-79.903379,node,484154076,https://www.openstreetmap.org/node/484154076,"https://www.google.com/maps/search/?api=1&query=43.6510448,-79.9033786"
Subway,amenity:fast_food,,,,,,43.517167,-79.879265,node,725881759,https://www.openstreetmap.org/node/725881759,"https://www.google.com/maps/search/?api=1&query=43.5171671,-79.8792654"
Subway,amenity:fast_food,,,,,,43.696813,-79.751654,node,922168695,https://www.openstreetmap.org/node/922168695,"https://www.google.com/maps/search/?api=1&query=43.6968126,-79.7516542"
Subway,amenity:fast_food,,,,,,43.598796,-79.711653,node,1406559346,https://www.openstreetmap.org/node/1406559346,"https://www.google.com/maps/search/?api=1&query=43.5987965,-79.7116531"
Subway,amenity:fast_food,,,,,,43.426615,-79.726927,node,1568018919,https://www.openstreetmap.org/node/1568018919,"https://www.google.com/maps/search/?api=1&query=43.426615,-79.7269266"
Subway,amenity:fast_food,,,,,,43.366055,-79.822485,node,1595860550,https://www.openstreetmap.org/node/1595860550,"https://www.google.com/maps/search/?api=1&query=43.366055,-79.8224845"
Subway,amenity:fast_food,,,,,,43.596210,-79.787422,node,1714830169,https://www.openstreetmap.org/node/1714830169,"https://www.google.com/maps/search/?api=1&query=43.5962099,-79.7874216"
Subway,amenity:fast_food,,,,,,43.543681,-79.868078,node,1738484578,https://www.openstreetmap.org/node/1738484578,"https://www.google.com/maps/search/?api=1&query=43.5436809,-79.8680783"
Subway,amenity:fast_food,,,,,,43.318520,-79.911560,node,1866577774,https://www.openstreetmap.org/node/1866577774,"https://www.google.com/maps/search/?api=1&query=43.3185202,-79.91156"
Subway,amenity:fast_food,,,,,,43.730587,-79.821493,node,1913557898,https://www.openstreetmap.org/node/1913557898,"https://www.google.com/maps/search/?api=1&query=43.7305867,-79.8214932"
Subway,amenity:fast_food,,,,,,43.729643,-79.763862,node,1914199513,https://www.openstreetmap.org/node/1914199513,"https://www.google.com/maps/search/?api=1&query=43.7296433,-79.7638621"
Subway,amenity:fast_food,,,,,,43.681553,-79.815203,node,1922035129,https://www.openstreetmap.org/node/1922035129,"https://www.google.com/maps/search/?api=1&query=43.681553,-79.815203"
Subway,amenity:fast_food,,,,,,43.656504,-79.814298,node,1930527633,https://www.openstreetmap.org/node/1930527633,"https://www.google.com/maps/search/?api=1&query=43.6565039,-79.8142978"
Subway,amenity:fast_food,,,,,,43.449096,-79.705222,node,2011459492,https://www.openstreetmap.org/node/2011459492,"https://www.google.com/maps/search/?api=1&query=43.4490957,-79.7052224"
Subway,amenity:fast_food,,,,,,43.388537,-79.748494,node,2022283946,https://www.openstreetmap.org/node/2022283946,"https://www.google.com/maps/search/?api=1&query=43.3885373,-79.7484937"
Subway,amenity:fast_food,,,,,,43.464093,-79.742247,node,2138422534,https://www.openstreetmap.org/node/2138422534,"https://www.google.com/maps/search/?api=1&query=43.4640931,-79.7422473"
Subway,amenity:fast_food,,,,,,43.536379,-79.875441,node,2193602429,https://www.openstreetmap.org/node/2193602429,"https://www.google.com/maps/search/?api=1&query=43.5363791,-79.875441"
Subway,amenity:fast_food,,,,,,43.507338,-79.861685,node,2195678682,https://www.openstreetmap.org/node/2195678682,"https://www.google.com/maps/search/?api=1&query=43.5073384,-79.8616855"
Subway,amenity:fast_food,,,,,,43.491889,-79.878796,node,2210637630,https://www.openstreetmap.org/node/2210637630,"https://www.google.com/maps/search/?api=1&query=43.4918891,-79.8787962"
Subway,amenity:fast_food,,,,,,43.720119,-79.716089,node,2214561383,https://www.openstreetmap.org/node/2214561383,"https://www.google.com/maps/search/?api=1&query=43.7201193,-79.716089"
Subway,amenity:fast_food,,,,,,43.508666,-79.837515,node,2215544831,https://www.openstreetmap.org/node/2215544831,"https://www.google.com/maps/search/?api=1&query=43.5086665,-79.8375146"
Subway,amenity:fast_food,,,,,,43.723954,-79.717298,node,2266539920,https://www.openstreetmap.org/node/2266539920,"https://www.google.com/maps/search/?api=1&query=43.7239542,-79.7172984"
Subway,amenity:fast_food,,,,,,43.697351,-79.822741,node,2324930412,https://www.openstreetmap.org/node/2324930412,"https://www.google.com/maps/search/?api=1&query=43.6973511,-79.8227409"
Subway,amenity:fast_food,,,,,,43.356760,-79.844330,node,2698208733,https://www.openstreetmap.org/node/2698208733,"https://www.google.com/maps/search/?api=1&query=43.3567604,-79.8443305"
Subway,amenity:fast_food,,,,,,43.413041,-79.705775,node,2796879670,https://www.openstreetmap.org/node/2796879670,"https://www.google.com/maps/search/?api=1&query=43.4130415,-79.7057747"
Subway,amenity:fast_food,,,,,,43.343104,-79.959051,node,2801523304,https://www.openstreetmap.org/node/2801523304,"https://www.google.com/maps/search/?api=1&query=43.3431043,-79.9590514"
Subway,amenity:fast_food,,,,,,43.562647,-79.710590,node,2827188201,https://www.openstreetmap.org/node/2827188201,"https://www.google.com/maps/search/?api=1&query=43.5626467,-79.7105899"
Subway,amenity:fast_food,,,,,,43.339579,-79.817178,node,2951559834,https://www.openstreetmap.org/node/2951559834,"https://www.google.com/maps/search/?api=1&query=43.3395791,-79.8171785"
Subway,amenity:fast_food,,,,,,43.648643,-79.880190,node,3142826531,https://www.openstreetmap.org/node/3142826531,"https://www.google.com/maps/search/?api=1&query=43.6486427,-79.8801898"
Subway,amenity:fast_food,,,,,,43.665441,-79.780703,node,3220342885,https://www.openstreetmap.org/node/3220342885,"https://www.google.com/maps/search/?api=1&query=43.6654413,-79.7807027"
Subway,amenity:fast_food,,,,,,43.487296,-79.858749,node,3344582959,https://www.openstreetmap.org/node/3344582959,"https://www.google.com/maps/search/?api=1&query=43.4872958,-79.8587492"
Subway,amenity:fast_food,,,,,,43.522789,-79.900125,node,3352537309,https://www.openstreetmap.org/node/3352537309,"https://www.google.com/maps/search/?api=1&query=43.522789,-79.900125"
Subway,amenity:fast_food,,,,,,43.327320,-79.800462,node,3366425915,https://www.openstreetmap.org/node/3366425915,"https://www.google.com/maps/search/?api=1&query=43.3273202,-79.8004623"
Subway,amenity:fast_food,,,,,,43.583189,-79.764958,node,3440051384,https://www.openstreetmap.org/node/3440051384,"https://www.google.com/maps/search/?api=1&query=43.5831893,-79.764958"
Subway,amenity:fast_food,,,,,,43.391506,-79.789160,node,3527019774,https://www.openstreetmap.org/node/3527019774,"https://www.google.com/maps/search/?api=1&query=43.3915055,-79.7891598"
Subway,amenity:fast_food,,,,,,43.449451,-79.760965,node,3556589511,https://www.openstreetmap.org/node/3556589511,"https://www.google.com/maps/search/?api=1&query=43.4494508,-79.7609647"
Subway,amenity:fast_food,,,,,,43.337863,-79.785454,node,3607370618,https://www.openstreetmap.org/node/3607370618,"https://www.google.com/maps/search/?api=1&query=43.337863,-79.7854542"
Subway,amenity:fast_food,,,,,,43.354370,-79.769002,node,3760804706,https://www.openstreetmap.org/node/3760804706,"https://www.google.com/maps/search/?api=1&query=43.3543704,-79.7690025"
Subway,amenity:fast_food,,,,,,43.575996,-79.784134,node,3762117271,https://www.openstreetmap.org/node/3762117271,"https://www.google.com/maps/search/?api=1&query=43.5759956,-79.7841344"
Subway,amenity:fast_food,,,,,,43.631813,-79.875974,node,3812899494,https://www.openstreetmap.org/node/3812899494,"https://www.google.com/maps/search/?api=1&query=43.6318129,-79.875974"
Subway,amenity:fast_food,,,,,,43.715214,-79.721190,node,3849723170,https://www.openstreetmap.org/node/3849723170,"https://www.google.com/maps/search/?api=1&query=43.7152142,-79.7211899"
Subway,amenity:fast_food,,,,,,43.636356,-79.719021,node,3958839547,https://www.openstreetmap.org/node/3958839547,"https://www.google.com/maps/search/?api=1&query=43.6363557,-79.7190212"
Subway,amenity:fast_food,,,,,,43.399395,-79.749363,node,3997648560,https://www.openstreetmap.org/node/3997648560,"https://www.google.com/maps/search/?api=1&query=43.3993949,-79.7493631"
Subway,amenity:fast_food,,,,,,43.565192,-79.730236,node,3999964436,https://www.openstreetmap.org/node/3999964436,"https://www.google.com/maps/search/?api=1&query=43.5651922,-79.7302363"
Subway,amenity:fast_food,,,,,,43.633078,-79.770444,node,4004464052,https://www.openstreetmap.org/node/4004464052,"https://www.google.com/maps/search/?api=1&query=43.6330783,-79.770444"
Subway,amenity:fast_food,,,,,,43.591081,-79.741402,node,4016655607,https://www.openstreetmap.org/node/4016655607,"https://www.google.com/maps/search/?api=1&query=43.5910807,-79.7414017"
Subway,amenity:fast_food,,,,,,43.395391,-79.710255,node,4020068170,https://www.openstreetmap.org/node/4020068170,"https://www.google.com/maps/search/?api=1&query=43.3953909,-79.7102547"
Subway,amenity:fast_food,,,,,,43.323302,-79.831542,node,4044978963,https://www.openstreetmap.org/node/4044978963,"https://www.google.com/maps/search/?api=1&query=43.3233025,-79.8315425"
Subway,amenity:fast_food,,,,,,43.567021,-79.823003,node,4333159264,https://www.openstreetmap.org/node/4333159264,"https://www.google.com/maps/search/?api=1&query=43.5670208,-79.8230034"
Subway,amenity:fast_food,,,,,,43.407432,-79.809979,node,4523356881,https://www.openstreetmap.org/node/4523356881,"https://www.google.com/maps/search/?api=1&query=43.4074319,-79.8099791"
Subway,amenity:fast_food,,2501,Guelph Line,,,43.375855,-79.836028,node,6173884600,https://www.openstreetmap.org/node/6173884600,"https://www.google.com/maps/search/?api=1&query=43.375855,-79.8360279"
Subway,amenity:fast_food,,,,,,43.702688,-79.740967,node,6226609531,https://www.openstreetmap.org/node/6226609531,"https://www.google.com/maps/search/?api=1&query=43.7026877,-79.7409667"
Subway,amenity:fast_food,,,,,,43.703759,-79.785020,node,6546952100,https://www.openstreetmap.org/node/6546952100,"https://www.google.com/maps/search/?api=1&query=43.7037592,-79.7850202"
Subway,amenity:fast_food,,,,,,43.713845,-79.746214,node,6547925941,https://www.openstreetmap.org/node/6547925941,"https://www.google.com/maps/search/?api=1&query=43.713845,-79.7462141"
Subway,amenity:fast_food,,5100,Erin Mills Parkway,,,43.558937,-79.711001,node,6556575935,https://www.openstreetmap.org/node/6556575935,"https://www.google.com/maps/search/?api=1&query=43.5589375,-79.7110009"
Subway,amenity:fast_food,,,,,,43.575483,-79.829210,node,6655586815,https://www.openstreetmap.org/node/6655586815,"https://www.google.com/maps/search/?api=1&query=43.5754829,-79.8292104"
Subway,amenity:fast_food,,,,,,43.710141,-79.810677,node,7195480555,https://www.openstreetmap.org/node/7195480555,"https://www.google.com/maps/search/?api=1&query=43.7101405,-79.8106766"
Subway,amenity:fast_food,,,,,,43.686098,-79.760497,node,7195489014,https://www.openstreetmap.org/node/7195489014,"https://www.google.com/maps/search/?api=1&query=43.6860975,-79.7604967"
Subway,amenity:fast_food,,,,,,43.691707,-79.704384,node,7195507802,https://www.openstreetmap.org/node/7195507802,"https://www.google.com/maps/search/?api=1&query=43.6917069,-79.704384"
Subway,amenity:fast_food,,,,,,43.657844,-79.741338,node,7195543528,https://www.openstreetmap.org/node/7195543528,"https://www.google.com/maps/search/?api=1&query=43.6578441,-79.7413384"
Subway,amenity:fast_food,,,,,,43.676359,-79.769438,node,7195548287,https://www.openstreetmap.org/node/7195548287,"https://www.google.com/maps/search/?api=1&query=43.6763592,-79.7694379"
Subway,amenity:fast_food,,,,,,43.688148,-79.740250,node,7195565577,https://www.openstreetmap.org/node/7195565577,"https://www.google.com/maps/search/?api=1&query=43.6881478,-79.74025"
Subway,amenity:fast_food,,,,,,43.651168,-79.758346,node,7195566428,https://www.openstreetmap.org/node/7195566428,"https://www.google.com/maps/search/?api=1&query=43.6511676,-79.7583462"
Subway,amenity:fast_food,,,,,,43.658131,-79.725116,node,7195568454,https://www.openstreetmap.org/node/7195568454,"https://www.google.com/maps/search/?api=1&query=43.6581312,-79.7251156"
Subway,amenity:fast_food,,,,,,43.557895,-79.702682,node,7196221599,https://www.openstreetmap.org/node/7196221599,"https://www.google.com/maps/search/?api=1&query=43.5578946,-79.702682"
Subway,amenity:fast_food,,,,,,43.331586,-79.895431,node,7196222025,https://www.openstreetmap.org/node/7196222025,"https://www.google.com/maps/search/?api=1&query=43.3315861,-79.8954308"
Subway,amenity:fast_food,,,,,,43.597984,-79.780109,node,7196232790,https://www.openstreetmap.org/node/7196232790,"https://www.google.com/maps/search/?api=1&query=43.5979836,-79.7801094"
Subway,amenity:fast_food,,5602,Tenth Line West,,,43.558378,-79.743639,node,7196235785,https://www.openstreetmap.org/node/7196235785,"https://www.google.com/maps/search/?api=1&query=43.5583779,-79.7436385"
Subway,amenity:fast_food,,,,,,43.467915,-79.700765,node,7196256904,https://www.openstreetmap.org/node/7196256904,"https://www.google.com/maps/search/?api=1&query=43.4679152,-79.7007651"
Subway,amenity:fast_food,,,,,,43.368618,-79.792164,node,7196259679,https://www.openstreetmap.org/node/7196259679,"https://www.google.com/maps/search/?api=1&query=43.368618,-79.7921643"
Subway,amenity:fast_food,,,,,,43.734682,-79.706723,node,12810761424,https://www.openstreetmap.org/node/12810761424,"https://www.google.com/maps/search/?api=1&query=43.7346821,-79.7067232"
Sultan's Wings & Kabob Shop,amenity:fast_food,,,,,,43.355901,-79.845175,node,7061674983,https://www.openstreetmap.org/node/7061674983,"https://www.google.com/maps/search/?api=1&query=43.355901,-79.8451754"
Sunrise Caribbean,amenity:fast_food,,,,,,43.677249,-79.721571,node,4425284267,https://www.openstreetmap.org/node/4425284267,"https://www.google.com/maps/search/?api=1&query=43.6772491,-79.7215715"
Sunrise Caribbean,amenity:fast_food,,,,,,43.707884,-79.733447,node,6532871859,https://www.openstreetmap.org/node/6532871859,"https://www.google.com/maps/search/?api=1&query=43.7078843,-79.7334473"
Sushi Shop,amenity:fast_food,,,,,,43.575373,-79.829195,node,13869524723,https://www.openstreetmap.org/node/13869524723,"https://www.google.com/maps/search/?api=1&query=43.5753728,-79.8291948"
T.O’s Kathi Roll Eatery/Holy Shakes,amenity:fast_food,,,,,,43.595718,-79.786508,node,1714830114,https://www.openstreetmap.org/node/1714830114,"https://www.google.com/maps/search/?api=1&query=43.5957183,-79.7865084"
Taco Bell,amenity:fast_food,,,,,,43.666161,-79.737982,node,13859313379,https://www.openstreetmap.org/node/13859313379,"https://www.google.com/maps/search/?api=1&query=43.6661614,-79.7379822"
Tahini’s,amenity:fast_food,,,,,,43.598427,-79.783953,node,3976539730,https://www.openstreetmap.org/node/3976539730,"https://www.google.com/maps/search/?api=1&query=43.5984269,-79.783953"
Taste of Greek,amenity:fast_food,,,,,,43.699149,-79.822486,node,2324930390,https://www.openstreetmap.org/node/2324930390,"https://www.google.com/maps/search/?api=1&query=43.6991486,-79.8224861"
Taste of Mediterranean,amenity:fast_food,,,,,,43.507978,-79.861934,node,2199789826,https://www.openstreetmap.org/node/2199789826,"https://www.google.com/maps/search/?api=1&query=43.5079778,-79.8619339"
Tasty Hunan Cuisine,amenity:fast_food,,,,,,43.562586,-79.710680,node,10769824005,https://www.openstreetmap.org/node/10769824005,"https://www.google.com/maps/search/?api=1&query=43.5625863,-79.71068"
Taza Express,amenity:fast_food,,,,,,43.551701,-79.716564,node,12534415701,https://www.openstreetmap.org/node/12534415701,"https://www.google.com/maps/search/?api=1&query=43.5517008,-79.7165636"
Teriyaki Experience,amenity:fast_food,,,,,,43.610747,-79.749025,node,1336829825,https://www.openstreetmap.org/node/1336829825,"https://www.google.com/maps/search/?api=1&query=43.610747,-79.749025"
Teriyaki Experience,amenity:fast_food,,,,,,43.325488,-79.820603,node,6632464363,https://www.openstreetmap.org/node/6632464363,"https://www.google.com/maps/search/?api=1&query=43.3254884,-79.8206031"
Thaï Express,amenity:fast_food,,777,Guelph Line,Burlington,L7R 3N2,43.348789,-79.795214,node,1795099901,https://www.openstreetmap.org/node/1795099901,"https://www.google.com/maps/search/?api=1&query=43.3487888,-79.7952143"
Thaï Express,amenity:fast_food,,,,,,43.659562,-79.725233,node,2349771835,https://www.openstreetmap.org/node/2349771835,"https://www.google.com/maps/search/?api=1&query=43.6595625,-79.7252328"
Thaï Express,amenity:fast_food,,5100,Erin Mills Parkway,,,43.559263,-79.711719,node,6556389816,https://www.openstreetmap.org/node/6556389816,"https://www.google.com/maps/search/?api=1&query=43.5592628,-79.7117188"
Thaï Express,amenity:fast_food,,,,,,43.575523,-79.829269,node,6655586814,https://www.openstreetmap.org/node/6655586814,"https://www.google.com/maps/search/?api=1&query=43.5755227,-79.8292688"
Thaï Express,amenity:fast_food,,,,,,43.468002,-79.700797,node,7196256906,https://www.openstreetmap.org/node/7196256906,"https://www.google.com/maps/search/?api=1&query=43.4680022,-79.7007968"
Thaï Express,amenity:fast_food,,,Mississauga Road,,,43.627488,-79.774758,node,12376264301,https://www.openstreetmap.org/node/12376264301,"https://www.google.com/maps/search/?api=1&query=43.6274885,-79.7747575"
Thaï Express,amenity:fast_food,,,,,,43.696434,-79.798976,node,12691956432,https://www.openstreetmap.org/node/12691956432,"https://www.google.com/maps/search/?api=1&query=43.6964342,-79.7989759"
Thaï Express,amenity:fast_food,,,,,,43.580416,-79.759455,node,12731970190,https://www.openstreetmap.org/node/12731970190,"https://www.google.com/maps/search/?api=1&query=43.5804165,-79.7594553"
The Flavour Fox,amenity:fast_food,,,,,,43.394139,-79.710635,node,385027425,https://www.openstreetmap.org/node/385027425,"https://www.google.com/maps/search/?api=1&query=43.3941392,-79.7106346"
The Wingery,amenity:fast_food,,,,,,43.372945,-79.809431,node,7061051902,https://www.openstreetmap.org/node/7061051902,"https://www.google.com/maps/search/?api=1&query=43.3729453,-79.8094306"
Tinnel's Patties,amenity:fast_food,,,,,,43.655266,-79.743404,node,7320195983,https://www.openstreetmap.org/node/7320195983,"https://www.google.com/maps/search/?api=1&query=43.6552656,-79.7434045"
Tinnel's Patties,amenity:fast_food,,,,,,43.696771,-79.751620,node,13022166055,https://www.openstreetmap.org/node/13022166055,"https://www.google.com/maps/search/?api=1&query=43.6967712,-79.7516195"
Topper's Pizza,amenity:fast_food,,2000,Appleby Line,Burlington,L7L 7H7,43.394198,-79.791667,node,1541746399,https://www.openstreetmap.org/node/1541746399,"https://www.google.com/maps/search/?api=1&query=43.3941984,-79.7916672"
Topper's Pizza,amenity:fast_food,,,,,,43.339381,-79.817670,node,2168903429,https://www.openstreetmap.org/node/2168903429,"https://www.google.com/maps/search/?api=1&query=43.3393812,-79.8176704"
Topper's Pizza,amenity:fast_food,,1155,Maple Avenue,Milton,,43.538217,-79.871111,node,2199853455,https://www.openstreetmap.org/node/2199853455,"https://www.google.com/maps/search/?api=1&query=43.5382172,-79.8711111"
Topper's Pizza,amenity:fast_food,,,,,,43.650971,-79.903282,node,10982416102,https://www.openstreetmap.org/node/10982416102,"https://www.google.com/maps/search/?api=1&query=43.6509708,-79.9032823"
Trish Juice,amenity:fast_food,,,,,,43.685554,-79.760073,node,7195539685,https://www.openstreetmap.org/node/7195539685,"https://www.google.com/maps/search/?api=1&query=43.6855536,-79.7600725"
Tropical Wave Caribbean Cuisine,amenity:fast_food,,,,,,43.727257,-79.796287,node,1870128205,https://www.openstreetmap.org/node/1870128205,"https://www.google.com/maps/search/?api=1&query=43.7272573,-79.7962871"
Twice the Deal Pizza,amenity:fast_food,,,,,,43.379563,-79.808529,node,1776614445,https://www.openstreetmap.org/node/1776614445,"https://www.google.com/maps/search/?api=1&query=43.379563,-79.8085288"
Twice the Deal Pizza,amenity:fast_food,,,,,,43.502617,-79.878414,node,1912320865,https://www.openstreetmap.org/node/1912320865,"https://www.google.com/maps/search/?api=1&query=43.5026169,-79.8784144"
Twice The Deal Pizza,amenity:fast_food,,,,,,43.650336,-79.910191,node,10981542057,https://www.openstreetmap.org/node/10981542057,"https://www.google.com/maps/search/?api=1&query=43.6503359,-79.9101912"
Villa Madina,amenity:fast_food,,5100,Erin Mills Parkway,,,43.558925,-79.711270,node,6556575943,https://www.openstreetmap.org/node/6556575943,"https://www.google.com/maps/search/?api=1&query=43.558925,-79.7112696"
Villa Madina,amenity:fast_food,,,,,,43.575598,-79.829398,node,6655586812,https://www.openstreetmap.org/node/6655586812,"https://www.google.com/maps/search/?api=1&query=43.5755979,-79.8293984"
Vinayagar Vilas,amenity:fast_food,,,,,,43.688240,-79.740374,node,7195565578,https://www.openstreetmap.org/node/7195565578,"https://www.google.com/maps/search/?api=1&query=43.68824,-79.7403739"
Wah G Wah,amenity:fast_food,,,,,,43.673037,-79.820741,node,6546847846,https://www.openstreetmap.org/node/6546847846,"https://www.google.com/maps/search/?api=1&query=43.6730367,-79.8207412"
Wendy's,amenity:fast_food,,,,,,43.310850,-79.916847,node,283208489,https://www.openstreetmap.org/node/283208489,"https://www.google.com/maps/search/?api=1&query=43.3108499,-79.9168474"
Wendy's,amenity:fast_food,,,,,,43.379085,-79.766920,node,287145785,https://www.openstreetmap.org/node/287145785,"https://www.google.com/maps/search/?api=1&query=43.3790851,-79.7669202"
Wendy's,amenity:fast_food,,885,Britannia Road West,,,43.608060,-79.701104,node,1406550671,https://www.openstreetmap.org/node/1406550671,"https://www.google.com/maps/search/?api=1&query=43.6080595,-79.7011042"
Wendy's,amenity:fast_food,,,,,,43.587236,-79.741589,node,1408755030,https://www.openstreetmap.org/node/1408755030,"https://www.google.com/maps/search/?api=1&query=43.587236,-79.7415893"
Wendy's,amenity:fast_food,,,,,,43.371892,-79.794453,node,1549728814,https://www.openstreetmap.org/node/1549728814,"https://www.google.com/maps/search/?api=1&query=43.3718923,-79.7944533"
Wendy's,amenity:fast_food,,,,,,43.426278,-79.726344,node,1568017378,https://www.openstreetmap.org/node/1568017378,"https://www.google.com/maps/search/?api=1&query=43.426278,-79.7263444"
Wendy's,amenity:fast_food,+1 905-693-0657,,Market Drive,Milton,L5T 3H5,43.522519,-79.900815,node,1854689813,https://www.openstreetmap.org/node/1854689813,"https://www.google.com/maps/search/?api=1&query=43.5225191,-79.9008152"
Wendy's,amenity:fast_food,,,,,,43.681878,-79.714537,node,1869495913,https://www.openstreetmap.org/node/1869495913,"https://www.google.com/maps/search/?api=1&query=43.6818778,-79.7145373"
Wendy's,amenity:fast_food,,,,,,43.701849,-79.712071,node,2819593824,https://www.openstreetmap.org/node/2819593824,"https://www.google.com/maps/search/?api=1&query=43.7018494,-79.712071"
Wendy's,amenity:fast_food,+1-905-828-2515,2655,Eglinton Avenue West,,,43.555771,-79.710912,node,4551486963,https://www.openstreetmap.org/node/4551486963,"https://www.google.com/maps/search/?api=1&query=43.5557706,-79.7109124"
Wendy's,amenity:fast_food,,,,,,43.727398,-79.795319,node,12360496981,https://www.openstreetmap.org/node/12360496981,"https://www.google.com/maps/search/?api=1&query=43.7273983,-79.7953188"
Wimpy,amenity:fast_food,,8473,Regional Road 25,Milton,L9T 2X7,43.533064,-79.911276,node,4088669310,https://www.openstreetmap.org/node/4088669310,"https://www.google.com/maps/search/?api=1&query=43.5330644,-79.9112756"
Wok For U,amenity:fast_food,+1-905-785-2188,,,,,43.582698,-79.779509,node,3976485267,https://www.openstreetmap.org/node/3976485267,"https://www.google.com/maps/search/?api=1&query=43.5826981,-79.7795091"
Yamato Japan,amenity:fast_food,,,,,,43.518558,-79.874208,node,6628676251,https://www.openstreetmap.org/node/6628676251,"https://www.google.com/maps/search/?api=1&query=43.5185577,-79.874208"
Yogurty's,amenity:fast_food,,,,,,43.369348,-79.755582,node,3606189416,https://www.openstreetmap.org/node/3606189416,"https://www.google.com/maps/search/?api=1&query=43.3693482,-79.7555818"
Z-Teca,amenity:fast_food,,,,,,43.730387,-79.765370,node,1914199516,https://www.openstreetmap.org/node/1914199516,"https://www.google.com/maps/search/?api=1&query=43.7303866,-79.76537"
Zeerah,amenity:fast_food,+1-905-569-7916,,,,,43.545269,-79.714086,node,2731610689,https://www.openstreetmap.org/node/2731610689,"https://www.google.com/maps/search/?api=1&query=43.545269,-79.714086"
Zesty Pita,amenity:fast_food,,,,,,43.380001,-79.808028,node,4079191234,https://www.openstreetmap.org/node/4079191234,"https://www.google.com/maps/search/?api=1&query=43.3800007,-79.8080281"
Zesty Pita & Burgers,amenity:fast_food,,,,,,43.354542,-79.769250,node,3760804714,https://www.openstreetmap.org/node/3760804714,"https://www.google.com/maps/search/?api=1&query=43.3545419,-79.76925"
7-Eleven,amenity:fuel,,,,,,43.549168,-79.751503,node,1014407574,https://www.openstreetmap.org/node/1014407574,"https://www.google.com/maps/search/?api=1&query=43.549168,-79.7515025"
7-Eleven,amenity:fuel,,,,,,43.585365,-79.741518,node,1408860250,https://www.openstreetmap.org/node/1408860250,"https://www.google.com/maps/search/?api=1&query=43.5853652,-79.7415179"
7-Eleven,amenity:fuel,,,,,,43.633143,-79.879617,node,1840749951,https://www.openstreetmap.org/node/1840749951,"https://www.google.com/maps/search/?api=1&query=43.6331427,-79.8796166"
7-Eleven,amenity:fuel,,,,,,43.576378,-79.783878,node,3759021240,https://www.openstreetmap.org/node/3759021240,"https://www.google.com/maps/search/?api=1&query=43.5763783,-79.783878"
7-Eleven,amenity:fuel,,,,,,43.399282,-79.706797,node,3802921010,https://www.openstreetmap.org/node/3802921010,"https://www.google.com/maps/search/?api=1&query=43.3992817,-79.7067975"
A&I Gas,amenity:fuel,,,,,,43.336427,-79.951270,node,2089188355,https://www.openstreetmap.org/node/2089188355,"https://www.google.com/maps/search/?api=1&query=43.3364271,-79.9512702"
Amco,amenity:fuel,,,,,,43.597274,-79.734394,node,1408386943,https://www.openstreetmap.org/node/1408386943,"https://www.google.com/maps/search/?api=1&query=43.5972736,-79.7343941"
BVD,amenity:fuel,,,,,,43.534400,-79.914881,node,4088621277,https://www.openstreetmap.org/node/4088621277,"https://www.google.com/maps/search/?api=1&query=43.5343997,-79.9148807"
Canaco,amenity:fuel,,,,,,43.673764,-79.725309,node,378629751,https://www.openstreetmap.org/node/378629751,"https://www.google.com/maps/search/?api=1&query=43.6737637,-79.7253094"
Canadian Tire,amenity:fuel,,,,,,43.523437,-79.899912,node,267523663,https://www.openstreetmap.org/node/267523663,"https://www.google.com/maps/search/?api=1&query=43.523437,-79.8999115"
Canadian Tire,amenity:fuel,,6707,Winston Churchill Boulevard,,,43.582830,-79.762900,node,319210457,https://www.openstreetmap.org/node/319210457,"https://www.google.com/maps/search/?api=1&query=43.5828302,-79.7628996"
Canadian Tire,amenity:fuel,,,,,,43.352573,-79.787636,node,419363409,https://www.openstreetmap.org/node/419363409,"https://www.google.com/maps/search/?api=1&query=43.3525733,-79.7876359"
Canadian Tire,amenity:fuel,,,,,,43.696761,-79.797662,node,665419924,https://www.openstreetmap.org/node/665419924,"https://www.google.com/maps/search/?api=1&query=43.6967613,-79.7976624"
Canadian Tire,amenity:fuel,,,,,,43.649974,-79.888842,node,1616739703,https://www.openstreetmap.org/node/1616739703,"https://www.google.com/maps/search/?api=1&query=43.6499737,-79.8888423"
Canadian Tire,amenity:fuel,,,,,,43.317730,-79.911981,node,1866577692,https://www.openstreetmap.org/node/1866577692,"https://www.google.com/maps/search/?api=1&query=43.3177299,-79.9119811"
Cango,amenity:fuel,+1-905-877-1392,13252,Trafalgar Road,Halton Hills,N0B 1H0,43.672806,-79.981575,node,1616756811,https://www.openstreetmap.org/node/1616756811,"https://www.google.com/maps/search/?api=1&query=43.6728064,-79.9815751"
Circle K,amenity:fuel,,,,,,43.697543,-79.822572,node,2324930389,https://www.openstreetmap.org/node/2324930389,"https://www.google.com/maps/search/?api=1&query=43.697543,-79.8225719"
Circle K,amenity:fuel,,,,,,43.719880,-79.781492,node,2502232261,https://www.openstreetmap.org/node/2502232261,"https://www.google.com/maps/search/?api=1&query=43.7198801,-79.7814922"
Circle K,amenity:fuel,,,,,,43.726011,-79.815102,node,2669220153,https://www.openstreetmap.org/node/2669220153,"https://www.google.com/maps/search/?api=1&query=43.7260107,-79.8151017"
Circle K,amenity:fuel,,,,,,43.699584,-79.820947,node,10884224175,https://www.openstreetmap.org/node/10884224175,"https://www.google.com/maps/search/?api=1&query=43.6995844,-79.8209472"
Econo,amenity:fuel,,,,,,43.354067,-79.768613,node,1713655453,https://www.openstreetmap.org/node/1713655453,"https://www.google.com/maps/search/?api=1&query=43.3540672,-79.768613"
Esso,amenity:fuel,,,,,,43.378283,-79.767389,node,287145767,https://www.openstreetmap.org/node/287145767,"https://www.google.com/maps/search/?api=1&query=43.3782827,-79.7673891"
Esso,amenity:fuel,,,,,,43.663487,-79.730279,node,414587730,https://www.openstreetmap.org/node/414587730,"https://www.google.com/maps/search/?api=1&query=43.6634873,-79.7302787"
Esso,amenity:fuel,,,,,,43.403673,-79.731576,node,12847032733,https://www.openstreetmap.org/node/12847032733,"https://www.google.com/maps/search/?api=1&query=43.4036732,-79.7315755"
Esso Commercial Cardlock,amenity:fuel,,,,,,43.546524,-79.862764,node,10934091641,https://www.openstreetmap.org/node/10934091641,"https://www.google.com/maps/search/?api=1&query=43.5465237,-79.862764"
Good Guys Gas Bar,amenity:fuel,,,,,,43.649183,-79.709900,node,414582268,https://www.openstreetmap.org/node/414582268,"https://www.google.com/maps/search/?api=1&query=43.6491829,-79.7099004"
Husky,amenity:fuel,,,,,,43.525911,-79.888590,node,267523038,https://www.openstreetmap.org/node/267523038,"https://www.google.com/maps/search/?api=1&query=43.5259114,-79.8885896"
Husky,amenity:fuel,,,,,,43.366860,-79.733498,node,280616049,https://www.openstreetmap.org/node/280616049,"https://www.google.com/maps/search/?api=1&query=43.3668602,-79.7334982"
Husky,amenity:fuel,,,,,,43.694485,-79.701031,node,378628567,https://www.openstreetmap.org/node/378628567,"https://www.google.com/maps/search/?api=1&query=43.6944851,-79.7010306"
Husky,amenity:fuel,,,,,,43.665293,-79.733163,node,414587731,https://www.openstreetmap.org/node/414587731,"https://www.google.com/maps/search/?api=1&query=43.6652926,-79.7331634"
Husky,amenity:fuel,,,,,,43.695331,-79.797660,node,660870459,https://www.openstreetmap.org/node/660870459,"https://www.google.com/maps/search/?api=1&query=43.6953309,-79.7976602"
Husky,amenity:fuel,,259,Guelph Street,,,43.650204,-79.894527,node,1616739850,https://www.openstreetmap.org/node/1616739850,"https://www.google.com/maps/search/?api=1&query=43.6502041,-79.8945268"
Husky,amenity:fuel,,,,,,43.359452,-79.814855,node,1659459531,https://www.openstreetmap.org/node/1659459531,"https://www.google.com/maps/search/?api=1&query=43.3594516,-79.8148548"
Husky,amenity:fuel,,,,,,43.320793,-79.834422,node,2089188501,https://www.openstreetmap.org/node/2089188501,"https://www.google.com/maps/search/?api=1&query=43.3207934,-79.8344224"
Husky,amenity:fuel,,,,,,43.331023,-79.896022,node,2154769540,https://www.openstreetmap.org/node/2154769540,"https://www.google.com/maps/search/?api=1&query=43.3310232,-79.8960216"
Husky,amenity:fuel,,,,,,43.432788,-79.701672,node,2719387929,https://www.openstreetmap.org/node/2719387929,"https://www.google.com/maps/search/?api=1&query=43.4327883,-79.7016719"
Husky,amenity:fuel,,,,,,43.679284,-79.727999,node,9876551886,https://www.openstreetmap.org/node/9876551886,"https://www.google.com/maps/search/?api=1&query=43.6792842,-79.7279993"
Mobil,amenity:fuel,,,,,,43.683200,-79.812710,node,582785337,https://www.openstreetmap.org/node/582785337,"https://www.google.com/maps/search/?api=1&query=43.6831999,-79.81271"
Mobil,amenity:fuel,,,,,,43.553962,-79.713068,node,3943793824,https://www.openstreetmap.org/node/3943793824,"https://www.google.com/maps/search/?api=1&query=43.5539623,-79.7130681"
Petro Canada,amenity:fuel,,,,,,43.426346,-79.727058,node,493881194,https://www.openstreetmap.org/node/493881194,"https://www.google.com/maps/search/?api=1&query=43.426346,-79.7270576"
Petro-Canada,amenity:fuel,,9266,Guelph Line,,,43.493588,-79.991969,node,21400410,https://www.openstreetmap.org/node/21400410,"https://www.google.com/maps/search/?api=1&query=43.4935876,-79.9919693"
Petro-Canada,amenity:fuel,,,,,,43.311544,-79.917422,node,256998090,https://www.openstreetmap.org/node/256998090,"https://www.google.com/maps/search/?api=1&query=43.3115444,-79.9174224"
Petro-Canada,amenity:fuel,,,,,,43.522286,-79.894038,node,267523103,https://www.openstreetmap.org/node/267523103,"https://www.google.com/maps/search/?api=1&query=43.5222864,-79.8940377"
Petro-Canada,amenity:fuel,,,,,,43.506980,-79.861587,node,267524580,https://www.openstreetmap.org/node/267524580,"https://www.google.com/maps/search/?api=1&query=43.50698,-79.8615865"
Petro-Canada,amenity:fuel,,,,,,43.515442,-79.850839,node,267524781,https://www.openstreetmap.org/node/267524781,"https://www.google.com/maps/search/?api=1&query=43.5154421,-79.8508391"
Petro-Canada,amenity:fuel,,,,,,43.508967,-79.888270,node,267525419,https://www.openstreetmap.org/node/267525419,"https://www.google.com/maps/search/?api=1&query=43.5089666,-79.8882696"
Petro-Canada,amenity:fuel,,,,,,43.574587,-79.835156,node,267597740,https://www.openstreetmap.org/node/267597740,"https://www.google.com/maps/search/?api=1&query=43.5745868,-79.8351559"
Petro-Canada,amenity:fuel,,,,,,43.535598,-79.781825,node,268660513,https://www.openstreetmap.org/node/268660513,"https://www.google.com/maps/search/?api=1&query=43.5355979,-79.7818247"
Petro-Canada,amenity:fuel,,,,,,43.379106,-79.806973,node,281350686,https://www.openstreetmap.org/node/281350686,"https://www.google.com/maps/search/?api=1&query=43.3791059,-79.8069729"
Petro-Canada,amenity:fuel,,,,,,43.355251,-79.809044,node,318069898,https://www.openstreetmap.org/node/318069898,"https://www.google.com/maps/search/?api=1&query=43.3552513,-79.8090442"
Petro-Canada,amenity:fuel,,,,,,43.588768,-79.723954,node,319205092,https://www.openstreetmap.org/node/319205092,"https://www.google.com/maps/search/?api=1&query=43.5887681,-79.7239537"
Petro-Canada,amenity:fuel,,,,,,43.598188,-79.711958,node,319205259,https://www.openstreetmap.org/node/319205259,"https://www.google.com/maps/search/?api=1&query=43.5981882,-79.7119584"
Petro-Canada,amenity:fuel,,6536,Winston Churchill Boulevard,,,43.578616,-79.758622,node,319209817,https://www.openstreetmap.org/node/319209817,"https://www.google.com/maps/search/?api=1&query=43.5786159,-79.7586224"
Petro-Canada,amenity:fuel,,458,Guelph Line,Burlington,L7R 3L9,43.338228,-79.786191,node,320008040,https://www.openstreetmap.org/node/320008040,"https://www.google.com/maps/search/?api=1&query=43.338228,-79.786191"
Petro-Canada,amenity:fuel,,,,,,43.666334,-79.829537,node,320808170,https://www.openstreetmap.org/node/320808170,"https://www.google.com/maps/search/?api=1&query=43.6663337,-79.8295365"
Petro-Canada,amenity:fuel,,,,,,43.703530,-79.741264,node,375835261,https://www.openstreetmap.org/node/375835261,"https://www.google.com/maps/search/?api=1&query=43.7035303,-79.7412638"
Petro-Canada,amenity:fuel,,,,,,43.695220,-79.700310,node,378628561,https://www.openstreetmap.org/node/378628561,"https://www.google.com/maps/search/?api=1&query=43.6952201,-79.7003103"
Petro-Canada,amenity:fuel,,,,,,43.668909,-79.738093,node,378630399,https://www.openstreetmap.org/node/378630399,"https://www.google.com/maps/search/?api=1&query=43.6689088,-79.7380934"
Petro-Canada,amenity:fuel,,,,,,43.732991,-79.824733,node,392286370,https://www.openstreetmap.org/node/392286370,"https://www.google.com/maps/search/?api=1&query=43.7329915,-79.8247327"
Petro-Canada,amenity:fuel,,1215,Fairview Street,Burlington,,43.329708,-79.820121,node,419363366,https://www.openstreetmap.org/node/419363366,"https://www.google.com/maps/search/?api=1&query=43.3297082,-79.8201209"
Petro-Canada,amenity:fuel,,,,,,43.373574,-79.761380,node,419369690,https://www.openstreetmap.org/node/419369690,"https://www.google.com/maps/search/?api=1&query=43.373574,-79.7613796"
Petro-Canada,amenity:fuel,,,,,,43.650652,-79.904578,node,420464538,https://www.openstreetmap.org/node/420464538,"https://www.google.com/maps/search/?api=1&query=43.6506517,-79.9045785"
Petro-Canada,amenity:fuel,,,,,,43.417741,-79.715700,node,493881945,https://www.openstreetmap.org/node/493881945,"https://www.google.com/maps/search/?api=1&query=43.4177413,-79.7157001"
Petro-Canada,amenity:fuel,,,,,,43.392087,-79.751299,node,1079808120,https://www.openstreetmap.org/node/1079808120,"https://www.google.com/maps/search/?api=1&query=43.3920874,-79.7512994"
Petro-Canada,amenity:fuel,,,,,,43.406581,-79.808781,node,1116466938,https://www.openstreetmap.org/node/1116466938,"https://www.google.com/maps/search/?api=1&query=43.4065809,-79.8087808"
Petro-Canada,amenity:fuel,,,,,,43.621857,-79.767632,node,1344432510,https://www.openstreetmap.org/node/1344432510,"https://www.google.com/maps/search/?api=1&query=43.6218572,-79.7676319"
Petro-Canada,amenity:fuel,,,,,,43.636692,-79.715853,node,1345313980,https://www.openstreetmap.org/node/1345313980,"https://www.google.com/maps/search/?api=1&query=43.6366918,-79.715853"
Petro-Canada,amenity:fuel,,,,,,43.596862,-79.712052,node,1406561302,https://www.openstreetmap.org/node/1406561302,"https://www.google.com/maps/search/?api=1&query=43.596862,-79.7120515"
Petro-Canada,amenity:fuel,,,,,,43.586126,-79.743162,node,1408854292,https://www.openstreetmap.org/node/1408854292,"https://www.google.com/maps/search/?api=1&query=43.5861256,-79.7431623"
Petro-Canada,amenity:fuel,,,,,,43.371269,-79.795646,node,1646268223,https://www.openstreetmap.org/node/1646268223,"https://www.google.com/maps/search/?api=1&query=43.3712693,-79.7956463"
Petro-Canada,amenity:fuel,,,,,,43.337743,-79.817331,node,1667852583,https://www.openstreetmap.org/node/1667852583,"https://www.google.com/maps/search/?api=1&query=43.3377429,-79.8173311"
Petro-Canada,amenity:fuel,,825,Walkers Line,,,43.363584,-79.783342,node,1786809656,https://www.openstreetmap.org/node/1786809656,"https://www.google.com/maps/search/?api=1&query=43.3635842,-79.7833423"
Petro-Canada,amenity:fuel,,,,,,43.630520,-79.876056,node,1840749950,https://www.openstreetmap.org/node/1840749950,"https://www.google.com/maps/search/?api=1&query=43.63052,-79.8760556"
Petro-Canada,amenity:fuel,,,,,,43.728316,-79.794033,node,1868130009,https://www.openstreetmap.org/node/1868130009,"https://www.google.com/maps/search/?api=1&query=43.7283156,-79.7940325"
Petro-Canada,amenity:fuel,,,,,,43.556651,-79.701172,node,1901490521,https://www.openstreetmap.org/node/1901490521,"https://www.google.com/maps/search/?api=1&query=43.5566514,-79.7011723"
Petro-Canada,amenity:fuel,,9981,Chinguacousy Road,,,43.686431,-79.807593,node,1922035156,https://www.openstreetmap.org/node/1922035156,"https://www.google.com/maps/search/?api=1&query=43.6864313,-79.8075934"
Petro-Canada,amenity:fuel,,121,Kennedy Road North,,,43.702135,-79.758740,node,2125912620,https://www.openstreetmap.org/node/2125912620,"https://www.google.com/maps/search/?api=1&query=43.7021346,-79.7587396"
Petro-Canada,amenity:fuel,,,,,,43.566575,-79.822680,node,2199518963,https://www.openstreetmap.org/node/2199518963,"https://www.google.com/maps/search/?api=1&query=43.5665748,-79.8226796"
Petro-Canada,amenity:fuel,,,,,,43.729270,-79.748182,node,2252772252,https://www.openstreetmap.org/node/2252772252,"https://www.google.com/maps/search/?api=1&query=43.7292702,-79.7481816"
Petro-Canada,amenity:fuel,,,,,,43.699343,-79.777344,node,2972030401,https://www.openstreetmap.org/node/2972030401,"https://www.google.com/maps/search/?api=1&query=43.6993427,-79.7773439"
Petro-Canada,amenity:fuel,,5600,Mainway,,,43.401109,-79.765302,node,3762074104,https://www.openstreetmap.org/node/3762074104,"https://www.google.com/maps/search/?api=1&query=43.4011094,-79.7653022"
Petro-Canada,amenity:fuel,,,,,,43.449763,-79.704373,node,3830134591,https://www.openstreetmap.org/node/3830134591,"https://www.google.com/maps/search/?api=1&query=43.4497626,-79.7043734"
Petro-Canada,amenity:fuel,,,,,,43.534217,-79.914616,node,4088621278,https://www.openstreetmap.org/node/4088621278,"https://www.google.com/maps/search/?api=1&query=43.5342168,-79.9146165"
Petro-Canada,amenity:fuel,,,,,,43.680362,-79.844969,node,5309303915,https://www.openstreetmap.org/node/5309303915,"https://www.google.com/maps/search/?api=1&query=43.6803622,-79.8449689"
Petro-Canada,amenity:fuel,,,,,,43.342988,-79.959295,node,7795666675,https://www.openstreetmap.org/node/7795666675,"https://www.google.com/maps/search/?api=1&query=43.3429879,-79.9592954"
Petro-Canada,amenity:fuel,,,,,,43.658986,-79.817690,node,12692043559,https://www.openstreetmap.org/node/12692043559,"https://www.google.com/maps/search/?api=1&query=43.6589857,-79.8176898"
Petro-Pass,amenity:fuel,,,,,,43.530109,-79.885127,node,2232090037,https://www.openstreetmap.org/node/2232090037,"https://www.google.com/maps/search/?api=1&query=43.5301086,-79.8851266"
Pioneer,amenity:fuel,,,,,,43.394383,-79.712051,node,385027474,https://www.openstreetmap.org/node/385027474,"https://www.google.com/maps/search/?api=1&query=43.3943832,-79.7120509"
Pioneer,amenity:fuel,,,,,,43.346326,-79.797938,node,419363402,https://www.openstreetmap.org/node/419363402,"https://www.google.com/maps/search/?api=1&query=43.3463264,-79.7979379"
Pioneer,amenity:fuel,,,,,,43.733645,-79.708017,node,934401558,https://www.openstreetmap.org/node/934401558,"https://www.google.com/maps/search/?api=1&query=43.7336453,-79.7080167"
Pioneer,amenity:fuel,,,,,,43.387363,-79.781993,node,1541746397,https://www.openstreetmap.org/node/1541746397,"https://www.google.com/maps/search/?api=1&query=43.3873631,-79.7819933"
Pioneer,amenity:fuel,,,,,,43.376953,-79.767530,node,1627733892,https://www.openstreetmap.org/node/1627733892,"https://www.google.com/maps/search/?api=1&query=43.3769525,-79.7675301"
Pioneer,amenity:fuel,,,,,,43.351970,-79.971477,node,1865224318,https://www.openstreetmap.org/node/1865224318,"https://www.google.com/maps/search/?api=1&query=43.3519701,-79.9714767"
Pioneer,amenity:fuel,,,,,,43.349584,-79.872619,node,1867304068,https://www.openstreetmap.org/node/1867304068,"https://www.google.com/maps/search/?api=1&query=43.3495844,-79.8726191"
Pioneer,amenity:fuel,,,,,,43.560904,-79.734395,node,2651710249,https://www.openstreetmap.org/node/2651710249,"https://www.google.com/maps/search/?api=1&query=43.5609043,-79.734395"
Pioneer,amenity:fuel,,,,,,43.532853,-79.911193,node,3352505644,https://www.openstreetmap.org/node/3352505644,"https://www.google.com/maps/search/?api=1&query=43.532853,-79.9111926"
Pioneer,amenity:fuel,,,,,,43.705178,-79.786743,node,3429555797,https://www.openstreetmap.org/node/3429555797,"https://www.google.com/maps/search/?api=1&query=43.7051778,-79.7867434"
Pioneer,amenity:fuel,,,,,,43.301939,-79.947090,node,6417069172,https://www.openstreetmap.org/node/6417069172,"https://www.google.com/maps/search/?api=1&query=43.3019393,-79.9470904"
Pipeline Commercial,amenity:fuel,,,,,,43.575401,-79.834724,node,267597742,https://www.openstreetmap.org/node/267597742,"https://www.google.com/maps/search/?api=1&query=43.5754013,-79.8347242"
Santak Pump,amenity:fuel,,,,,,43.732874,-79.823438,node,1914561185,https://www.openstreetmap.org/node/1914561185,"https://www.google.com/maps/search/?api=1&query=43.7328744,-79.8234379"
Shell,amenity:fuel,,,,,,43.357552,-79.810815,node,318069421,https://www.openstreetmap.org/node/318069421,"https://www.google.com/maps/search/?api=1&query=43.3575525,-79.8108146"
Shell,amenity:fuel,,6985,Hurontario Street,,,43.646255,-79.705144,node,385668077,https://www.openstreetmap.org/node/385668077,"https://www.google.com/maps/search/?api=1&query=43.6462554,-79.705144"
Shell,amenity:fuel,,7756,Hurontario Street,,,43.661701,-79.728283,node,414587729,https://www.openstreetmap.org/node/414587729,"https://www.google.com/maps/search/?api=1&query=43.6617012,-79.7282833"
Shell,amenity:fuel,,,,,,43.450399,-79.759949,node,441793795,https://www.openstreetmap.org/node/441793795,"https://www.google.com/maps/search/?api=1&query=43.4503993,-79.7599487"
Shell,amenity:fuel,,,,,,43.419249,-79.717476,node,493881905,https://www.openstreetmap.org/node/493881905,"https://www.google.com/maps/search/?api=1&query=43.4192485,-79.7174757"
Shell,amenity:fuel,,,,,,43.405775,-79.807847,node,1116869514,https://www.openstreetmap.org/node/1116869514,"https://www.google.com/maps/search/?api=1&query=43.4057746,-79.8078469"
Shell,amenity:fuel,,,,,,43.387322,-79.780280,node,1541746387,https://www.openstreetmap.org/node/1541746387,"https://www.google.com/maps/search/?api=1&query=43.3873218,-79.7802797"
Shell,amenity:fuel,,,,,,43.384731,-79.735332,node,1557701454,https://www.openstreetmap.org/node/1557701454,"https://www.google.com/maps/search/?api=1&query=43.3847307,-79.7353319"
Shell,amenity:fuel,,,,,,43.372022,-79.794936,node,1615011962,https://www.openstreetmap.org/node/1615011962,"https://www.google.com/maps/search/?api=1&query=43.3720225,-79.7949362"
Shell,amenity:fuel,,,,,,43.346403,-79.828017,node,1754423613,https://www.openstreetmap.org/node/1754423613,"https://www.google.com/maps/search/?api=1&query=43.3464032,-79.828017"
Shell,amenity:fuel,,,,,,43.488674,-79.719529,node,1870796825,https://www.openstreetmap.org/node/1870796825,"https://www.google.com/maps/search/?api=1&query=43.4886736,-79.719529"
Shell,amenity:fuel,,,,,,43.685410,-79.808589,node,1922035124,https://www.openstreetmap.org/node/1922035124,"https://www.google.com/maps/search/?api=1&query=43.6854102,-79.8085889"
Shell,amenity:fuel,,,,,,43.359904,-79.778638,node,1922126352,https://www.openstreetmap.org/node/1922126352,"https://www.google.com/maps/search/?api=1&query=43.3599039,-79.7786382"
Shell,amenity:fuel,,,,,,43.321982,-79.831845,node,2089474267,https://www.openstreetmap.org/node/2089474267,"https://www.google.com/maps/search/?api=1&query=43.3219816,-79.8318451"
Shell,amenity:fuel,,5,Great Lakes Drive,,,43.730964,-79.759830,node,2147112114,https://www.openstreetmap.org/node/2147112114,"https://www.google.com/maps/search/?api=1&query=43.7309636,-79.7598296"
Shell,amenity:fuel,,,,,,43.724828,-79.742177,node,2818785210,https://www.openstreetmap.org/node/2818785210,"https://www.google.com/maps/search/?api=1&query=43.7248279,-79.7421772"
Speedy Gas,amenity:fuel,,,,,,43.690638,-79.755145,node,887605331,https://www.openstreetmap.org/node/887605331,"https://www.google.com/maps/search/?api=1&query=43.6906378,-79.7551452"
Streetsville Gas,amenity:fuel,,,,,,43.590175,-79.724829,node,319205164,https://www.openstreetmap.org/node/319205164,"https://www.google.com/maps/search/?api=1&query=43.5901746,-79.7248292"
UPI Energy,amenity:fuel,,,,,,43.359842,-79.934881,node,4751789476,https://www.openstreetmap.org/node/4751789476,"https://www.google.com/maps/search/?api=1&query=43.3598421,-79.9348813"
XTR,amenity:fuel,,,,,,43.636450,-79.932170,node,1616739984,https://www.openstreetmap.org/node/1616739984,"https://www.google.com/maps/search/?api=1&query=43.63645,-79.9321702"
Baskin-Robbins,amenity:ice_cream,,,,,,43.366160,-79.822346,node,861823581,https://www.openstreetmap.org/node/861823581,"https://www.google.com/maps/search/?api=1&query=43.36616,-79.8223461"
Baskin-Robbins,amenity:ice_cream,,,,,,43.726473,-79.797732,node,1870140357,https://www.openstreetmap.org/node/1870140357,"https://www.google.com/maps/search/?api=1&query=43.7264732,-79.7977319"
Baskin-Robbins,amenity:ice_cream,,,,,,43.682935,-79.813384,node,1922007628,https://www.openstreetmap.org/node/1922007628,"https://www.google.com/maps/search/?api=1&query=43.6829351,-79.8133844"
Baskin-Robbins,amenity:ice_cream,,,,,,43.437487,-79.740490,node,1960821007,https://www.openstreetmap.org/node/1960821007,"https://www.google.com/maps/search/?api=1&query=43.4374869,-79.7404898"
Baskin-Robbins,amenity:ice_cream,,,,,,43.335426,-79.904168,node,2801015834,https://www.openstreetmap.org/node/2801015834,"https://www.google.com/maps/search/?api=1&query=43.3354261,-79.9041685"
Baskin-Robbins,amenity:ice_cream,,,,,,43.715106,-79.722730,node,3852186212,https://www.openstreetmap.org/node/3852186212,"https://www.google.com/maps/search/?api=1&query=43.7151065,-79.7227302"
Baskin-Robbins,amenity:ice_cream,,,,,,43.580074,-79.758996,node,3944580852,https://www.openstreetmap.org/node/3944580852,"https://www.google.com/maps/search/?api=1&query=43.5800736,-79.7589957"
Baskin-Robbins,amenity:ice_cream,,,,,,43.631239,-79.875181,node,4345238243,https://www.openstreetmap.org/node/4345238243,"https://www.google.com/maps/search/?api=1&query=43.6312394,-79.8751813"
Baskin-Robbins,amenity:ice_cream,,,,,,43.707143,-79.783863,node,6546951271,https://www.openstreetmap.org/node/6546951271,"https://www.google.com/maps/search/?api=1&query=43.7071427,-79.7838628"
Baskin-Robbins,amenity:ice_cream,,,,,,43.390355,-79.824459,node,7060850388,https://www.openstreetmap.org/node/7060850388,"https://www.google.com/maps/search/?api=1&query=43.3903548,-79.824459"
Baskin-Robbins,amenity:ice_cream,,,,,,43.351705,-79.787356,node,7061164011,https://www.openstreetmap.org/node/7061164011,"https://www.google.com/maps/search/?api=1&query=43.3517051,-79.7873558"
Baskin-Robbins,amenity:ice_cream,,,,,,43.526505,-79.866422,node,10934609590,https://www.openstreetmap.org/node/10934609590,"https://www.google.com/maps/search/?api=1&query=43.5265052,-79.8664218"
Baskin-Robbins,amenity:ice_cream,,,,,,43.365969,-79.822222,node,12663529964,https://www.openstreetmap.org/node/12663529964,"https://www.google.com/maps/search/?api=1&query=43.3659687,-79.8222221"
Baskin-Robbins,amenity:ice_cream,,,,,,43.365856,-79.822380,node,12663529965,https://www.openstreetmap.org/node/12663529965,"https://www.google.com/maps/search/?api=1&query=43.365856,-79.8223797"
Baskin-Robbins,amenity:ice_cream,,6040,Glen Erin Drive,,,43.574868,-79.739141,node,12865657342,https://www.openstreetmap.org/node/12865657342,"https://www.google.com/maps/search/?api=1&query=43.5748681,-79.7391412"
I Scream Coffee,amenity:ice_cream,,,,,,43.324738,-79.795860,node,12076273651,https://www.openstreetmap.org/node/12076273651,"https://www.google.com/maps/search/?api=1&query=43.3247377,-79.7958599"
Little House of Ice Cream,amenity:ice_cream,,,,,,43.686554,-79.759909,node,2392212243,https://www.openstreetmap.org/node/2392212243,"https://www.google.com/maps/search/?api=1&query=43.6865538,-79.7599088"
Marble Slab Creamery,amenity:ice_cream,,,,,,43.730125,-79.763880,node,1914225522,https://www.openstreetmap.org/node/1914225522,"https://www.google.com/maps/search/?api=1&query=43.730125,-79.7638795"
Marble Slab Creamery,amenity:ice_cream,,1003,Maple Avenue,Milton,,43.535320,-79.875951,node,2193602428,https://www.openstreetmap.org/node/2193602428,"https://www.google.com/maps/search/?api=1&query=43.5353199,-79.8759513"
Marble Slab Creamery,amenity:ice_cream,,,,,,43.723958,-79.814095,node,3475089882,https://www.openstreetmap.org/node/3475089882,"https://www.google.com/maps/search/?api=1&query=43.7239576,-79.8140946"
Marble Slab Creamery,amenity:ice_cream,,3047,Appleby Line,Burlington,,43.408404,-79.809647,node,4011369045,https://www.openstreetmap.org/node/4011369045,"https://www.google.com/maps/search/?api=1&query=43.4084041,-79.8096469"
Marble Slab Creamery,amenity:ice_cream,,,,,,43.488504,-79.716810,node,12893805774,https://www.openstreetmap.org/node/12893805774,"https://www.google.com/maps/search/?api=1&query=43.4885041,-79.7168097"
Menchie's,amenity:ice_cream,,,,,,43.650379,-79.909183,node,10981542059,https://www.openstreetmap.org/node/10981542059,"https://www.google.com/maps/search/?api=1&query=43.6503794,-79.9091826"
Milan Ice Cream & Paan,amenity:ice_cream,,,,,,43.579212,-79.770804,node,3976328261,https://www.openstreetmap.org/node/3976328261,"https://www.google.com/maps/search/?api=1&query=43.5792123,-79.7708042"
Murphy's Ice Cream Parlor,amenity:ice_cream,,,,,,43.581187,-79.712351,node,529544768,https://www.openstreetmap.org/node/529544768,"https://www.google.com/maps/search/?api=1&query=43.581187,-79.7123514"
Nani’s Gelato,amenity:ice_cream,,6039,Erin Mills Parkway,,,43.579695,-79.734415,node,12865612692,https://www.openstreetmap.org/node/12865612692,"https://www.google.com/maps/search/?api=1&query=43.5796946,-79.7344154"
Rock Star Ice Cream,amenity:ice_cream,,208,"Main Street East , Milton",,,43.512961,-79.883118,node,12041543378,https://www.openstreetmap.org/node/12041543378,"https://www.google.com/maps/search/?api=1&query=43.5129614,-79.8831176"
Rollz Ice Cream,amenity:ice_cream,,,,,,43.639947,-79.712545,node,10078628786,https://www.openstreetmap.org/node/10078628786,"https://www.google.com/maps/search/?api=1&query=43.6399473,-79.7125454"
Whimsy Street Treats,amenity:ice_cream,,,,,,43.649142,-79.925907,node,10981528823,https://www.openstreetmap.org/node/10981528823,"https://www.google.com/maps/search/?api=1&query=43.6491423,-79.925907"
Yogen Früz,amenity:ice_cream,,,,,,43.715180,-79.721240,node,4549689599,https://www.openstreetmap.org/node/4549689599,"https://www.google.com/maps/search/?api=1&query=43.7151801,-79.7212404"
Yogurty's,amenity:ice_cream,,,,,,43.333558,-79.892468,node,4359560884,https://www.openstreetmap.org/node/4359560884,"https://www.google.com/maps/search/?api=1&query=43.3335576,-79.8924682"
Yogurty's,amenity:ice_cream,,,,,,43.393799,-79.823773,node,7060850395,https://www.openstreetmap.org/node/7060850395,"https://www.google.com/maps/search/?api=1&query=43.3937989,-79.8237727"
Angus Valley Montessori,amenity:kindergarten,,,,,,43.518966,-79.873820,node,6628676250,https://www.openstreetmap.org/node/6628676250,"https://www.google.com/maps/search/?api=1&query=43.5189655,-79.8738203"
Childventures Early Learning Academy,amenity:kindergarten,,,,,,43.387186,-79.793935,node,1540322006,https://www.openstreetmap.org/node/1540322006,"https://www.google.com/maps/search/?api=1&query=43.3871858,-79.7939353"
Derry Woods YMCA Child Care Centre,amenity:kindergarten,+1-905-824-3692,,,,,43.575819,-79.783919,node,3762117274,https://www.openstreetmap.org/node/3762117274,"https://www.google.com/maps/search/?api=1&query=43.5758189,-79.7839195"
Erinoakids,amenity:kindergarten,,,,,,43.718187,-79.743127,node,6547928858,https://www.openstreetmap.org/node/6547928858,"https://www.google.com/maps/search/?api=1&query=43.7181875,-79.7431275"
Forrest Grove Preschool Academy of Arts and Technology Inc,amenity:kindergarten,+1-905-827-3085,,,,,43.451104,-79.739439,node,3637302942,https://www.openstreetmap.org/node/3637302942,"https://www.google.com/maps/search/?api=1&query=43.4511043,-79.7394392"
Future Scholars,amenity:kindergarten,,,,,,43.645536,-79.896448,node,4280382736,https://www.openstreetmap.org/node/4280382736,"https://www.google.com/maps/search/?api=1&query=43.6455364,-79.8964483"
Future Scholars Daycare Centre,amenity:kindergarten,+1-905-702-9797,100,Mountainview Road South,Georgetown,,43.644237,-79.895823,node,4280382735,https://www.openstreetmap.org/node/4280382735,"https://www.google.com/maps/search/?api=1&query=43.6442369,-79.8958226"
Marian Montessori,amenity:kindergarten,,,,,,43.427483,-79.738206,node,493881285,https://www.openstreetmap.org/node/493881285,"https://www.google.com/maps/search/?api=1&query=43.4274828,-79.738206"
Monkey See Monkey Do,amenity:kindergarten,,1940,Appleby Line,Burlington,,43.391513,-79.790011,node,2589607775,https://www.openstreetmap.org/node/2589607775,"https://www.google.com/maps/search/?api=1&query=43.3915126,-79.7900113"
Mount Pleasant Montessori School,amenity:kindergarten,,,,,,43.672649,-79.821496,node,6546847841,https://www.openstreetmap.org/node/6546847841,"https://www.google.com/maps/search/?api=1&query=43.6726491,-79.8214956"
Prestige Montessori,amenity:kindergarten,,,,,,43.449352,-79.760803,node,3556589509,https://www.openstreetmap.org/node/3556589509,"https://www.google.com/maps/search/?api=1&query=43.4493518,-79.7608033"
Ressel School,amenity:kindergarten,,,,,,43.354696,-79.841284,node,2953475724,https://www.openstreetmap.org/node/2953475724,"https://www.google.com/maps/search/?api=1&query=43.3546958,-79.8412843"
Rowntree Montessori School,amenity:kindergarten,,,,,,43.713023,-79.702521,node,3692623153,https://www.openstreetmap.org/node/3692623153,"https://www.google.com/maps/search/?api=1&query=43.713023,-79.7025209"
Royal Academy Montessori Preschool,amenity:kindergarten,,,,,,43.686896,-79.807128,node,6546870687,https://www.openstreetmap.org/node/6546870687,"https://www.google.com/maps/search/?api=1&query=43.686896,-79.8071283"
Shining Stars Montessori,amenity:kindergarten,,,,,,43.687905,-79.804752,node,6546837467,https://www.openstreetmap.org/node/6546837467,"https://www.google.com/maps/search/?api=1&query=43.6879046,-79.8047519"
The Orchard Children's Centre,amenity:kindergarten,,,,,,43.389632,-79.823306,node,1540322020,https://www.openstreetmap.org/node/1540322020,"https://www.google.com/maps/search/?api=1&query=43.3896321,-79.8233055"
Trafalgar Ridge Montessori School,amenity:kindergarten,,,,,,43.484801,-79.714201,node,3412091333,https://www.openstreetmap.org/node/3412091333,"https://www.google.com/maps/search/?api=1&query=43.4848011,-79.7142014"
Willowbrae Childcare,amenity:kindergarten,,1250,Brant Street,Burlington,,43.342962,-79.829539,node,1867488113,https://www.openstreetmap.org/node/1867488113,"https://www.google.com/maps/search/?api=1&query=43.3429624,-79.8295388"
YMCA,amenity:kindergarten,,,,,,43.377432,-79.830741,node,2660601302,https://www.openstreetmap.org/node/2660601302,"https://www.google.com/maps/search/?api=1&query=43.377432,-79.8307407"
Brampton Library - Mount Pleasant Village Branch,amenity:library,,,,,,43.676682,-79.823997,node,1921762735,https://www.openstreetmap.org/node/1921762735,"https://www.google.com/maps/search/?api=1&query=43.6766823,-79.8239968"
Brampton Library - South Fletcher's Branch,amenity:library,,,,,,43.652639,-79.736259,node,7787918364,https://www.openstreetmap.org/node/7787918364,"https://www.google.com/maps/search/?api=1&query=43.6526392,-79.736259"
Brampton Library - South West Branch,amenity:library,,,,,,43.635242,-79.789931,node,7249184936,https://www.openstreetmap.org/node/7249184936,"https://www.google.com/maps/search/?api=1&query=43.6352418,-79.7899309"
Brampton Public Library,amenity:library,,,,,,43.666500,-79.739546,node,12569498491,https://www.openstreetmap.org/node/12569498491,"https://www.google.com/maps/search/?api=1&query=43.6664995,-79.7395462"
Burlington Public Library - Aldershot Branch,amenity:library,,,,,,43.320051,-79.834473,node,7770159411,https://www.openstreetmap.org/node/7770159411,"https://www.google.com/maps/search/?api=1&query=43.3200514,-79.8344734"
Burlington Public Library - Alton Branch,amenity:library,,,,,,43.398663,-79.819826,node,7792760825,https://www.openstreetmap.org/node/7792760825,"https://www.google.com/maps/search/?api=1&query=43.3986633,-79.8198259"
Burlington Public Library - Brant Hills Branch,amenity:library,,,,,,43.361225,-79.846236,node,2698208714,https://www.openstreetmap.org/node/2698208714,"https://www.google.com/maps/search/?api=1&query=43.3612251,-79.8462364"
Burlington Public Library - Kilbride Branch,amenity:library,,,,,,43.427430,-79.937028,node,7792760826,https://www.openstreetmap.org/node/7792760826,"https://www.google.com/maps/search/?api=1&query=43.4274296,-79.9370277"
Burlington Public Library - New Appleby Branch,amenity:library,,,,,,43.371442,-79.761930,node,287148094,https://www.openstreetmap.org/node/287148094,"https://www.google.com/maps/search/?api=1&query=43.3714419,-79.7619304"
Burlington Public Library - New Appleby Branch,amenity:library,,,,,,43.372024,-79.750410,node,13812568902,https://www.openstreetmap.org/node/13812568902,"https://www.google.com/maps/search/?api=1&query=43.3720242,-79.7504104"
Milton Public Library - Main Branch,amenity:library,,,,,,43.528463,-79.865908,node,724833090,https://www.openstreetmap.org/node/724833090,"https://www.google.com/maps/search/?api=1&query=43.5284627,-79.8659084"
Milton Public Library - Sherwood Branch,amenity:library,,,,,,43.499966,-79.894772,node,7212874079,https://www.openstreetmap.org/node/7212874079,"https://www.google.com/maps/search/?api=1&query=43.4999664,-79.8947722"
Mississauga Library - Meadowvale,amenity:library,,,,,,43.585060,-79.756249,node,5284873873,https://www.openstreetmap.org/node/5284873873,"https://www.google.com/maps/search/?api=1&query=43.5850602,-79.7562489"
Oakville Public Library - Glen Abbey Branch,amenity:library,,,,,,43.435808,-79.739174,node,336189647,https://www.openstreetmap.org/node/336189647,"https://www.google.com/maps/search/?api=1&query=43.4358078,-79.7391735"
Oakville Public Library - Sixteen Mile Branch,amenity:library,,,,,,43.466263,-79.749337,node,7792520047,https://www.openstreetmap.org/node/7792520047,"https://www.google.com/maps/search/?api=1&query=43.466263,-79.7493374"
Accent Music Therapy,amenity:music_school,,,,,,43.386184,-79.830115,node,9082092343,https://www.openstreetmap.org/node/9082092343,"https://www.google.com/maps/search/?api=1&query=43.3861842,-79.8301147"
Arcadia Academy of Music,amenity:music_school,,,,,,43.389878,-79.823789,node,7060846682,https://www.openstreetmap.org/node/7060846682,"https://www.google.com/maps/search/?api=1&query=43.389878,-79.8237889"
Synergy Music Lessons,amenity:music_school,,,,,,43.658638,-79.726991,node,13093245319,https://www.openstreetmap.org/node/13093245319,"https://www.google.com/maps/search/?api=1&query=43.658638,-79.7269915"
Tan Music,amenity:music_school,,,,,,43.717888,-79.742716,node,6547928865,https://www.openstreetmap.org/node/6547928865,"https://www.google.com/maps/search/?api=1&query=43.717888,-79.7427157"
The Rock School,amenity:music_school,,,,,,43.684888,-79.760265,node,623767455,https://www.openstreetmap.org/node/623767455,"https://www.google.com/maps/search/?api=1&query=43.6848876,-79.7602646"
Walters Music Studio,amenity:music_school,,,,,,43.682859,-79.813246,node,1922007617,https://www.openstreetmap.org/node/1922007617,"https://www.google.com/maps/search/?api=1&query=43.6828585,-79.8132463"
Aim Pharmacy,amenity:pharmacy,,,,,,43.701133,-79.743819,node,13357926612,https://www.openstreetmap.org/node/13357926612,"https://www.google.com/maps/search/?api=1&query=43.701133,-79.743819"
Angel Pharmacy,amenity:pharmacy,,,,,,43.540508,-79.739606,node,3762011797,https://www.openstreetmap.org/node/3762011797,"https://www.google.com/maps/search/?api=1&query=43.5405079,-79.739606"
ARC Pharmacy,amenity:pharmacy,,,,,,43.558162,-79.706384,node,10695734579,https://www.openstreetmap.org/node/10695734579,"https://www.google.com/maps/search/?api=1&query=43.5581621,-79.7063838"
Bramiss Pharmacy,amenity:pharmacy,,,,,,43.632444,-79.768957,node,1930612195,https://www.openstreetmap.org/node/1930612195,"https://www.google.com/maps/search/?api=1&query=43.6324441,-79.7689565"
Brant Lakeshore Pharmacy,amenity:pharmacy,+1-289-337-3333,,,,,43.324754,-79.796811,node,4200651731,https://www.openstreetmap.org/node/4200651731,"https://www.google.com/maps/search/?api=1&query=43.3247538,-79.7968112"
Brisdale Pharmacy,amenity:pharmacy,,,,,,43.683786,-79.811898,node,6546847871,https://www.openstreetmap.org/node/6546847871,"https://www.google.com/maps/search/?api=1&query=43.6837861,-79.8118981"
Britannia Health,amenity:pharmacy,,,,,,43.583258,-79.729284,node,12865645004,https://www.openstreetmap.org/node/12865645004,"https://www.google.com/maps/search/?api=1&query=43.5832579,-79.7292843"
Britannia Pharmacy,amenity:pharmacy,,,,,,43.557099,-79.756472,node,2014557012,https://www.openstreetmap.org/node/2014557012,"https://www.google.com/maps/search/?api=1&query=43.5570987,-79.7564715"
Chez Pharmacy,amenity:pharmacy,,,,,,43.351768,-79.787434,node,7061164013,https://www.openstreetmap.org/node/7061164013,"https://www.google.com/maps/search/?api=1&query=43.3517675,-79.7874336"
Costco Pharmacy,amenity:pharmacy,,,,,,43.682966,-79.711911,node,12718397589,https://www.openstreetmap.org/node/12718397589,"https://www.google.com/maps/search/?api=1&query=43.6829659,-79.7119115"
Costco Pharmacy,amenity:pharmacy,,,,,,43.344398,-79.821830,node,12718402715,https://www.openstreetmap.org/node/12718402715,"https://www.google.com/maps/search/?api=1&query=43.344398,-79.8218302"
Derry Pharmacy,amenity:pharmacy,,,,,,43.496003,-79.871841,node,2196760308,https://www.openstreetmap.org/node/2196760308,"https://www.google.com/maps/search/?api=1&query=43.4960034,-79.8718411"
Drugstore Pharmacy,amenity:pharmacy,,,,,,43.683566,-79.815690,node,582790290,https://www.openstreetmap.org/node/582790290,"https://www.google.com/maps/search/?api=1&query=43.6835657,-79.8156899"
Extra Mile Pharmacy,amenity:pharmacy,,2980,Crosscurrent Drive,,,43.594734,-79.779102,node,12740110431,https://www.openstreetmap.org/node/12740110431,"https://www.google.com/maps/search/?api=1&query=43.5947343,-79.7791021"
Falconer Pharmacy,amenity:pharmacy,+1-905-821-3637,,,,,43.606002,-79.728405,node,4015804207,https://www.openstreetmap.org/node/4015804207,"https://www.google.com/maps/search/?api=1&query=43.6060021,-79.7284048"
Gillingham Pharmacy,amenity:pharmacy,,,,,,43.703205,-79.785146,node,6546952093,https://www.openstreetmap.org/node/6546952093,"https://www.google.com/maps/search/?api=1&query=43.7032046,-79.7851463"
Guardian,amenity:pharmacy,,,,,,43.651117,-79.758377,node,603229997,https://www.openstreetmap.org/node/603229997,"https://www.google.com/maps/search/?api=1&query=43.6511166,-79.7583768"
Guardian,amenity:pharmacy,,,,,,43.629776,-79.877349,node,3812899491,https://www.openstreetmap.org/node/3812899491,"https://www.google.com/maps/search/?api=1&query=43.6297756,-79.8773495"
Guardian,amenity:pharmacy,,,,,,43.557052,-79.700864,node,3986560072,https://www.openstreetmap.org/node/3986560072,"https://www.google.com/maps/search/?api=1&query=43.5570524,-79.7008642"
Guardian,amenity:pharmacy,,,,,,43.398322,-79.747159,node,3997648558,https://www.openstreetmap.org/node/3997648558,"https://www.google.com/maps/search/?api=1&query=43.3983223,-79.7471594"
Guardian,amenity:pharmacy,,,,,,43.674922,-79.806076,node,4004214044,https://www.openstreetmap.org/node/4004214044,"https://www.google.com/maps/search/?api=1&query=43.6749221,-79.8060761"
Guardian,amenity:pharmacy,,,,,,43.377957,-79.805873,node,4089317889,https://www.openstreetmap.org/node/4089317889,"https://www.google.com/maps/search/?api=1&query=43.3779566,-79.8058728"
Guardian,amenity:pharmacy,,47,Main Street South,Georgetown,L7G 3G2,43.650174,-79.926802,node,4352737288,https://www.openstreetmap.org/node/4352737288,"https://www.google.com/maps/search/?api=1&query=43.6501745,-79.9268025"
Guardian,amenity:pharmacy,,,,,,43.435901,-79.775553,node,4513864660,https://www.openstreetmap.org/node/4513864660,"https://www.google.com/maps/search/?api=1&query=43.4359006,-79.7755534"
Guardian,amenity:pharmacy,,,,,,43.730373,-79.821233,node,6571769033,https://www.openstreetmap.org/node/6571769033,"https://www.google.com/maps/search/?api=1&query=43.7303734,-79.821233"
Guardian,amenity:pharmacy,,,,,,43.336230,-79.813857,node,7061158689,https://www.openstreetmap.org/node/7061158689,"https://www.google.com/maps/search/?api=1&query=43.3362299,-79.8138567"
Guardian,amenity:pharmacy,,,,,,43.657801,-79.741246,node,7195543529,https://www.openstreetmap.org/node/7195543529,"https://www.google.com/maps/search/?api=1&query=43.6578009,-79.7412459"
Guardian,amenity:pharmacy,,,,,,43.658170,-79.726470,node,7195568453,https://www.openstreetmap.org/node/7195568453,"https://www.google.com/maps/search/?api=1&query=43.65817,-79.7264701"
Guardian,amenity:pharmacy,,,,,,43.330160,-79.820533,node,7858946523,https://www.openstreetmap.org/node/7858946523,"https://www.google.com/maps/search/?api=1&query=43.3301601,-79.8205326"
Guardian,amenity:pharmacy,,,,,,43.681257,-79.765339,node,12569736011,https://www.openstreetmap.org/node/12569736011,"https://www.google.com/maps/search/?api=1&query=43.6812573,-79.7653395"
Hooper's Pharmacy,amenity:pharmacy,,,,,,43.686247,-79.760671,node,2295977893,https://www.openstreetmap.org/node/2295977893,"https://www.google.com/maps/search/?api=1&query=43.6862469,-79.7606714"
Howden Pharmacy,amenity:pharmacy,,,,,,43.718144,-79.742964,node,6547928860,https://www.openstreetmap.org/node/6547928860,"https://www.google.com/maps/search/?api=1&query=43.7181439,-79.7429639"
I.D.A.,amenity:pharmacy,+1-905-826-1155,,,,,43.581931,-79.713836,node,416026367,https://www.openstreetmap.org/node/416026367,"https://www.google.com/maps/search/?api=1&query=43.5819312,-79.7138361"
I.D.A.,amenity:pharmacy,,,,,,43.658609,-79.750065,node,582757563,https://www.openstreetmap.org/node/582757563,"https://www.google.com/maps/search/?api=1&query=43.6586095,-79.7500647"
I.D.A.,amenity:pharmacy,+1 905-497-7424,,,,,43.730844,-79.789943,node,1918750510,https://www.openstreetmap.org/node/1918750510,"https://www.google.com/maps/search/?api=1&query=43.7308441,-79.7899427"
I.D.A.,amenity:pharmacy,,,,,,43.334968,-79.903321,node,2801015840,https://www.openstreetmap.org/node/2801015840,"https://www.google.com/maps/search/?api=1&query=43.3349678,-79.9033209"
I.D.A.,amenity:pharmacy,,,,,,43.562899,-79.709894,node,2827190101,https://www.openstreetmap.org/node/2827190101,"https://www.google.com/maps/search/?api=1&query=43.5628992,-79.7098935"
I.D.A.,amenity:pharmacy,,,,,,43.592866,-79.764423,node,3415004622,https://www.openstreetmap.org/node/3415004622,"https://www.google.com/maps/search/?api=1&query=43.5928656,-79.7644226"
I.D.A.,amenity:pharmacy,,,,,,43.705372,-79.835737,node,3475211320,https://www.openstreetmap.org/node/3475211320,"https://www.google.com/maps/search/?api=1&query=43.7053721,-79.8357373"
I.D.A.,amenity:pharmacy,,1893,Appleby Line,Burlington,,43.392382,-79.787769,node,3522538001,https://www.openstreetmap.org/node/3522538001,"https://www.google.com/maps/search/?api=1&query=43.3923816,-79.7877693"
I.D.A.,amenity:pharmacy,,,,,,43.442725,-79.768409,node,3556589429,https://www.openstreetmap.org/node/3556589429,"https://www.google.com/maps/search/?api=1&query=43.4427253,-79.7684087"
I.D.A.,amenity:pharmacy,,,,,,43.449389,-79.759973,node,3556589510,https://www.openstreetmap.org/node/3556589510,"https://www.google.com/maps/search/?api=1&query=43.4493894,-79.7599732"
I.D.A.,amenity:pharmacy,+1-905-819-9000,,,,,43.565155,-79.730278,node,3999964438,https://www.openstreetmap.org/node/3999964438,"https://www.google.com/maps/search/?api=1&query=43.565155,-79.7302784"
I.D.A.,amenity:pharmacy,,,,,,43.633496,-79.770353,node,4004464049,https://www.openstreetmap.org/node/4004464049,"https://www.google.com/maps/search/?api=1&query=43.6334963,-79.7703525"
I.D.A.,amenity:pharmacy,,,,,,43.659947,-79.813819,node,4006774592,https://www.openstreetmap.org/node/4006774592,"https://www.google.com/maps/search/?api=1&query=43.6599469,-79.8138193"
I.D.A.,amenity:pharmacy,,,,,,43.322154,-79.807855,node,4419735804,https://www.openstreetmap.org/node/4419735804,"https://www.google.com/maps/search/?api=1&query=43.3221542,-79.8078552"
I.D.A.,amenity:pharmacy,,,,,,43.347740,-79.827650,node,7061727765,https://www.openstreetmap.org/node/7061727765,"https://www.google.com/maps/search/?api=1&query=43.3477403,-79.8276504"
I.D.A.,amenity:pharmacy,+1 905-840-7600,,,,,43.722591,-79.787120,node,10783406801,https://www.openstreetmap.org/node/10783406801,"https://www.google.com/maps/search/?api=1&query=43.7225913,-79.7871199"
I.D.A.,amenity:pharmacy,,,,,,43.650182,-79.909762,node,10981542061,https://www.openstreetmap.org/node/10981542061,"https://www.google.com/maps/search/?api=1&query=43.6501817,-79.9097623"
I.D.A.,amenity:pharmacy,,,,,,43.658843,-79.818097,node,12692043560,https://www.openstreetmap.org/node/12692043560,"https://www.google.com/maps/search/?api=1&query=43.6588432,-79.8180969"
I.D.A.,amenity:pharmacy,,,,,,43.695524,-79.748454,node,12810733883,https://www.openstreetmap.org/node/12810733883,"https://www.google.com/maps/search/?api=1&query=43.6955236,-79.7484543"
I.D.A.,amenity:pharmacy,,,,,,43.657472,-79.724159,node,13093235191,https://www.openstreetmap.org/node/13093235191,"https://www.google.com/maps/search/?api=1&query=43.6574721,-79.7241587"
Kings Cross Pharmacy,amenity:pharmacy,,,,,,43.720190,-79.716228,node,2130312072,https://www.openstreetmap.org/node/2130312072,"https://www.google.com/maps/search/?api=1&query=43.7201896,-79.7162278"
Lakeridge Pharmacy,amenity:pharmacy,,,,,,43.713840,-79.746967,node,6547925932,https://www.openstreetmap.org/node/6547925932,"https://www.google.com/maps/search/?api=1&query=43.7138402,-79.7469666"
Lisgar Woods Pharmacy,amenity:pharmacy,+1-905-824-5999,,,,,43.576007,-79.783437,node,3762117267,https://www.openstreetmap.org/node/3762117267,"https://www.google.com/maps/search/?api=1&query=43.5760074,-79.7834367"
LSV Pharmacy,amenity:pharmacy,,,,,,43.355151,-79.768647,node,3760804720,https://www.openstreetmap.org/node/3760804720,"https://www.google.com/maps/search/?api=1&query=43.355151,-79.7686472"
Main Bronte Pharmacy,amenity:pharmacy,,,,,,43.508223,-79.888127,node,10934210244,https://www.openstreetmap.org/node/10934210244,"https://www.google.com/maps/search/?api=1&query=43.5082226,-79.8881271"
Main St. Pharmacy,amenity:pharmacy,+1-905-454-3008,,,,,43.692251,-79.767786,node,887575479,https://www.openstreetmap.org/node/887575479,"https://www.google.com/maps/search/?api=1&query=43.6922506,-79.7677859"
Main Street Medical Pharmacy,amenity:pharmacy,,,,,,43.724086,-79.814259,node,6571769037,https://www.openstreetmap.org/node/6571769037,"https://www.google.com/maps/search/?api=1&query=43.7240859,-79.8142587"
Maple Medical Clinic,amenity:pharmacy,,,,,,43.537700,-79.874105,node,2199911468,https://www.openstreetmap.org/node/2199911468,"https://www.google.com/maps/search/?api=1&query=43.5376998,-79.8741053"
Maple Mews Pharmacy,amenity:pharmacy,,,,,,43.331037,-79.819498,node,7859013323,https://www.openstreetmap.org/node/7859013323,"https://www.google.com/maps/search/?api=1&query=43.331037,-79.8194981"
Meadowvale Pharmacy,amenity:pharmacy,,,,,,43.582964,-79.764935,node,3440058311,https://www.openstreetmap.org/node/3440058311,"https://www.google.com/maps/search/?api=1&query=43.5829639,-79.764935"
medexpress Pharmacy,amenity:pharmacy,,,,,,43.334340,-79.810118,node,3472277859,https://www.openstreetmap.org/node/3472277859,"https://www.google.com/maps/search/?api=1&query=43.3343402,-79.8101181"
MedRose Pharmacy,amenity:pharmacy,,,,,,43.658298,-79.721878,node,13093205772,https://www.openstreetmap.org/node/13093205772,"https://www.google.com/maps/search/?api=1&query=43.6582977,-79.7218775"
Mi Clinic & Pharmacy,amenity:pharmacy,,5055,Eglinton Avenue West,,,43.552802,-79.715654,node,12959993206,https://www.openstreetmap.org/node/12959993206,"https://www.google.com/maps/search/?api=1&query=43.5528016,-79.7156544"
Millcreek Pharmacy,amenity:pharmacy,,,,,,43.597342,-79.759964,node,4013854374,https://www.openstreetmap.org/node/4013854374,"https://www.google.com/maps/search/?api=1&query=43.5973419,-79.7599636"
MIlton Square Pharmacy,amenity:pharmacy,,1225,Maple Avenue,Milton,,43.539007,-79.866538,node,2258380745,https://www.openstreetmap.org/node/2258380745,"https://www.google.com/maps/search/?api=1&query=43.5390069,-79.8665375"
Miltowne Pharmacy,amenity:pharmacy,,,,,,43.509541,-79.872359,node,10934381401,https://www.openstreetmap.org/node/10934381401,"https://www.google.com/maps/search/?api=1&query=43.5095407,-79.8723589"
Morelli's,amenity:pharmacy,,2900,Walkers Line,Burlington,L7M 4M8,43.390011,-79.822627,node,3500135326,https://www.openstreetmap.org/node/3500135326,"https://www.google.com/maps/search/?api=1&query=43.3900114,-79.8226267"
Nature's Vitamins,amenity:pharmacy,,,,,,43.442694,-79.768349,node,3556589428,https://www.openstreetmap.org/node/3556589428,"https://www.google.com/maps/search/?api=1&query=43.4426942,-79.7683491"
Olde Town Pharmacy,amenity:pharmacy,,,,,,43.686858,-79.806483,node,6546837480,https://www.openstreetmap.org/node/6546837480,"https://www.google.com/maps/search/?api=1&query=43.6868582,-79.8064832"
Origins Pharmacy,amenity:pharmacy,,,,,,43.449753,-79.766800,node,3897635029,https://www.openstreetmap.org/node/3897635029,"https://www.google.com/maps/search/?api=1&query=43.449753,-79.7667996"
Pendale Pharmacy,amenity:pharmacy,,,,,,43.687707,-79.805510,node,6546837460,https://www.openstreetmap.org/node/6546837460,"https://www.google.com/maps/search/?api=1&query=43.6877068,-79.8055096"
PharmaChoice,amenity:pharmacy,,,,,,43.704222,-79.786259,node,6546913787,https://www.openstreetmap.org/node/6546913787,"https://www.google.com/maps/search/?api=1&query=43.7042217,-79.7862594"
PharmaChoice,amenity:pharmacy,,,,,,43.707294,-79.733073,node,6547908161,https://www.openstreetmap.org/node/6547908161,"https://www.google.com/maps/search/?api=1&query=43.7072944,-79.7330725"
Pharmacy,amenity:pharmacy,,,,,,43.699562,-79.821020,node,10884232828,https://www.openstreetmap.org/node/10884232828,"https://www.google.com/maps/search/?api=1&query=43.6995619,-79.8210199"
Pharmasave,amenity:pharmacy,,,,,,43.437894,-79.740407,node,441788990,https://www.openstreetmap.org/node/441788990,"https://www.google.com/maps/search/?api=1&query=43.437894,-79.7404067"
Pharmasave,amenity:pharmacy,,,,,,43.722605,-79.717450,node,921760795,https://www.openstreetmap.org/node/921760795,"https://www.google.com/maps/search/?api=1&query=43.7226054,-79.7174501"
Pharmasave,amenity:pharmacy,,,,,,43.325265,-79.797483,node,1632157317,https://www.openstreetmap.org/node/1632157317,"https://www.google.com/maps/search/?api=1&query=43.3252654,-79.7974835"
Pharmasave,amenity:pharmacy,,,,,,43.511319,-79.855479,node,1912291544,https://www.openstreetmap.org/node/1912291544,"https://www.google.com/maps/search/?api=1&query=43.5113193,-79.8554792"
Pharmasave,amenity:pharmacy,,,,,,43.723956,-79.717422,node,3599545628,https://www.openstreetmap.org/node/3599545628,"https://www.google.com/maps/search/?api=1&query=43.7239563,-79.7174219"
Pharmasave,amenity:pharmacy,,,,,,43.643092,-79.746607,node,4006780650,https://www.openstreetmap.org/node/4006780650,"https://www.google.com/maps/search/?api=1&query=43.6430921,-79.7466071"
Pharmasave,amenity:pharmacy,,,,,,43.466797,-79.744388,node,4868553931,https://www.openstreetmap.org/node/4868553931,"https://www.google.com/maps/search/?api=1&query=43.4667972,-79.7443884"
Pharmasave,amenity:pharmacy,,,,,,43.702589,-79.759304,node,5991686939,https://www.openstreetmap.org/node/5991686939,"https://www.google.com/maps/search/?api=1&query=43.702589,-79.7593045"
Pharmasave,amenity:pharmacy,,,,,,43.376173,-79.836465,node,6173884603,https://www.openstreetmap.org/node/6173884603,"https://www.google.com/maps/search/?api=1&query=43.3761728,-79.8364651"
Pharmasave,amenity:pharmacy,,280,Guelph Street,,,43.648756,-79.897670,node,6533216833,https://www.openstreetmap.org/node/6533216833,"https://www.google.com/maps/search/?api=1&query=43.6487556,-79.8976702"
Pharmasave,amenity:pharmacy,,,,,,43.388330,-79.748208,node,7060663711,https://www.openstreetmap.org/node/7060663711,"https://www.google.com/maps/search/?api=1&query=43.3883296,-79.7482076"
Pharmasave,amenity:pharmacy,,,,,,43.306415,-79.854599,node,9705820646,https://www.openstreetmap.org/node/9705820646,"https://www.google.com/maps/search/?api=1&query=43.3064145,-79.8545991"
Pharmasave,amenity:pharmacy,,,,,,43.521268,-79.892979,node,10934177207,https://www.openstreetmap.org/node/10934177207,"https://www.google.com/maps/search/?api=1&query=43.5212679,-79.8929792"
Pharmasave,amenity:pharmacy,,,,,,43.683415,-79.762288,node,12569740098,https://www.openstreetmap.org/node/12569740098,"https://www.google.com/maps/search/?api=1&query=43.6834148,-79.7622885"
Pharmasave,amenity:pharmacy,,,,,,43.635638,-79.790424,node,12870918959,https://www.openstreetmap.org/node/12870918959,"https://www.google.com/maps/search/?api=1&query=43.6356385,-79.7904241"
Pharmasave,amenity:pharmacy,,,,,,43.663757,-79.732310,node,13093170399,https://www.openstreetmap.org/node/13093170399,"https://www.google.com/maps/search/?api=1&query=43.6637567,-79.7323101"
Pharmasense,amenity:pharmacy,,2983,Westoak Trails Boulevard,Oakville,,43.428959,-79.765297,node,4399113593,https://www.openstreetmap.org/node/4399113593,"https://www.google.com/maps/search/?api=1&query=43.4289585,-79.7652973"
Queen Best Pharmacy,amenity:pharmacy,,,,,,43.694599,-79.750166,node,9008405134,https://www.openstreetmap.org/node/9008405134,"https://www.google.com/maps/search/?api=1&query=43.6945989,-79.7501661"
Remedy'sRx,amenity:pharmacy,,,,,,43.658408,-79.816907,node,4002007406,https://www.openstreetmap.org/node/4002007406,"https://www.google.com/maps/search/?api=1&query=43.6584082,-79.8169065"
Rexall,amenity:pharmacy,,,,,,43.676230,-79.771738,node,582766207,https://www.openstreetmap.org/node/582766207,"https://www.google.com/maps/search/?api=1&query=43.67623,-79.7717379"
Rexall,amenity:pharmacy,,,,,,43.706610,-79.786846,node,602652024,https://www.openstreetmap.org/node/602652024,"https://www.google.com/maps/search/?api=1&query=43.7066096,-79.7868459"
Rexall,amenity:pharmacy,,,,,,43.600216,-79.709813,node,1406559203,https://www.openstreetmap.org/node/1406559203,"https://www.google.com/maps/search/?api=1&query=43.6002163,-79.7098131"
Rexall,amenity:pharmacy,,,,,,43.583044,-79.779185,node,2008808601,https://www.openstreetmap.org/node/2008808601,"https://www.google.com/maps/search/?api=1&query=43.5830445,-79.7791853"
Rexall,amenity:pharmacy,,,,,,43.356412,-79.841934,node,2698208728,https://www.openstreetmap.org/node/2698208728,"https://www.google.com/maps/search/?api=1&query=43.3564118,-79.8419344"
Rexall,amenity:pharmacy,,,,,,43.367761,-79.753607,node,3635869381,https://www.openstreetmap.org/node/3635869381,"https://www.google.com/maps/search/?api=1&query=43.367761,-79.753607"
Rexall,amenity:pharmacy,,,,,,43.702040,-79.756097,node,6110919154,https://www.openstreetmap.org/node/6110919154,"https://www.google.com/maps/search/?api=1&query=43.7020402,-79.7560966"
Rexall,amenity:pharmacy,+1 905 335 5622,2400,Guelph Line,Burlington,L7P 4M7,43.374044,-79.835679,node,6173884604,https://www.openstreetmap.org/node/6173884604,"https://www.google.com/maps/search/?api=1&query=43.3740438,-79.8356792"
Rexall,amenity:pharmacy,,,,,,43.665274,-79.737427,node,6566646184,https://www.openstreetmap.org/node/6566646184,"https://www.google.com/maps/search/?api=1&query=43.665274,-79.7374266"
Rexall,amenity:pharmacy,,6541,Derry Road,Milton,,43.492050,-79.877942,node,11257716685,https://www.openstreetmap.org/node/11257716685,"https://www.google.com/maps/search/?api=1&query=43.4920497,-79.8779423"
Saint George Pharmacy,amenity:pharmacy,+1-905-333-0022,,,,,43.367187,-79.733901,node,3997798094,https://www.openstreetmap.org/node/3997798094,"https://www.google.com/maps/search/?api=1&query=43.3671865,-79.7339011"
Sandalwood Medical Pharmacy,amenity:pharmacy,,,,,,43.726999,-79.797297,node,1870140339,https://www.openstreetmap.org/node/1870140339,"https://www.google.com/maps/search/?api=1&query=43.7269986,-79.797297"
Saveonrx Pharmacy,amenity:pharmacy,,,,,,43.659088,-79.727298,node,13093255117,https://www.openstreetmap.org/node/13093255117,"https://www.google.com/maps/search/?api=1&query=43.6590876,-79.7272981"
Sherperd Drug Mart,amenity:pharmacy,+1-905-812-5111,,,,,43.592379,-79.703662,node,3957175564,https://www.openstreetmap.org/node/3957175564,"https://www.google.com/maps/search/?api=1&query=43.5923789,-79.7036618"
Shoppers Drug Mart,amenity:pharmacy,,,,,,43.595254,-79.784672,node,12869456848,https://www.openstreetmap.org/node/12869456848,"https://www.google.com/maps/search/?api=1&query=43.5952536,-79.7846721"
Shoppers Drug Mart,amenity:pharmacy,,,,,,43.553219,-79.713710,node,12960001090,https://www.openstreetmap.org/node/12960001090,"https://www.google.com/maps/search/?api=1&query=43.5532186,-79.71371"
St. Mary’s Pharmacy,amenity:pharmacy,+1-905-821-4550,,,,,43.603292,-79.707148,node,3746073206,https://www.openstreetmap.org/node/3746073206,"https://www.google.com/maps/search/?api=1&query=43.603292,-79.7071477"
Tenth Eglinton Pharmacy,amenity:pharmacy,,,,,,43.543546,-79.724814,node,3976144981,https://www.openstreetmap.org/node/3976144981,"https://www.google.com/maps/search/?api=1&query=43.5435456,-79.7248136"
The Chase Pharmacy,amenity:pharmacy,,,,,,43.564932,-79.701386,node,3986560077,https://www.openstreetmap.org/node/3986560077,"https://www.google.com/maps/search/?api=1&query=43.5649322,-79.7013861"
The Medicine Shoppe,amenity:pharmacy,,,,,,43.517443,-79.878029,node,724846979,https://www.openstreetmap.org/node/724846979,"https://www.google.com/maps/search/?api=1&query=43.5174428,-79.8780292"
Total Health Pharmacy,amenity:pharmacy,+1-905-825-2560,,,,,43.440490,-79.718946,node,2292634418,https://www.openstreetmap.org/node/2292634418,"https://www.google.com/maps/search/?api=1&query=43.4404897,-79.7189464"
Total Health Pharmacy,amenity:pharmacy,,,,,,43.354047,-79.797413,node,4486121709,https://www.openstreetmap.org/node/4486121709,"https://www.google.com/maps/search/?api=1&query=43.3540467,-79.7974133"
Town Medical Clinic & Pharmacy,amenity:pharmacy,,,,,,43.445826,-79.704362,node,3303285162,https://www.openstreetmap.org/node/3303285162,"https://www.google.com/maps/search/?api=1&query=43.4458262,-79.7043624"
Twain Pharmacy,amenity:pharmacy,+1-905-696-0888,,,,,43.638289,-79.728226,node,4011412248,https://www.openstreetmap.org/node/4011412248,"https://www.google.com/maps/search/?api=1&query=43.6382892,-79.7282258"
West Brampton Pharmacy,amenity:pharmacy,,,,,,43.644823,-79.754452,node,603172687,https://www.openstreetmap.org/node/603172687,"https://www.google.com/maps/search/?api=1&query=43.6448227,-79.7544516"
Zak's Pharmacy,amenity:pharmacy,+1-905-875-2424,70,Main Street East,Milton,,43.510044,-79.886212,node,724840962,https://www.openstreetmap.org/node/724840962,"https://www.google.com/maps/search/?api=1&query=43.5100438,-79.8862123"
Abbey Market Canada Post,amenity:post_office,,1500,Upper Middle Road West,Oakville,L6M 1G0,43.437011,-79.740822,node,6901616993,https://www.openstreetmap.org/node/6901616993,"https://www.google.com/maps/search/?api=1&query=43.4370113,-79.7408219"
Appleby Canada Post,amenity:post_office,,4524,New Street,Burlington,L7L 2Y0,43.366756,-79.753734,node,11432529607,https://www.openstreetmap.org/node/11432529607,"https://www.google.com/maps/search/?api=1&query=43.3667558,-79.7537338"
Brant Hills Canada Post,amenity:post_office,,2211,Brant Street,Burlington,L7P 3N0,43.357849,-79.844442,node,11432529623,https://www.openstreetmap.org/node/11432529623,"https://www.google.com/maps/search/?api=1&query=43.3578491,-79.844442"
Burlington Mall Canada Post,amenity:post_office,,7777,Guelph Line,Burlington,L7R 3N0,43.347681,-79.793936,node,3371829121,https://www.openstreetmap.org/node/3371829121,"https://www.google.com/maps/search/?api=1&query=43.3476814,-79.7939363"
Canada Post,amenity:post_office,,5100,Erin Mills Parkway,,,43.557898,-79.711615,node,6557896314,https://www.openstreetmap.org/node/6557896314,"https://www.google.com/maps/search/?api=1&query=43.5578978,-79.711615"
Canada Post,amenity:post_office,,3035,Appleby Line,Burlington,L7M 0V0,43.407760,-79.808683,node,11432529634,https://www.openstreetmap.org/node/11432529634,"https://www.google.com/maps/search/?api=1&query=43.4077604,-79.808683"
Canada Post Outlet,amenity:post_office,,,,,,43.621802,-79.742912,node,1409297386,https://www.openstreetmap.org/node/1409297386,"https://www.google.com/maps/search/?api=1&query=43.6218022,-79.7429123"
Derry Heights Canad Post,amenity:post_office,,6951,Derry Road,Milton,L9T 7H0,43.497636,-79.873939,node,2196760304,https://www.openstreetmap.org/node/2196760304,"https://www.google.com/maps/search/?api=1&query=43.4976359,-79.873939"
Dundas Neyagawa Canada Post,amenity:post_office,,478,Dundas Street West,Oakville,L6H 6Y0,43.463850,-79.741908,node,11423236371,https://www.openstreetmap.org/node/11423236371,"https://www.google.com/maps/search/?api=1&query=43.4638503,-79.7419082"
FedEx Ship Center,amenity:post_office,,4243,North Service Road,Burlington,L7L 4X6,43.373652,-79.781201,node,5449418392,https://www.openstreetmap.org/node/5449418392,"https://www.google.com/maps/search/?api=1&query=43.3736517,-79.7812013"
FedEx Ship Center,amenity:post_office,,320,North Service Road West,Oakville,L6M2R7,43.445194,-79.704111,node,10794847262,https://www.openstreetmap.org/node/10794847262,"https://www.google.com/maps/search/?api=1&query=43.4451935,-79.7041106"
Georgetown Marketplace Canada Post,amenity:post_office,,260,Guelph Street,Georgetown,L7G 4B0,43.648975,-79.899232,node,6533178873,https://www.openstreetmap.org/node/6533178873,"https://www.google.com/maps/search/?api=1&query=43.6489753,-79.8992325"
Georgetown Mountainview Canada Post,amenity:post_office,,333,Mountainview Road South,Georgetown,L7G 6E0,43.632910,-79.878088,node,5757546448,https://www.openstreetmap.org/node/5757546448,"https://www.google.com/maps/search/?api=1&query=43.6329096,-79.8780884"
Glen Abbey Canada Post,amenity:post_office,,300,North Service Road West,Oakville,L6M 2S0,43.446057,-79.704961,node,11423236369,https://www.openstreetmap.org/node/11423236369,"https://www.google.com/maps/search/?api=1&query=43.4460569,-79.7049606"
Hawthorne Canada Post,amenity:post_office,,1020,Kennedy Circle,Milton,L9T 5S0,43.507990,-79.838900,node,11420740711,https://www.openstreetmap.org/node/11420740711,"https://www.google.com/maps/search/?api=1&query=43.5079903,-79.8389001"
Headon Road Canada Post,amenity:post_office,,1450,Headon Road,Burlington,L7M 3Z0,43.373644,-79.810487,node,11432529625,https://www.openstreetmap.org/node/11432529625,"https://www.google.com/maps/search/?api=1&query=43.3736445,-79.810487"
Hopedale Mall Canada Post,amenity:post_office,,1515,Rebecca Street,Oakville,L6L 5G0,43.412363,-79.706881,node,6647437510,https://www.openstreetmap.org/node/6647437510,"https://www.google.com/maps/search/?api=1&query=43.4123634,-79.7068808"
Joshua Creek Canada Post,amenity:post_office,,2525,Prince Michael Drive,Oakville,L6H 0E0,43.498617,-79.706879,node,4870844007,https://www.openstreetmap.org/node/4870844007,"https://www.google.com/maps/search/?api=1&query=43.4986169,-79.7068792"
Maplehurst Canada Post,amenity:post_office,,503,Plains Road East,Burlington,L7T 2E0,43.319280,-79.837042,node,7768538713,https://www.openstreetmap.org/node/7768538713,"https://www.google.com/maps/search/?api=1&query=43.3192804,-79.8370421"
Mapleview Mall Canada Post,amenity:post_office,,900,Maple Avenue,Burlington,L7S 2J0,43.326659,-79.821241,node,10567837983,https://www.openstreetmap.org/node/10567837983,"https://www.google.com/maps/search/?api=1&query=43.3266588,-79.8212405"
Millcroft Canada Post,amenity:post_office,,2080,Appleby Line,Burlington,L7L 6M0,43.397040,-79.796973,node,1540281298,https://www.openstreetmap.org/node/1540281298,"https://www.google.com/maps/search/?api=1&query=43.39704,-79.7969735"
Milton Central Canada Post,amenity:post_office,,75,Nipissing Road,Milton,L9T 1R0,43.519654,-79.874138,node,11420740684,https://www.openstreetmap.org/node/11420740684,"https://www.google.com/maps/search/?api=1&query=43.5196543,-79.8741381"
Milton Main Canada Post,amenity:post_office,,8490,Lawson Road,Milton,L9T 0A0,43.536641,-79.892195,node,11420740678,https://www.openstreetmap.org/node/11420740678,"https://www.google.com/maps/search/?api=1&query=43.5366414,-79.8921949"
Milton Trails Canada Post,amenity:post_office,,6541,Derry Road,Milton,L9T 7W0,43.492124,-79.878135,node,2210637637,https://www.openstreetmap.org/node/2210637637,"https://www.google.com/maps/search/?api=1&query=43.4921242,-79.8781347"
Norval Canada Post,amenity:post_office,,525,Guelph Street,Norval,L0P 1K0,43.647040,-79.858486,node,11420677630,https://www.openstreetmap.org/node/11420677630,"https://www.google.com/maps/search/?api=1&query=43.6470399,-79.8584861"
Purolator Ship Centre,amenity:post_office,,,,,,43.700916,-79.778878,node,10660381193,https://www.openstreetmap.org/node/10660381193,"https://www.google.com/maps/search/?api=1&query=43.7009162,-79.778878"
Roseland Plaza Canada Post,amenity:post_office,,3023,New Street,Burlington,L7R 1K0,43.340046,-79.785631,node,3371829120,https://www.openstreetmap.org/node/3371829120,"https://www.google.com/maps/search/?api=1&query=43.3400459,-79.785631"
Academy of Mathematics & Science,amenity:prep_school,,,,,,43.666427,-79.738901,node,6566785622,https://www.openstreetmap.org/node/6566785622,"https://www.google.com/maps/search/?api=1&query=43.6664267,-79.7389008"
Bright Future,amenity:prep_school,,,,,,43.686982,-79.807077,node,6546870688,https://www.openstreetmap.org/node/6546870688,"https://www.google.com/maps/search/?api=1&query=43.6869823,-79.8070773"
Oxford Learning,amenity:prep_school,,,,,,43.648800,-79.890113,node,6535774123,https://www.openstreetmap.org/node/6535774123,"https://www.google.com/maps/search/?api=1&query=43.6488004,-79.8901132"
Oxford Learning,amenity:prep_school,,,,,,43.714466,-79.780574,node,6547160032,https://www.openstreetmap.org/node/6547160032,"https://www.google.com/maps/search/?api=1&query=43.7144656,-79.7805744"
UCMAS,amenity:prep_school,,5100,Erin Mills Parkway,,,43.558985,-79.711414,node,6556429858,https://www.openstreetmap.org/node/6556429858,"https://www.google.com/maps/search/?api=1&query=43.5589852,-79.7114141"
All Star Bar & Wings,amenity:pub,,2905,Eglinton Avenue West,,,43.552013,-79.717099,node,12959934096,https://www.openstreetmap.org/node/12959934096,"https://www.google.com/maps/search/?api=1&query=43.5520133,-79.7170985"
Appalachian Pub & Eatery,amenity:pub,,,,,,43.654507,-79.934308,node,10981508091,https://www.openstreetmap.org/node/10981508091,"https://www.google.com/maps/search/?api=1&query=43.6545067,-79.9343082"
Bramalea Celtic Club,amenity:pub,,,,,,43.716370,-79.725244,node,6439931485,https://www.openstreetmap.org/node/6439931485,"https://www.google.com/maps/search/?api=1&query=43.7163698,-79.7252438"
Burlington Brewery,amenity:pub,+1-905-315-8782,3600,Dundas Street,,L7M 4B8,43.391546,-79.823673,node,1540322023,https://www.openstreetmap.org/node/1540322023,"https://www.google.com/maps/search/?api=1&query=43.3915461,-79.823673"
Carrigan Arms,amenity:pub,,,,,,43.358161,-79.843728,node,2698208718,https://www.openstreetmap.org/node/2698208718,"https://www.google.com/maps/search/?api=1&query=43.3581614,-79.8437278"
Casa Europa Sports Bar,amenity:pub,,,,,,43.678191,-79.762432,node,703107999,https://www.openstreetmap.org/node/703107999,"https://www.google.com/maps/search/?api=1&query=43.6781913,-79.7624318"
Cock and Pheasant,amenity:pub,,,,,,43.585931,-79.718281,node,2527507493,https://www.openstreetmap.org/node/2527507493,"https://www.google.com/maps/search/?api=1&query=43.5859307,-79.718281"
Fireside Lounge,amenity:pub,,,,,,43.491749,-79.991568,node,1616709279,https://www.openstreetmap.org/node/1616709279,"https://www.google.com/maps/search/?api=1&query=43.4917489,-79.9915685"
Flowertown Pub,amenity:pub,,,,,,43.681917,-79.780054,node,8712928350,https://www.openstreetmap.org/node/8712928350,"https://www.google.com/maps/search/?api=1&query=43.681917,-79.7800544"
Gator Teds,amenity:pub,,,,,,43.364377,-79.819219,node,1658619577,https://www.openstreetmap.org/node/1658619577,"https://www.google.com/maps/search/?api=1&query=43.3643772,-79.8192187"
J&N Pub,amenity:pub,,,,,,43.384733,-79.733695,node,1775592298,https://www.openstreetmap.org/node/1775592298,"https://www.google.com/maps/search/?api=1&query=43.3847333,-79.7336954"
Joe Dogs,amenity:pub,,,,,,43.328378,-79.801367,node,1617384828,https://www.openstreetmap.org/node/1617384828,"https://www.google.com/maps/search/?api=1&query=43.3283781,-79.8013671"
Keenan's Irish Pub,amenity:pub,,550,Queen Street West,,,43.670758,-79.777294,node,7545800445,https://www.openstreetmap.org/node/7545800445,"https://www.google.com/maps/search/?api=1&query=43.6707576,-79.7772941"
Keltic Rock,amenity:pub,,,,,,43.727946,-79.796223,node,1870177945,https://www.openstreetmap.org/node/1870177945,"https://www.google.com/maps/search/?api=1&query=43.7279456,-79.7962234"
Maguires Irish Pub,amenity:pub,,,,,,43.699613,-79.746830,node,6226609547,https://www.openstreetmap.org/node/6226609547,"https://www.google.com/maps/search/?api=1&query=43.6996129,-79.7468298"
Offside Sports Bar & Grill,amenity:pub,,,,,,43.589531,-79.722947,node,3458643215,https://www.openstreetmap.org/node/3458643215,"https://www.google.com/maps/search/?api=1&query=43.5895313,-79.7229473"
QB's Sports Grill,amenity:pub,,,,,,43.372114,-79.763351,node,287148108,https://www.openstreetmap.org/node/287148108,"https://www.google.com/maps/search/?api=1&query=43.3721143,-79.7633509"
Shepherd's Crook,amenity:pub,,,,,,43.649207,-79.925988,node,420787710,https://www.openstreetmap.org/node/420787710,"https://www.google.com/maps/search/?api=1&query=43.6492066,-79.9259877"
Slumdog Bar & Grill,amenity:pub,,,,,,43.683763,-79.812118,node,2753052253,https://www.openstreetmap.org/node/2753052253,"https://www.google.com/maps/search/?api=1&query=43.6837634,-79.8121181"
Slye Fox,amenity:pub,,,,,,43.355236,-79.768585,node,3422253792,https://www.openstreetmap.org/node/3422253792,"https://www.google.com/maps/search/?api=1&query=43.3552363,-79.7685846"
Taps Public House,amenity:pub,,,,,,43.579846,-79.758858,node,11737802555,https://www.openstreetmap.org/node/11737802555,"https://www.google.com/maps/search/?api=1&query=43.5798464,-79.7588577"
The Barber Towne Pub,amenity:pub,,,,,,43.648208,-79.881259,node,10984537317,https://www.openstreetmap.org/node/10984537317,"https://www.google.com/maps/search/?api=1&query=43.6482081,-79.8812591"
The Drake and Firkin,amenity:pub,,,,,,43.610471,-79.750616,node,1336826100,https://www.openstreetmap.org/node/1336826100,"https://www.google.com/maps/search/?api=1&query=43.610471,-79.750616"
The Judge and Jury,amenity:pub,,,,,,43.371747,-79.796301,node,288064496,https://www.openstreetmap.org/node/288064496,"https://www.google.com/maps/search/?api=1&query=43.371747,-79.7963015"
The Keystone Pub,amenity:pub,,,,,,43.592965,-79.764638,node,3415004628,https://www.openstreetmap.org/node/3415004628,"https://www.google.com/maps/search/?api=1&query=43.5929645,-79.7646384"
The Pipes & Taps Pub,amenity:pub,,231,Oak Park Boulevard,,,43.482348,-79.716240,node,3410458849,https://www.openstreetmap.org/node/3410458849,"https://www.google.com/maps/search/?api=1&query=43.4823483,-79.7162405"
The Stout Monk,amenity:pub,,,,,,43.465545,-79.742715,node,814446640,https://www.openstreetmap.org/node/814446640,"https://www.google.com/maps/search/?api=1&query=43.465545,-79.7427154"
The Stout Monk,amenity:pub,,478,Dundas Street West,Oakville,L6H 6Y3,43.464980,-79.742234,node,7182651388,https://www.openstreetmap.org/node/7182651388,"https://www.google.com/maps/search/?api=1&query=43.4649804,-79.7422338"
Tracks Brewpub,amenity:pub,,,,,,43.687770,-79.758739,node,2071048424,https://www.openstreetmap.org/node/2071048424,"https://www.google.com/maps/search/?api=1&query=43.6877696,-79.7587389"
Yorkshire Arms British Pub,amenity:pub,,,,,,43.602880,-79.706682,node,1406558526,https://www.openstreetmap.org/node/1406558526,"https://www.google.com/maps/search/?api=1&query=43.6028803,-79.7066823"
99,amenity:restaurant,,,,,,43.663493,-79.731981,node,13093246259,https://www.openstreetmap.org/node/13093246259,"https://www.google.com/maps/search/?api=1&query=43.6634933,-79.7319809"
Afghan Flame Kabob House,amenity:restaurant,,,,,,43.562489,-79.710787,node,10695537752,https://www.openstreetmap.org/node/10695537752,"https://www.google.com/maps/search/?api=1&query=43.5624889,-79.7107874"
Afghan Kebab Cuisine,amenity:restaurant,,1400,Plains Road East,Burlington,,43.336811,-79.817868,node,7061714261,https://www.openstreetmap.org/node/7061714261,"https://www.google.com/maps/search/?api=1&query=43.336811,-79.817868"
Amaya Express,amenity:restaurant,,,,,,43.327426,-79.800108,node,3366425913,https://www.openstreetmap.org/node/3366425913,"https://www.google.com/maps/search/?api=1&query=43.3274256,-79.8001082"
Anatolia,amenity:restaurant,,2975,Eglinton Avenue West,,,43.549901,-79.717556,node,13320082601,https://www.openstreetmap.org/node/13320082601,"https://www.google.com/maps/search/?api=1&query=43.5499013,-79.717556"
Ancila's Indian Cuisine,amenity:restaurant,+1-905-593-9982,,,,,43.595787,-79.756785,node,4013854365,https://www.openstreetmap.org/node/4013854365,"https://www.google.com/maps/search/?api=1&query=43.5957869,-79.756785"
Angels Diner,amenity:restaurant,,,,,,43.332611,-79.896944,node,7196277788,https://www.openstreetmap.org/node/7196277788,"https://www.google.com/maps/search/?api=1&query=43.332611,-79.8969441"
Angels Family Diner and Deli,amenity:restaurant,,,,,,43.649838,-79.903979,node,420555915,https://www.openstreetmap.org/node/420555915,"https://www.google.com/maps/search/?api=1&query=43.6498379,-79.9039791"
Anjappar Chettenad,amenity:restaurant,,,,,,43.667739,-79.733502,node,431144158,https://www.openstreetmap.org/node/431144158,"https://www.google.com/maps/search/?api=1&query=43.6677389,-79.7335017"
Annalakshmi,amenity:restaurant,,,,,,43.593661,-79.787445,node,12869464378,https://www.openstreetmap.org/node/12869464378,"https://www.google.com/maps/search/?api=1&query=43.5936608,-79.7874454"
Ariana Halal Meat & Kabob House,amenity:restaurant,,,,,,43.675400,-79.805769,node,4004214041,https://www.openstreetmap.org/node/4004214041,"https://www.google.com/maps/search/?api=1&query=43.6753996,-79.8057686"
Aroma Kitchen,amenity:restaurant,,,,,,43.320534,-79.833807,node,7770159414,https://www.openstreetmap.org/node/7770159414,"https://www.google.com/maps/search/?api=1&query=43.3205337,-79.8338067"
Arts Fish & Chips,amenity:restaurant,,,,,,43.464840,-79.710140,node,292646081,https://www.openstreetmap.org/node/292646081,"https://www.google.com/maps/search/?api=1&query=43.4648398,-79.7101405"
August 8,amenity:restaurant,,,,,,43.334535,-79.811534,node,1969287959,https://www.openstreetmap.org/node/1969287959,"https://www.google.com/maps/search/?api=1&query=43.334535,-79.811534"
August 8,amenity:restaurant,,,,,,43.446700,-79.705692,node,2611785004,https://www.openstreetmap.org/node/2611785004,"https://www.google.com/maps/search/?api=1&query=43.4466999,-79.7056918"
Babaz,amenity:restaurant,,,,,,43.327498,-79.800207,node,3366425914,https://www.openstreetmap.org/node/3366425914,"https://www.google.com/maps/search/?api=1&query=43.3274978,-79.8002075"
Badshah Bar,amenity:restaurant,,,,,,43.696099,-79.749477,node,2266539953,https://www.openstreetmap.org/node/2266539953,"https://www.google.com/maps/search/?api=1&query=43.6960986,-79.7494769"
Bahn Thai Restaurant,amenity:restaurant,,,,,,43.372727,-79.762058,node,7060674442,https://www.openstreetmap.org/node/7060674442,"https://www.google.com/maps/search/?api=1&query=43.372727,-79.7620582"
Ben Thanh Vietnamese Thai Cuisine,amenity:restaurant,,2080,Appleby Line,,,43.396708,-79.796647,node,288065618,https://www.openstreetmap.org/node/288065618,"https://www.google.com/maps/search/?api=1&query=43.396708,-79.7966474"
Benedict Eatery,amenity:restaurant,,,,,,43.326275,-79.795377,node,13362312188,https://www.openstreetmap.org/node/13362312188,"https://www.google.com/maps/search/?api=1&query=43.326275,-79.7953769"
Bento Box Sushi,amenity:restaurant,,,,,,43.346029,-79.799730,node,7061114683,https://www.openstreetmap.org/node/7061114683,"https://www.google.com/maps/search/?api=1&query=43.3460291,-79.7997296"
Black Tree,amenity:restaurant,,,,,,43.340051,-79.785090,node,3410723906,https://www.openstreetmap.org/node/3410723906,"https://www.google.com/maps/search/?api=1&query=43.3400511,-79.7850902"
Blaze Pizza,amenity:restaurant,,,,,,43.346928,-79.794816,node,6629362794,https://www.openstreetmap.org/node/6629362794,"https://www.google.com/maps/search/?api=1&query=43.3469282,-79.7948157"
Blossom City,amenity:restaurant,+1-905-634-4611,,,,,43.325831,-79.797832,node,7859166596,https://www.openstreetmap.org/node/7859166596,"https://www.google.com/maps/search/?api=1&query=43.3258314,-79.7978324"
Bo-Chin Chinese Food,amenity:restaurant,,,,,,43.355981,-79.845047,node,7061674982,https://www.openstreetmap.org/node/7061674982,"https://www.google.com/maps/search/?api=1&query=43.3559807,-79.845047"
Bombay Blue,amenity:restaurant,,,,,,43.691782,-79.754166,node,5256739986,https://www.openstreetmap.org/node/5256739986,"https://www.google.com/maps/search/?api=1&query=43.6917818,-79.7541659"
Bombay Vintage,amenity:restaurant,+1-289-337-2351,2000,Appleby Line,Burlington,L7L 7H7,43.393462,-79.791391,node,319412913,https://www.openstreetmap.org/node/319412913,"https://www.google.com/maps/search/?api=1&query=43.3934616,-79.7913914"
Bombay's Chutney,amenity:restaurant,,,,,,43.390622,-79.824868,node,1775571279,https://www.openstreetmap.org/node/1775571279,"https://www.google.com/maps/search/?api=1&query=43.3906218,-79.8248685"
Border MX,amenity:restaurant,,,,,,43.579510,-79.710563,node,529550751,https://www.openstreetmap.org/node/529550751,"https://www.google.com/maps/search/?api=1&query=43.5795102,-79.7105633"
Boston Pizza,amenity:restaurant,,,,,,43.610273,-79.751055,node,1336805812,https://www.openstreetmap.org/node/1336805812,"https://www.google.com/maps/search/?api=1&query=43.610273,-79.751055"
Boston Pizza,amenity:restaurant,,,,,,43.649855,-79.887161,node,1616739697,https://www.openstreetmap.org/node/1616739697,"https://www.google.com/maps/search/?api=1&query=43.6498554,-79.8871608"
Boulevard Mediterranean Restaurant,amenity:restaurant,,6781,Hurontario Street,,,43.642575,-79.700545,node,3958962381,https://www.openstreetmap.org/node/3958962381,"https://www.google.com/maps/search/?api=1&query=43.6425754,-79.7005448"
Bronte Fish & Chips,amenity:restaurant,,,,,,43.398093,-79.708114,node,3802921452,https://www.openstreetmap.org/node/3802921452,"https://www.google.com/maps/search/?api=1&query=43.398093,-79.7081143"
Calypso Hut,amenity:restaurant,,,,,,43.700782,-79.741768,node,9008380207,https://www.openstreetmap.org/node/9008380207,"https://www.google.com/maps/search/?api=1&query=43.7007817,-79.7417679"
Casa Mia,amenity:restaurant,,,,,,43.396832,-79.709536,node,9813319544,https://www.openstreetmap.org/node/9813319544,"https://www.google.com/maps/search/?api=1&query=43.3968323,-79.7095361"
Chat Hut Sweets & Restaurant,amenity:restaurant,,,,,,43.663584,-79.730924,node,13093246278,https://www.openstreetmap.org/node/13093246278,"https://www.google.com/maps/search/?api=1&query=43.6635839,-79.730924"
Chawla’s,amenity:restaurant,,,,,,43.663273,-79.731759,node,13093246263,https://www.openstreetmap.org/node/13093246263,"https://www.google.com/maps/search/?api=1&query=43.6632729,-79.7317595"
Chilli Chicken House,amenity:restaurant,,,,,,43.657955,-79.725302,node,13093235189,https://www.openstreetmap.org/node/13093235189,"https://www.google.com/maps/search/?api=1&query=43.6579555,-79.7253018"
Chimney Fresh,amenity:restaurant,+1-905-565-6786,,,,,43.643099,-79.708338,node,3958936908,https://www.openstreetmap.org/node/3958936908,"https://www.google.com/maps/search/?api=1&query=43.6430987,-79.7083382"
China 8 Restaurant,amenity:restaurant,,5602,Tenth Line West,,,43.558290,-79.743482,node,7196235787,https://www.openstreetmap.org/node/7196235787,"https://www.google.com/maps/search/?api=1&query=43.5582895,-79.7434825"
China Star Chinese Restaurant,amenity:restaurant,,,,,,43.388463,-79.748341,node,2022283918,https://www.openstreetmap.org/node/2022283918,"https://www.google.com/maps/search/?api=1&query=43.3884628,-79.7483408"
China Taste,amenity:restaurant,,,,,,43.390795,-79.822628,node,1540322032,https://www.openstreetmap.org/node/1540322032,"https://www.google.com/maps/search/?api=1&query=43.3907954,-79.8226279"
Choose 'n' Cook,amenity:restaurant,+1-905-693-4890,,,,,43.521897,-79.865140,node,2199778671,https://www.openstreetmap.org/node/2199778671,"https://www.google.com/maps/search/?api=1&query=43.5218972,-79.8651404"
Chuck's Roadhouse Bar & Grill,amenity:restaurant,,,,,,43.695746,-79.748656,node,5991686944,https://www.openstreetmap.org/node/5991686944,"https://www.google.com/maps/search/?api=1&query=43.6957456,-79.7486562"
Chung's Caribbean Hut,amenity:restaurant,,,,,,43.707112,-79.787674,node,6546951259,https://www.openstreetmap.org/node/6546951259,"https://www.google.com/maps/search/?api=1&query=43.7071117,-79.7876736"
Classic Fish & Chips,amenity:restaurant,,,,,,43.650400,-79.912495,node,6535783962,https://www.openstreetmap.org/node/6535783962,"https://www.google.com/maps/search/?api=1&query=43.6503996,-79.9124949"
Cora,amenity:restaurant,,,,,,43.516877,-79.874731,node,2195974684,https://www.openstreetmap.org/node/2195974684,"https://www.google.com/maps/search/?api=1&query=43.5168774,-79.8747309"
Cora,amenity:restaurant,,,,,,43.357892,-79.782784,node,3801573985,https://www.openstreetmap.org/node/3801573985,"https://www.google.com/maps/search/?api=1&query=43.3578925,-79.7827841"
Cove Bar,amenity:restaurant,,49,Bronte Road,Oakville,L6L 3B6,43.394054,-79.709698,node,7018117380,https://www.openstreetmap.org/node/7018117380,"https://www.google.com/maps/search/?api=1&query=43.3940539,-79.7096978"
Cynthia's Chinese Fine Dining,amenity:restaurant,,,,,,43.463576,-79.744553,node,2138422513,https://www.openstreetmap.org/node/2138422513,"https://www.google.com/maps/search/?api=1&query=43.4635763,-79.7445527"
Daytime Grill,amenity:restaurant,,,,,,43.391183,-79.788183,node,7059152363,https://www.openstreetmap.org/node/7059152363,"https://www.google.com/maps/search/?api=1&query=43.3911828,-79.7881828"
Delhi Hub Restaurant,amenity:restaurant,+1-905-450-2777,184,Main Street South,,,43.676611,-79.746585,node,10218386942,https://www.openstreetmap.org/node/10218386942,"https://www.google.com/maps/search/?api=1&query=43.6766111,-79.7465846"
Denny's,amenity:restaurant,,3451,South Service Road,,,43.396855,-79.753163,node,7060663710,https://www.openstreetmap.org/node/7060663710,"https://www.google.com/maps/search/?api=1&query=43.3968551,-79.7531625"
Dhaba Junction,amenity:restaurant,,,,,,43.725156,-79.715896,node,11406233150,https://www.openstreetmap.org/node/11406233150,"https://www.google.com/maps/search/?api=1&query=43.7251557,-79.7158964"
DiMarios Trattoria,amenity:restaurant,,,,,,43.324345,-79.797448,node,1715140814,https://www.openstreetmap.org/node/1715140814,"https://www.google.com/maps/search/?api=1&query=43.3243446,-79.7974478"
Dosa Dosa,amenity:restaurant,,,,,,43.698866,-79.745160,node,9008392537,https://www.openstreetmap.org/node/9008392537,"https://www.google.com/maps/search/?api=1&query=43.698866,-79.7451604"
Dreamz Restaurant,amenity:restaurant,+1 905-456-1051,,,,,43.704095,-79.725637,node,10822992501,https://www.openstreetmap.org/node/10822992501,"https://www.google.com/maps/search/?api=1&query=43.7040947,-79.7256368"
Dum Spice,amenity:restaurant,,,,,,43.583176,-79.729508,node,12865642495,https://www.openstreetmap.org/node/12865642495,"https://www.google.com/maps/search/?api=1&query=43.5831755,-79.7295082"
Dunk n' Dip,amenity:restaurant,,,Maple Avenue,Milton,,43.538247,-79.870839,node,5921580552,https://www.openstreetmap.org/node/5921580552,"https://www.google.com/maps/search/?api=1&query=43.538247,-79.8708389"
Earls,amenity:restaurant,,,,,,43.325534,-79.820736,node,6632429813,https://www.openstreetmap.org/node/6632429813,"https://www.google.com/maps/search/?api=1&query=43.3255336,-79.8207361"
East Side Mario's,amenity:restaurant,,2000,Appleby Line,Burlington,L7L 7H7,43.393887,-79.791168,node,288065593,https://www.openstreetmap.org/node/288065593,"https://www.google.com/maps/search/?api=1&query=43.3938872,-79.7911685"
East Side Mario's,amenity:restaurant,,,,,,43.527623,-79.866801,node,724833106,https://www.openstreetmap.org/node/724833106,"https://www.google.com/maps/search/?api=1&query=43.5276232,-79.8668007"
East Side Mario's,amenity:restaurant,,,,,,43.729738,-79.764790,node,1914199499,https://www.openstreetmap.org/node/1914199499,"https://www.google.com/maps/search/?api=1&query=43.7297383,-79.7647901"
East Side Mario's,amenity:restaurant,,,,,,43.346859,-79.794728,node,6629362795,https://www.openstreetmap.org/node/6629362795,"https://www.google.com/maps/search/?api=1&query=43.3468587,-79.7947283"
Easy Carry,amenity:restaurant,,,,,,43.583037,-79.729692,node,12865645002,https://www.openstreetmap.org/node/12865645002,"https://www.google.com/maps/search/?api=1&query=43.5830371,-79.7296923"
Eggsactly,amenity:restaurant,,,,,,43.389935,-79.822965,node,7060846675,https://www.openstreetmap.org/node/7060846675,"https://www.google.com/maps/search/?api=1&query=43.3899352,-79.8229655"
Eggsmart,amenity:restaurant,,,,,,43.446629,-79.705837,node,4384166429,https://www.openstreetmap.org/node/4384166429,"https://www.google.com/maps/search/?api=1&query=43.4466294,-79.7058374"
Eggsmart,amenity:restaurant,,,,,,43.676457,-79.769581,node,7195548286,https://www.openstreetmap.org/node/7195548286,"https://www.google.com/maps/search/?api=1&query=43.6764565,-79.7695812"
Eggsmart,amenity:restaurant,,,,,,43.634915,-79.787652,node,12870918971,https://www.openstreetmap.org/node/12870918971,"https://www.google.com/maps/search/?api=1&query=43.6349149,-79.7876525"
Everest Restaurant,amenity:restaurant,,,,,,43.538543,-79.920521,node,3352505642,https://www.openstreetmap.org/node/3352505642,"https://www.google.com/maps/search/?api=1&query=43.5385426,-79.9205209"
Fan 'D' Flame,amenity:restaurant,,,,,,43.702380,-79.786242,node,6546873281,https://www.openstreetmap.org/node/6546873281,"https://www.google.com/maps/search/?api=1&query=43.7023796,-79.786242"
Fanzorelli's Restaurant & Lounge,amenity:restaurant,,,,,,43.685049,-79.761128,node,378462360,https://www.openstreetmap.org/node/378462360,"https://www.google.com/maps/search/?api=1&query=43.6850495,-79.7611284"
Fattoush Mediterranean Grill,amenity:restaurant,,,,,,43.657844,-79.723702,node,13093244858,https://www.openstreetmap.org/node/13093244858,"https://www.google.com/maps/search/?api=1&query=43.6578436,-79.723702"
Focacia's,amenity:restaurant,,,,,,43.610975,-79.749320,node,1336826781,https://www.openstreetmap.org/node/1336826781,"https://www.google.com/maps/search/?api=1&query=43.610975,-79.74932"
Fresh Tandoori,amenity:restaurant,,,,,,43.696112,-79.750755,node,6226609543,https://www.openstreetmap.org/node/6226609543,"https://www.google.com/maps/search/?api=1&query=43.6961124,-79.7507555"
Freshii,amenity:restaurant,,3035,Argentia Road,,,43.595672,-79.786420,node,1714830168,https://www.openstreetmap.org/node/1714830168,"https://www.google.com/maps/search/?api=1&query=43.595672,-79.7864202"
Freshii,amenity:restaurant,,,,,,43.487497,-79.718468,node,5879324524,https://www.openstreetmap.org/node/5879324524,"https://www.google.com/maps/search/?api=1&query=43.4874967,-79.7184678"
Freshii,amenity:restaurant,,5100,Erin Mills Parkway,,,43.558981,-79.711818,node,6556575934,https://www.openstreetmap.org/node/6556575934,"https://www.google.com/maps/search/?api=1&query=43.5589808,-79.7118178"
Freshii,amenity:restaurant,,,,,,43.348606,-79.794829,node,6629375224,https://www.openstreetmap.org/node/6629375224,"https://www.google.com/maps/search/?api=1&query=43.3486059,-79.7948288"
Freshii,amenity:restaurant,,2475,Appleby Line,Burlington,L7L 0B6,43.405826,-79.806166,node,7059201045,https://www.openstreetmap.org/node/7059201045,"https://www.google.com/maps/search/?api=1&query=43.4058264,-79.8061661"
Freshii,amenity:restaurant,,,,,,43.388170,-79.747994,node,7060663712,https://www.openstreetmap.org/node/7060663712,"https://www.google.com/maps/search/?api=1&query=43.3881698,-79.7479944"
Freshii,amenity:restaurant,,,,,,43.677975,-79.721183,node,9777737066,https://www.openstreetmap.org/node/9777737066,"https://www.google.com/maps/search/?api=1&query=43.6779748,-79.7211835"
Freshii,amenity:restaurant,,,,,,43.696394,-79.798929,node,12691956431,https://www.openstreetmap.org/node/12691956431,"https://www.google.com/maps/search/?api=1&query=43.696394,-79.7989295"
Freshii,amenity:restaurant,,,,,,43.518868,-79.873948,node,13175750796,https://www.openstreetmap.org/node/13175750796,"https://www.google.com/maps/search/?api=1&query=43.5188679,-79.8739481"
Gems Jerk,amenity:restaurant,,,,,,43.702593,-79.785881,node,6546873276,https://www.openstreetmap.org/node/6546873276,"https://www.google.com/maps/search/?api=1&query=43.7025929,-79.7858812"
Georgetown Tandoori,amenity:restaurant,,,,,,43.649936,-79.905698,node,10981542091,https://www.openstreetmap.org/node/10981542091,"https://www.google.com/maps/search/?api=1&query=43.6499362,-79.9056983"
Georgetown Thai Gourmet,amenity:restaurant,,232,Guelph Street,,L7G 4B1,43.649614,-79.902131,node,1840737410,https://www.openstreetmap.org/node/1840737410,"https://www.google.com/maps/search/?api=1&query=43.6496141,-79.9021315"
Georgeview Open Kitchen,amenity:restaurant,,,,,,43.650326,-79.909972,node,10981542058,https://www.openstreetmap.org/node/10981542058,"https://www.google.com/maps/search/?api=1&query=43.6503256,-79.9099725"
Geraldo's Banquet Hall,amenity:restaurant,,,,,,43.301929,-79.845932,node,2093010271,https://www.openstreetmap.org/node/2093010271,"https://www.google.com/maps/search/?api=1&query=43.3019291,-79.8459321"
Gold City Chinese Restaurant,amenity:restaurant,,,,,,43.518001,-79.878446,node,2205332959,https://www.openstreetmap.org/node/2205332959,"https://www.google.com/maps/search/?api=1&query=43.5180006,-79.878446"
Golden Fish & Chips,amenity:restaurant,,,,,,43.516928,-79.878618,node,725881751,https://www.openstreetmap.org/node/725881751,"https://www.google.com/maps/search/?api=1&query=43.5169276,-79.8786177"
Golden Harvest Asian Cuisine,amenity:restaurant,,,,,,43.367335,-79.827187,node,7061058096,https://www.openstreetmap.org/node/7061058096,"https://www.google.com/maps/search/?api=1&query=43.3673349,-79.827187"
Golden Lake Chinese Food,amenity:restaurant,,,,,,43.714872,-79.779980,node,6547160021,https://www.openstreetmap.org/node/6547160021,"https://www.google.com/maps/search/?api=1&query=43.7148717,-79.7799803"
Golden Palace Chinese Food,amenity:restaurant,,,,,,43.666362,-79.732114,node,4278944004,https://www.openstreetmap.org/node/4278944004,"https://www.google.com/maps/search/?api=1&query=43.6663615,-79.7321141"
Goodfellas Wood Oven Pizza,amenity:restaurant,,29,Main Street South,Georgetown,L7G 3G2,43.650493,-79.927130,node,1616740088,https://www.openstreetmap.org/node/1616740088,"https://www.google.com/maps/search/?api=1&query=43.6504926,-79.9271302"
Green Lemon,amenity:restaurant,,,,,,43.675662,-79.822344,node,7141388471,https://www.openstreetmap.org/node/7141388471,"https://www.google.com/maps/search/?api=1&query=43.6756618,-79.8223436"
Grill Daddy,amenity:restaurant,+1-905-875-2964,140,Main Street East,Milton,,43.511543,-79.884717,node,2216850853,https://www.openstreetmap.org/node/2216850853,"https://www.google.com/maps/search/?api=1&query=43.5115428,-79.8847168"
Grillardos,amenity:restaurant,,,,,,43.495562,-79.896454,node,13952318085,https://www.openstreetmap.org/node/13952318085,"https://www.google.com/maps/search/?api=1&query=43.4955619,-79.896454"
Grillies,amenity:restaurant,,,,,,43.685309,-79.760938,node,12569716870,https://www.openstreetmap.org/node/12569716870,"https://www.google.com/maps/search/?api=1&query=43.6853094,-79.7609377"
GT Dragon,amenity:restaurant,,,,,,43.631690,-79.875842,node,10956928693,https://www.openstreetmap.org/node/10956928693,"https://www.google.com/maps/search/?api=1&query=43.6316905,-79.8758423"
Gypsy Queen,amenity:restaurant,,,,,,43.685671,-79.759424,node,7170560023,https://www.openstreetmap.org/node/7170560023,"https://www.google.com/maps/search/?api=1&query=43.6856707,-79.7594242"
Hakka Fresh,amenity:restaurant,,,,,,43.358307,-79.780491,node,7061175375,https://www.openstreetmap.org/node/7061175375,"https://www.google.com/maps/search/?api=1&query=43.3583068,-79.7804909"
Hakkalicious,amenity:restaurant,,,,,,43.729409,-79.763805,node,12897620706,https://www.openstreetmap.org/node/12897620706,"https://www.google.com/maps/search/?api=1&query=43.7294093,-79.7638052"
Halibut House,amenity:restaurant,,,,,,43.369107,-79.755373,node,3997758989,https://www.openstreetmap.org/node/3997758989,"https://www.google.com/maps/search/?api=1&query=43.3691065,-79.7553728"
Halibut House,amenity:restaurant,,,,,,43.391422,-79.823507,node,7060850393,https://www.openstreetmap.org/node/7060850393,"https://www.google.com/maps/search/?api=1&query=43.3914219,-79.8235066"
Halibut N Malt Fish and Chips,amenity:restaurant,,1250,Brant Street,Burlington,,43.342614,-79.828576,node,1867488097,https://www.openstreetmap.org/node/1867488097,"https://www.google.com/maps/search/?api=1&query=43.3426141,-79.8285759"
Happy Singh Street Eats,amenity:restaurant,,,,,,43.658127,-79.723331,node,12569472678,https://www.openstreetmap.org/node/12569472678,"https://www.google.com/maps/search/?api=1&query=43.6581267,-79.7233308"
Harbourside,amenity:restaurant,,,,,,43.395173,-79.710458,node,385027473,https://www.openstreetmap.org/node/385027473,"https://www.google.com/maps/search/?api=1&query=43.3951725,-79.7104576"
Harbourside Fish&Chips,amenity:restaurant,,,,,,43.728042,-79.796430,node,6571761653,https://www.openstreetmap.org/node/6571761653,"https://www.google.com/maps/search/?api=1&query=43.7280415,-79.79643"
Harvest Table Family Restaurant,amenity:restaurant,,,,,,43.354411,-79.784332,node,3868398482,https://www.openstreetmap.org/node/3868398482,"https://www.google.com/maps/search/?api=1&query=43.3544115,-79.7843316"
Hashtag Foods,amenity:restaurant,,,,,,43.691432,-79.754548,node,12474014206,https://www.openstreetmap.org/node/12474014206,"https://www.google.com/maps/search/?api=1&query=43.6914316,-79.754548"
Heritage Fish & Chips,amenity:restaurant,,,,,,43.527011,-79.867368,node,725881770,https://www.openstreetmap.org/node/725881770,"https://www.google.com/maps/search/?api=1&query=43.5270107,-79.8673675"
Hibatchi Grill,amenity:restaurant,,,,,,43.392018,-79.790838,node,1650030578,https://www.openstreetmap.org/node/1650030578,"https://www.google.com/maps/search/?api=1&query=43.3920179,-79.7908381"
Honest Vegetarian Indian Restaurant,amenity:restaurant,,,,,,43.665534,-79.731732,node,11250128522,https://www.openstreetmap.org/node/11250128522,"https://www.google.com/maps/search/?api=1&query=43.6655337,-79.7317321"
Hot Wok,amenity:restaurant,,,,,,43.339583,-79.784810,node,7061242990,https://www.openstreetmap.org/node/7061242990,"https://www.google.com/maps/search/?api=1&query=43.3395832,-79.7848101"
House of Buddha,amenity:restaurant,,,,,,43.650039,-79.926618,node,1616739773,https://www.openstreetmap.org/node/1616739773,"https://www.google.com/maps/search/?api=1&query=43.6500391,-79.9266176"
Hungry Hollow,amenity:restaurant,,,,,,43.650379,-79.911437,node,6535783953,https://www.openstreetmap.org/node/6535783953,"https://www.google.com/maps/search/?api=1&query=43.6503792,-79.9114367"
India Curry House,amenity:restaurant,,,,,,43.681475,-79.804942,node,3303286932,https://www.openstreetmap.org/node/3303286932,"https://www.google.com/maps/search/?api=1&query=43.681475,-79.8049417"
India's Taste,amenity:restaurant,,,Argentia Road,,,43.596560,-79.787814,node,1714830095,https://www.openstreetmap.org/node/1714830095,"https://www.google.com/maps/search/?api=1&query=43.5965598,-79.7878143"
India's Taste,amenity:restaurant,+1-905-450-5959,,,,,43.642607,-79.747150,node,4006780648,https://www.openstreetmap.org/node/4006780648,"https://www.google.com/maps/search/?api=1&query=43.6426071,-79.74715"
Indo-Canadian Food Hut,amenity:restaurant,,,,,,43.657677,-79.741024,node,7195543531,https://www.openstreetmap.org/node/7195543531,"https://www.google.com/maps/search/?api=1&query=43.6576772,-79.741024"
Industria Pizzeria & Bar,amenity:restaurant,,1860,Appleby Line,Burlington,L7L 6A1,43.391505,-79.787716,node,2589607847,https://www.openstreetmap.org/node/2589607847,"https://www.google.com/maps/search/?api=1&query=43.3915045,-79.7877163"
Inihaw Filipino Grill,amenity:restaurant,,,,,,43.592311,-79.703756,node,3957175560,https://www.openstreetmap.org/node/3957175560,"https://www.google.com/maps/search/?api=1&query=43.5923113,-79.7037559"
Inn,amenity:restaurant,,,,,,43.667774,-79.902371,node,6901352186,https://www.openstreetmap.org/node/6901352186,"https://www.google.com/maps/search/?api=1&query=43.6677736,-79.9023709"
Island Vibez,amenity:restaurant,,,,,,43.688279,-79.804930,node,6546837472,https://www.openstreetmap.org/node/6546837472,"https://www.google.com/maps/search/?api=1&query=43.6882789,-79.8049302"
Jackson's Landing,amenity:restaurant,,,,,,43.367264,-79.753051,node,3997758992,https://www.openstreetmap.org/node/3997758992,"https://www.google.com/maps/search/?api=1&query=43.3672637,-79.7530514"
Jamaica House Jerk,amenity:restaurant,,,,,,43.687879,-79.740990,node,7195565580,https://www.openstreetmap.org/node/7195565580,"https://www.google.com/maps/search/?api=1&query=43.6878791,-79.7409897"
Jamaica Island,amenity:restaurant,,,,,,43.686788,-79.807001,node,6546837484,https://www.openstreetmap.org/node/6546837484,"https://www.google.com/maps/search/?api=1&query=43.6867884,-79.8070009"
Jeera,amenity:restaurant,,,,,,43.354818,-79.786499,node,3868398483,https://www.openstreetmap.org/node/3868398483,"https://www.google.com/maps/search/?api=1&query=43.3548177,-79.786499"
Kaashvi Indian Bistro,amenity:restaurant,,,,,,43.635645,-79.788561,node,7249184946,https://www.openstreetmap.org/node/7249184946,"https://www.google.com/maps/search/?api=1&query=43.6356452,-79.7885612"
Kang's Dhaba,amenity:restaurant,,,,,,43.673011,-79.820816,node,2753054185,https://www.openstreetmap.org/node/2753054185,"https://www.google.com/maps/search/?api=1&query=43.6730108,-79.8208159"
Karahi Stop,amenity:restaurant,,,,,,43.688091,-79.741259,node,7195565579,https://www.openstreetmap.org/node/7195565579,"https://www.google.com/maps/search/?api=1&query=43.6880915,-79.7412587"
Karas,amenity:restaurant,,,,,,43.543343,-79.724437,node,1517017937,https://www.openstreetmap.org/node/1517017937,"https://www.google.com/maps/search/?api=1&query=43.5433433,-79.7244367"
Karavan Kabob House,amenity:restaurant,,,,,,43.676538,-79.719119,node,7325964481,https://www.openstreetmap.org/node/7325964481,"https://www.google.com/maps/search/?api=1&query=43.6765378,-79.7191193"
Kelsey's,amenity:restaurant,,,,,,43.525297,-79.903521,node,2045672166,https://www.openstreetmap.org/node/2045672166,"https://www.google.com/maps/search/?api=1&query=43.5252968,-79.9035215"
Kelsey's,amenity:restaurant,,,,,,43.580506,-79.735331,node,11474838100,https://www.openstreetmap.org/node/11474838100,"https://www.google.com/maps/search/?api=1&query=43.5805061,-79.7353306"
Killick Kitchen,amenity:restaurant,,,,,,43.649008,-79.925721,node,4352737690,https://www.openstreetmap.org/node/4352737690,"https://www.google.com/maps/search/?api=1&query=43.6490082,-79.9257212"
Kudo Sushi,amenity:restaurant,,,,,,43.388946,-79.748402,node,1969326192,https://www.openstreetmap.org/node/1969326192,"https://www.google.com/maps/search/?api=1&query=43.3889462,-79.7484019"
Kwality Fine Indian Cuisine,amenity:restaurant,,,,,,43.364638,-79.819219,node,7061121773,https://www.openstreetmap.org/node/7061121773,"https://www.google.com/maps/search/?api=1&query=43.3646384,-79.819219"
Kyoto Sushi,amenity:restaurant,,,,,,43.649484,-79.903382,node,10982416089,https://www.openstreetmap.org/node/10982416089,"https://www.google.com/maps/search/?api=1&query=43.6494845,-79.9033818"
La Parisienne Crêperie,amenity:restaurant,,,,,,43.394174,-79.711348,node,9813249085,https://www.openstreetmap.org/node/9813249085,"https://www.google.com/maps/search/?api=1&query=43.3941744,-79.711348"
Lazeez Shawarma,amenity:restaurant,,,,,,43.583673,-79.761699,node,8968933650,https://www.openstreetmap.org/node/8968933650,"https://www.google.com/maps/search/?api=1&query=43.5836726,-79.7616988"
Le Chinois,amenity:restaurant,,1250,Brant Street,Burlington,,43.342672,-79.828733,node,2168883185,https://www.openstreetmap.org/node/2168883185,"https://www.google.com/maps/search/?api=1&query=43.342672,-79.828733"
Lena's Roti & Doubles,amenity:restaurant,,,,,,43.610891,-79.749203,node,1336828393,https://www.openstreetmap.org/node/1336828393,"https://www.google.com/maps/search/?api=1&query=43.610891,-79.749203"
Lighthouse Restaurant,amenity:restaurant,,,,,,43.395025,-79.704990,node,385027384,https://www.openstreetmap.org/node/385027384,"https://www.google.com/maps/search/?api=1&query=43.3950251,-79.7049899"
Lily Thai Cuisine,amenity:restaurant,,,,,,43.648204,-79.924835,node,10981538511,https://www.openstreetmap.org/node/10981538511,"https://www.google.com/maps/search/?api=1&query=43.6482038,-79.9248348"
Lone Star Texas Grill,amenity:restaurant,,,,,,43.539467,-79.874409,node,4864585735,https://www.openstreetmap.org/node/4864585735,"https://www.google.com/maps/search/?api=1&query=43.5394668,-79.8744088"
Lord Byron's Steak and Seafood House,amenity:restaurant,,,,,,43.333000,-79.892624,node,2594728391,https://www.openstreetmap.org/node/2594728391,"https://www.google.com/maps/search/?api=1&query=43.3329996,-79.8926237"
Machu Picchu,amenity:restaurant,+1-905-847-2228,1272,Speers Road,Oakville,,43.425731,-79.709902,node,455058728,https://www.openstreetmap.org/node/455058728,"https://www.google.com/maps/search/?api=1&query=43.4257305,-79.7099021"
Mad Ox,amenity:restaurant,,,,,,43.579904,-79.734428,node,12908470378,https://www.openstreetmap.org/node/12908470378,"https://www.google.com/maps/search/?api=1&query=43.5799045,-79.7344283"
Madisons,amenity:restaurant,,,,,,43.575122,-79.831942,node,6655614306,https://www.openstreetmap.org/node/6655614306,"https://www.google.com/maps/search/?api=1&query=43.5751224,-79.831942"
Madras Cuisine,amenity:restaurant,,,,,,43.662711,-79.727438,node,13093228979,https://www.openstreetmap.org/node/13093228979,"https://www.google.com/maps/search/?api=1&query=43.662711,-79.7274382"
Mama's Pizza,amenity:restaurant,,,,,,43.405403,-79.808097,node,1540300318,https://www.openstreetmap.org/node/1540300318,"https://www.google.com/maps/search/?api=1&query=43.405403,-79.8080973"
Mamma's Pizza,amenity:restaurant,,,,,,43.483389,-79.712962,node,1979554363,https://www.openstreetmap.org/node/1979554363,"https://www.google.com/maps/search/?api=1&query=43.4833886,-79.7129623"
Mandarin,amenity:restaurant,,,,,,43.691119,-79.802190,node,2495375487,https://www.openstreetmap.org/node/2495375487,"https://www.google.com/maps/search/?api=1&query=43.6911195,-79.8021903"
Mandarin,amenity:restaurant,,1881,Fairview Street,Burlington,L7S 2K4,43.334903,-79.815144,node,3445378302,https://www.openstreetmap.org/node/3445378302,"https://www.google.com/maps/search/?api=1&query=43.3349028,-79.8151438"
Maruthi South Indian Restaurant,amenity:restaurant,,,,,,43.635384,-79.787475,node,12870918974,https://www.openstreetmap.org/node/12870918974,"https://www.google.com/maps/search/?api=1&query=43.6353844,-79.7874755"
Maurya East Indian Roti,amenity:restaurant,,2309,Lakeshore Road West,Oakville,L6L 1H2,43.398260,-79.708072,node,7403577071,https://www.openstreetmap.org/node/7403577071,"https://www.google.com/maps/search/?api=1&query=43.3982604,-79.7080724"
Mayjjana Restaurant & Lounge,amenity:restaurant,,,,,,43.371976,-79.763051,node,287148155,https://www.openstreetmap.org/node/287148155,"https://www.google.com/maps/search/?api=1&query=43.3719759,-79.7630505"
Melo's BBQ,amenity:restaurant,,,,,,43.518786,-79.874043,node,13175750795,https://www.openstreetmap.org/node/13175750795,"https://www.google.com/maps/search/?api=1&query=43.5187858,-79.8740431"
Melt and dip dessert shop,amenity:restaurant,,,,,,43.495263,-79.896353,node,13952318084,https://www.openstreetmap.org/node/13952318084,"https://www.google.com/maps/search/?api=1&query=43.4952631,-79.8963531"
Meltwich Food Co.,amenity:restaurant,,,,,,43.635774,-79.788422,node,12870918976,https://www.openstreetmap.org/node/12870918976,"https://www.google.com/maps/search/?api=1&query=43.6357737,-79.7884221"
Mohawk Chop House,amenity:restaurant,,,,,,43.492006,-79.991319,node,4307364577,https://www.openstreetmap.org/node/4307364577,"https://www.google.com/maps/search/?api=1&query=43.4920064,-79.9913188"
Momo Sushi,amenity:restaurant,+1 2892300765,,,,,43.315720,-79.840521,node,11940203378,https://www.openstreetmap.org/node/11940203378,"https://www.google.com/maps/search/?api=1&query=43.3157202,-79.8405206"
Montana's,amenity:restaurant,,,,,,43.596241,-79.788395,node,416941159,https://www.openstreetmap.org/node/416941159,"https://www.google.com/maps/search/?api=1&query=43.5962407,-79.7883951"
Montana's,amenity:restaurant,,,,,,43.730599,-79.764704,node,1914199505,https://www.openstreetmap.org/node/1914199505,"https://www.google.com/maps/search/?api=1&query=43.7305988,-79.764704"
Montfort,amenity:restaurant,,,,,,43.333699,-79.810233,node,1969287577,https://www.openstreetmap.org/node/1969287577,"https://www.google.com/maps/search/?api=1&query=43.3336994,-79.8102331"
Montfort,amenity:restaurant,,2000,Appleby Line,Burlington,L7L 7H7,43.394065,-79.791479,node,4684460977,https://www.openstreetmap.org/node/4684460977,"https://www.google.com/maps/search/?api=1&query=43.3940648,-79.791479"
Mount Royal Family Restaurant,amenity:restaurant,,2029,Mount Forest Drive,Burlington,L7P 1X7,43.347450,-79.828007,node,3364119565,https://www.openstreetmap.org/node/3364119565,"https://www.google.com/maps/search/?api=1&query=43.3474498,-79.8280074"
Moxie's,amenity:restaurant,,2959,Argentia Road,,,43.598744,-79.783378,node,1408924316,https://www.openstreetmap.org/node/1408924316,"https://www.google.com/maps/search/?api=1&query=43.598744,-79.7833781"
Mr. Greek,amenity:restaurant,,,,,,43.730044,-79.765206,node,1914199488,https://www.openstreetmap.org/node/1914199488,"https://www.google.com/maps/search/?api=1&query=43.7300436,-79.7652064"
Mumbai Frankie,amenity:restaurant,,,,,,43.631216,-79.875137,node,10956928699,https://www.openstreetmap.org/node/10956928699,"https://www.google.com/maps/search/?api=1&query=43.6312161,-79.8751373"
Mye,amenity:restaurant,,,,,,43.487180,-79.716776,node,4484802689,https://www.openstreetmap.org/node/4484802689,"https://www.google.com/maps/search/?api=1&query=43.4871804,-79.7167761"
Mythos,amenity:restaurant,,,,,,43.358363,-79.780437,node,7061175374,https://www.openstreetmap.org/node/7061175374,"https://www.google.com/maps/search/?api=1&query=43.3583628,-79.780437"
Naija Jollof,amenity:restaurant,,,,,,43.702237,-79.739319,node,10780162902,https://www.openstreetmap.org/node/10780162902,"https://www.google.com/maps/search/?api=1&query=43.7022369,-79.7393187"
Nam’s Hakka,amenity:restaurant,,,,,,43.663751,-79.730645,node,12569497956,https://www.openstreetmap.org/node/12569497956,"https://www.google.com/maps/search/?api=1&query=43.6637506,-79.7306447"
Nando's,amenity:restaurant,,,,,,43.707638,-79.785645,node,6546951269,https://www.openstreetmap.org/node/6546951269,"https://www.google.com/maps/search/?api=1&query=43.7076381,-79.7856452"
Nando's,amenity:restaurant,,,,,,43.342698,-79.824958,node,7061727756,https://www.openstreetmap.org/node/7061727756,"https://www.google.com/maps/search/?api=1&query=43.342698,-79.8249582"
Napoleon's Steak and Seafood House,amenity:restaurant,,,,,,43.357476,-79.783267,node,7061175368,https://www.openstreetmap.org/node/7061175368,"https://www.google.com/maps/search/?api=1&query=43.3574764,-79.7832669"
New Hakka Place,amenity:restaurant,,,,,,43.648374,-79.881241,node,10984537318,https://www.openstreetmap.org/node/10984537318,"https://www.google.com/maps/search/?api=1&query=43.6483742,-79.8812409"
New York Fried Chicken,amenity:restaurant,,,,,,43.726076,-79.831977,node,3317158155,https://www.openstreetmap.org/node/3317158155,"https://www.google.com/maps/search/?api=1&query=43.7260759,-79.8319766"
Nonna's Cucina Ristorante,amenity:restaurant,,,,,,43.303527,-79.857632,node,1356846124,https://www.openstreetmap.org/node/1356846124,"https://www.google.com/maps/search/?api=1&query=43.3035266,-79.8576324"
Nonna's Oven,amenity:restaurant,,,,,,43.385377,-79.733292,node,1775592299,https://www.openstreetmap.org/node/1775592299,"https://www.google.com/maps/search/?api=1&query=43.3853775,-79.7332917"
Norval Pancake House,amenity:restaurant,,,,,,43.654282,-79.908180,node,10982436520,https://www.openstreetmap.org/node/10982436520,"https://www.google.com/maps/search/?api=1&query=43.6542817,-79.9081801"
Oscar's Roadhouse,amenity:restaurant,,,,,,43.725605,-79.715394,node,6547874083,https://www.openstreetmap.org/node/6547874083,"https://www.google.com/maps/search/?api=1&query=43.7256047,-79.7153941"
Pacini,amenity:restaurant,,,,,,43.639306,-79.713154,node,10078622578,https://www.openstreetmap.org/node/10078622578,"https://www.google.com/maps/search/?api=1&query=43.6393058,-79.7131544"
Palm Palace,amenity:restaurant,,,,,,43.689512,-79.738940,node,7195565575,https://www.openstreetmap.org/node/7195565575,"https://www.google.com/maps/search/?api=1&query=43.6895121,-79.7389402"
Pampanga Cuisine,amenity:restaurant,,,,,,43.676596,-79.771931,node,7195504184,https://www.openstreetmap.org/node/7195504184,"https://www.google.com/maps/search/?api=1&query=43.6765961,-79.771931"
Panda Chopsticks Chinese,amenity:restaurant,,,,,,43.322452,-79.830643,node,7770697098,https://www.openstreetmap.org/node/7770697098,"https://www.google.com/maps/search/?api=1&query=43.3224523,-79.8306426"
Paramount Fine Foods,amenity:restaurant,,,,,,43.407529,-79.806261,node,7059201047,https://www.openstreetmap.org/node/7059201047,"https://www.google.com/maps/search/?api=1&query=43.407529,-79.8062613"
Paramount Middle Eastern Kitchen,amenity:restaurant,,,Maple Avenue,Milton,,43.537768,-79.870615,node,5921580551,https://www.openstreetmap.org/node/5921580551,"https://www.google.com/maps/search/?api=1&query=43.5377676,-79.8706147"
Paranthe Wali Gali,amenity:restaurant,,,,,,43.688524,-79.741874,node,7195565581,https://www.openstreetmap.org/node/7195565581,"https://www.google.com/maps/search/?api=1&query=43.688524,-79.7418745"
Patio & Restaurant,amenity:restaurant,,,,,,43.347993,-79.844304,node,2953470864,https://www.openstreetmap.org/node/2953470864,"https://www.google.com/maps/search/?api=1&query=43.3479928,-79.8443039"
Pepper on the side,amenity:restaurant,,,,,,43.699297,-79.821314,node,10884190503,https://www.openstreetmap.org/node/10884190503,"https://www.google.com/maps/search/?api=1&query=43.6992966,-79.8213142"
Pepperwoods,amenity:restaurant,,,,,,43.324216,-79.796788,node,1617981925,https://www.openstreetmap.org/node/1617981925,"https://www.google.com/maps/search/?api=1&query=43.3242163,-79.7967879"
Pho Bo Saigon,amenity:restaurant,,,,,,43.714805,-79.779873,node,6547160019,https://www.openstreetmap.org/node/6547160019,"https://www.google.com/maps/search/?api=1&query=43.7148048,-79.779873"
Pho Dau Bo,amenity:restaurant,,,,,,43.702836,-79.785613,node,6546873269,https://www.openstreetmap.org/node/6546873269,"https://www.google.com/maps/search/?api=1&query=43.7028362,-79.785613"
Pho Lang Viet,amenity:restaurant,,,,,,43.689923,-79.739031,node,7195565576,https://www.openstreetmap.org/node/7195565576,"https://www.google.com/maps/search/?api=1&query=43.6899232,-79.7390314"
Pho Nam Thanh,amenity:restaurant,,,,,,43.317027,-79.910516,node,2620558067,https://www.openstreetmap.org/node/2620558067,"https://www.google.com/maps/search/?api=1&query=43.3170274,-79.910516"
Pho Peter,amenity:restaurant,,,,,,43.697266,-79.752207,node,6226609542,https://www.openstreetmap.org/node/6226609542,"https://www.google.com/maps/search/?api=1&query=43.6972663,-79.7522066"
Pho Viet Nam,amenity:restaurant,,,,,,43.685638,-79.759398,node,2305097012,https://www.openstreetmap.org/node/2305097012,"https://www.google.com/maps/search/?api=1&query=43.6856377,-79.7593981"
Pho-Mi,amenity:restaurant,,,,,,43.663439,-79.731950,node,13093246260,https://www.openstreetmap.org/node/13093246260,"https://www.google.com/maps/search/?api=1&query=43.6634392,-79.7319496"
Pho-Mi 289,amenity:restaurant,,,,,,43.580450,-79.757679,node,3944582771,https://www.openstreetmap.org/node/3944582771,"https://www.google.com/maps/search/?api=1&query=43.5804504,-79.757679"
Pickle Barrel,amenity:restaurant,,,,,,43.716964,-79.722714,node,2077031205,https://www.openstreetmap.org/node/2077031205,"https://www.google.com/maps/search/?api=1&query=43.7169641,-79.7227138"
Pita & Grill,amenity:restaurant,,,,,,43.645747,-79.704817,node,1409298662,https://www.openstreetmap.org/node/1409298662,"https://www.google.com/maps/search/?api=1&query=43.6457473,-79.704817"
Pita and Grill,amenity:restaurant,,1003,Maple Avenue,Milton,,43.535492,-79.875762,node,5921580569,https://www.openstreetmap.org/node/5921580569,"https://www.google.com/maps/search/?api=1&query=43.5354921,-79.8757617"
Pizza Hut,amenity:restaurant,,,,,,43.411851,-79.813568,node,7060654438,https://www.openstreetmap.org/node/7060654438,"https://www.google.com/maps/search/?api=1&query=43.4118507,-79.8135678"
Pizza Hut,amenity:restaurant,,,,,,43.365552,-79.819577,node,7061121774,https://www.openstreetmap.org/node/7061121774,"https://www.google.com/maps/search/?api=1&query=43.3655517,-79.8195767"
Pizza Hut,amenity:restaurant,,,,,,43.324397,-79.830245,node,7770697127,https://www.openstreetmap.org/node/7770697127,"https://www.google.com/maps/search/?api=1&query=43.3243969,-79.8302446"
Pizza Hut,amenity:restaurant,,,,,,43.495159,-79.896226,node,13952318082,https://www.openstreetmap.org/node/13952318082,"https://www.google.com/maps/search/?api=1&query=43.4951588,-79.8962265"
Pizzaish,amenity:restaurant,,,,,,43.722641,-79.787213,node,10783406802,https://www.openstreetmap.org/node/10783406802,"https://www.google.com/maps/search/?api=1&query=43.7226407,-79.7872131"
Pizzanini,amenity:restaurant,,,,,,43.685538,-79.759245,node,10812972379,https://www.openstreetmap.org/node/10812972379,"https://www.google.com/maps/search/?api=1&query=43.6855384,-79.7592452"
Plank,amenity:restaurant,,,,,,43.394078,-79.710036,node,9813249086,https://www.openstreetmap.org/node/9813249086,"https://www.google.com/maps/search/?api=1&query=43.394078,-79.7100364"
Pomelo Asian Cuisine,amenity:restaurant,,,,,,43.346138,-79.799582,node,7061158685,https://www.openstreetmap.org/node/7061158685,"https://www.google.com/maps/search/?api=1&query=43.3461381,-79.799582"
Potluck Caribbean Cuisine,amenity:restaurant,,,,,,43.639148,-79.716117,node,3959799489,https://www.openstreetmap.org/node/3959799489,"https://www.google.com/maps/search/?api=1&query=43.639148,-79.7161173"
Prem Sweets & Restaurant,amenity:restaurant,,,,,,43.702696,-79.785764,node,6546873274,https://www.openstreetmap.org/node/6546873274,"https://www.google.com/maps/search/?api=1&query=43.7026956,-79.7857645"
Primal Cravings,amenity:restaurant,,,,,,43.367668,-79.826911,node,7061058090,https://www.openstreetmap.org/node/7061058090,"https://www.google.com/maps/search/?api=1&query=43.3676682,-79.8269113"
Prince of India Bar & Restaurant,amenity:restaurant,,,,,,43.330999,-79.819797,node,7858996623,https://www.openstreetmap.org/node/7858996623,"https://www.google.com/maps/search/?api=1&query=43.3309989,-79.8197967"
Punjaabi Chaaphouse,amenity:restaurant,,,,,,43.713657,-79.745867,node,6547925946,https://www.openstreetmap.org/node/6547925946,"https://www.google.com/maps/search/?api=1&query=43.7136574,-79.7458674"
Punjabi by Nature,amenity:restaurant,,,,,,43.706322,-79.782518,node,13877102998,https://www.openstreetmap.org/node/13877102998,"https://www.google.com/maps/search/?api=1&query=43.7063217,-79.782518"
Punjabi Haveli Dhaba Express,amenity:restaurant,,,,,,43.663101,-79.730084,node,3969700260,https://www.openstreetmap.org/node/3969700260,"https://www.google.com/maps/search/?api=1&query=43.6631013,-79.7300842"
Pür & Simple,amenity:restaurant,,,,,,43.354696,-79.786667,node,7061164026,https://www.openstreetmap.org/node/7061164026,"https://www.google.com/maps/search/?api=1&query=43.3546959,-79.7866672"
Pür & Simple,amenity:restaurant,,1940,Appleby Line,,,43.391945,-79.789547,node,7552834120,https://www.openstreetmap.org/node/7552834120,"https://www.google.com/maps/search/?api=1&query=43.391945,-79.7895473"
Pur Vida,amenity:restaurant,,,,,,43.397319,-79.708167,node,9813319546,https://www.openstreetmap.org/node/9813319546,"https://www.google.com/maps/search/?api=1&query=43.3973187,-79.7081672"
Quest Restaurant & Bar,amenity:restaurant,,,,,,43.600781,-79.742609,node,4016655603,https://www.openstreetmap.org/node/4016655603,"https://www.google.com/maps/search/?api=1&query=43.6007811,-79.7426087"
Radica's Hot and Spicy,amenity:restaurant,,263,Queen Street East,,,43.700555,-79.741953,node,5931327255,https://www.openstreetmap.org/node/5931327255,"https://www.google.com/maps/search/?api=1&query=43.7005548,-79.7419529"
Raging Olive,amenity:restaurant,,,,,,43.360134,-79.780605,node,5756705321,https://www.openstreetmap.org/node/5756705321,"https://www.google.com/maps/search/?api=1&query=43.3601336,-79.7806048"
Railway Chai House,amenity:restaurant,,,,,,43.696220,-79.749240,node,934384619,https://www.openstreetmap.org/node/934384619,"https://www.google.com/maps/search/?api=1&query=43.6962201,-79.7492403"
Rajdhani Express,amenity:restaurant,,,,,,43.665922,-79.738238,node,6566848340,https://www.openstreetmap.org/node/6566848340,"https://www.google.com/maps/search/?api=1&query=43.6659217,-79.7382383"
Rajdhani Sweets and Restaurant,amenity:restaurant,,,,,,43.687761,-79.804935,node,5379771760,https://www.openstreetmap.org/node/5379771760,"https://www.google.com/maps/search/?api=1&query=43.6877611,-79.8049351"
Rangoli Indian Restaurant,amenity:restaurant,,,,,,43.648869,-79.925048,node,10981538505,https://www.openstreetmap.org/node/10981538505,"https://www.google.com/maps/search/?api=1&query=43.648869,-79.9250478"
Red Canoe Bistro,amenity:restaurant,,,,,,43.325123,-79.796038,node,1715140855,https://www.openstreetmap.org/node/1715140855,"https://www.google.com/maps/search/?api=1&query=43.3251226,-79.7960381"
Red Chile,amenity:restaurant,,,,,,43.440137,-79.719865,node,2292634416,https://www.openstreetmap.org/node/2292634416,"https://www.google.com/maps/search/?api=1&query=43.4401373,-79.7198649"
Red Chillie,amenity:restaurant,,,,,,43.379516,-79.808577,node,7060771066,https://www.openstreetmap.org/node/7060771066,"https://www.google.com/maps/search/?api=1&query=43.3795156,-79.808577"
Red Lobster,amenity:restaurant,,368,Queen Street East,,,43.703872,-79.741131,node,375835454,https://www.openstreetmap.org/node/375835454,"https://www.google.com/maps/search/?api=1&query=43.7038716,-79.7411306"
Rose in the Kitchen,amenity:restaurant,,,,,,43.334000,-79.810635,node,7859144498,https://www.openstreetmap.org/node/7859144498,"https://www.google.com/maps/search/?api=1&query=43.3339996,-79.8106348"
Rose’s Kitchen,amenity:restaurant,,,,,,43.663053,-79.731498,node,13093246268,https://www.openstreetmap.org/node/13093246268,"https://www.google.com/maps/search/?api=1&query=43.6630528,-79.7314981"
Royal Cumin,amenity:restaurant,,,,,,43.322378,-79.830752,node,7770697100,https://www.openstreetmap.org/node/7770697100,"https://www.google.com/maps/search/?api=1&query=43.3223775,-79.8307523"
Royal Paan,amenity:restaurant,,,,,,43.545365,-79.714551,node,12875402478,https://www.openstreetmap.org/node/12875402478,"https://www.google.com/maps/search/?api=1&query=43.5453653,-79.7145506"
Royal Paan,amenity:restaurant,,,,,,43.663378,-79.731155,node,13093246273,https://www.openstreetmap.org/node/13093246273,"https://www.google.com/maps/search/?api=1&query=43.6633784,-79.731155"
Royal Taste,amenity:restaurant,+1-905-846-1011,10990 Unit # 4,Chinguacousy Road,,,43.705299,-79.835626,node,4413809292,https://www.openstreetmap.org/node/4413809292,"https://www.google.com/maps/search/?api=1&query=43.7052993,-79.8356261"
Rude Native,amenity:restaurant,,,,,,43.324856,-79.796863,node,3366425911,https://www.openstreetmap.org/node/3366425911,"https://www.google.com/maps/search/?api=1&query=43.3248559,-79.7968627"
Russell Williams Family Restaurant,amenity:restaurant,,,,,,43.307086,-79.851758,node,256347657,https://www.openstreetmap.org/node/256347657,"https://www.google.com/maps/search/?api=1&query=43.3070862,-79.8517584"
Rust Bistrobar,amenity:restaurant,,108,Walkers Line,,L7M 0H6,43.378306,-79.804044,node,5643842145,https://www.openstreetmap.org/node/5643842145,"https://www.google.com/maps/search/?api=1&query=43.3783064,-79.8040442"
Sai Sweets & Restaurant,amenity:restaurant,,,,,,43.663400,-79.731903,node,13093246261,https://www.openstreetmap.org/node/13093246261,"https://www.google.com/maps/search/?api=1&query=43.6633998,-79.7319034"
Sarbat Foods Indian Cuisine,amenity:restaurant,,,,,,43.683212,-79.762357,node,12569740099,https://www.openstreetmap.org/node/12569740099,"https://www.google.com/maps/search/?api=1&query=43.6832118,-79.762357"
Sardar J,amenity:restaurant,,,,,,43.683648,-79.812151,node,12691981379,https://www.openstreetmap.org/node/12691981379,"https://www.google.com/maps/search/?api=1&query=43.6836481,-79.812151"
Scores,amenity:restaurant,,,,,,43.598402,-79.784880,node,1408923450,https://www.openstreetmap.org/node/1408923450,"https://www.google.com/maps/search/?api=1&query=43.5984021,-79.7848801"
Sector 17,amenity:restaurant,,,,,,43.689353,-79.742614,node,7195565582,https://www.openstreetmap.org/node/7195565582,"https://www.google.com/maps/search/?api=1&query=43.6893532,-79.7426142"
Seens Bar & Grill,amenity:restaurant,,,,,,43.666638,-79.739802,node,6566641277,https://www.openstreetmap.org/node/6566641277,"https://www.google.com/maps/search/?api=1&query=43.6666383,-79.7398025"
Shahi Biryani House,amenity:restaurant,,5618,Tenth Line West,,,43.558957,-79.742800,node,10979707714,https://www.openstreetmap.org/node/10979707714,"https://www.google.com/maps/search/?api=1&query=43.5589569,-79.7428003"
Shawarma Corner,amenity:restaurant,,,,,,43.696679,-79.747486,node,10909783181,https://www.openstreetmap.org/node/10909783181,"https://www.google.com/maps/search/?api=1&query=43.696679,-79.7474857"
Shawarma Royale,amenity:restaurant,,,,,,43.495205,-79.896272,node,13952318083,https://www.openstreetmap.org/node/13952318083,"https://www.google.com/maps/search/?api=1&query=43.4952055,-79.8962716"
Shelby’s,amenity:restaurant,,,,,,43.545419,-79.713893,node,8968950360,https://www.openstreetmap.org/node/8968950360,"https://www.google.com/maps/search/?api=1&query=43.5454188,-79.7138935"
Shisha & More,amenity:restaurant,,,,,,43.583213,-79.729451,node,12865649112,https://www.openstreetmap.org/node/12865649112,"https://www.google.com/maps/search/?api=1&query=43.5832128,-79.7294506"
Shoeless Joe's,amenity:restaurant,,,,,,43.525758,-79.868823,node,725882445,https://www.openstreetmap.org/node/725882445,"https://www.google.com/maps/search/?api=1&query=43.5257583,-79.8688234"
Shriji Express,amenity:restaurant,+1 647-204-8969,,,,,43.704929,-79.726226,node,10822992492,https://www.openstreetmap.org/node/10822992492,"https://www.google.com/maps/search/?api=1&query=43.704929,-79.7262257"
Siam Dish,amenity:restaurant,,,,,,43.345169,-79.795275,node,3384667965,https://www.openstreetmap.org/node/3384667965,"https://www.google.com/maps/search/?api=1&query=43.3451694,-79.7952748"
Signature Premium Dining Experience,amenity:restaurant,,378,Queen Street East,,,43.704195,-79.740758,node,6226609536,https://www.openstreetmap.org/node/6226609536,"https://www.google.com/maps/search/?api=1&query=43.7041948,-79.740758"
Skyway Diner,amenity:restaurant,,,,,,43.322653,-79.832250,node,4044978962,https://www.openstreetmap.org/node/4044978962,"https://www.google.com/maps/search/?api=1&query=43.3226533,-79.8322498"
Skyway Jack's,amenity:restaurant,+1-905-821-4055,,,,,43.597495,-79.734806,node,3458643220,https://www.openstreetmap.org/node/3458643220,"https://www.google.com/maps/search/?api=1&query=43.5974945,-79.7348056"
Sonny's,amenity:restaurant,,,,,,43.695849,-79.750655,node,2215449894,https://www.openstreetmap.org/node/2215449894,"https://www.google.com/maps/search/?api=1&query=43.695849,-79.7506548"
Sotiris,amenity:restaurant,,,,,,43.353694,-79.797732,node,4486121708,https://www.openstreetmap.org/node/4486121708,"https://www.google.com/maps/search/?api=1&query=43.3536937,-79.7977325"
Spicy Island  Jerk,amenity:restaurant,,,,,,43.687905,-79.762861,node,6990034962,https://www.openstreetmap.org/node/6990034962,"https://www.google.com/maps/search/?api=1&query=43.687905,-79.7628607"
Spoon and Fork,amenity:restaurant,,,,,,43.483630,-79.713186,node,520018151,https://www.openstreetmap.org/node/520018151,"https://www.google.com/maps/search/?api=1&query=43.4836305,-79.7131861"
St. Louis Bar & Grill,amenity:restaurant,,,,,,43.369496,-79.757138,node,419369700,https://www.openstreetmap.org/node/419369700,"https://www.google.com/maps/search/?api=1&query=43.3694957,-79.7571383"
St. Louis Bar & Grill,amenity:restaurant,,,,,,43.379283,-79.804610,node,1615819143,https://www.openstreetmap.org/node/1615819143,"https://www.google.com/maps/search/?api=1&query=43.3792829,-79.8046097"
St. Louis Bar & Grill,amenity:restaurant,,,,,,43.698000,-79.799460,node,2753028866,https://www.openstreetmap.org/node/2753028866,"https://www.google.com/maps/search/?api=1&query=43.6980003,-79.7994605"
St. Louis Bar & Grill,amenity:restaurant,,,,,,43.645702,-79.704753,node,3975023787,https://www.openstreetmap.org/node/3975023787,"https://www.google.com/maps/search/?api=1&query=43.6457023,-79.704753"
Stacked Pancake & Breakfast House,amenity:restaurant,,1220,Brant Street,Burlington,L7P 1X8,43.342686,-79.826391,node,1867512886,https://www.openstreetmap.org/node/1867512886,"https://www.google.com/maps/search/?api=1&query=43.3426855,-79.8263914"
Stacy Lee's Family Restaurant,amenity:restaurant,,,,,,43.676047,-79.768999,node,7195548290,https://www.openstreetmap.org/node/7195548290,"https://www.google.com/maps/search/?api=1&query=43.6760469,-79.768999"
Stone House Restaurant,amenity:restaurant,,,,,,43.353627,-79.799307,node,4486121698,https://www.openstreetmap.org/node/4486121698,"https://www.google.com/maps/search/?api=1&query=43.3536274,-79.799307"
Sulirmaos Southern Brothers Foodery,amenity:restaurant,,,,,,43.684236,-79.759800,node,2305097020,https://www.openstreetmap.org/node/2305097020,"https://www.google.com/maps/search/?api=1&query=43.6842363,-79.7598005"
Sultan Ahmet Turkish Cuisine,amenity:restaurant,,5055,Eglinton Avenue West,,,43.552843,-79.715779,node,12959993207,https://www.openstreetmap.org/node/12959993207,"https://www.google.com/maps/search/?api=1&query=43.5528432,-79.7157791"
Sunnyside Grill,amenity:restaurant,,,,,,43.367457,-79.754853,node,3393598135,https://www.openstreetmap.org/node/3393598135,"https://www.google.com/maps/search/?api=1&query=43.3674574,-79.7548531"
Sunnyside Grill,amenity:restaurant,,,,,,43.497639,-79.706489,node,4870843993,https://www.openstreetmap.org/node/4870843993,"https://www.google.com/maps/search/?api=1&query=43.4976385,-79.7064885"
Sunrise Caribbean,amenity:restaurant,,,,,,43.395790,-79.748854,node,11425966881,https://www.openstreetmap.org/node/11425966881,"https://www.google.com/maps/search/?api=1&query=43.3957898,-79.748854"
Sunrise Caribbean Restaurant,amenity:restaurant,,,,,,43.695934,-79.799898,node,6546851773,https://www.openstreetmap.org/node/6546851773,"https://www.google.com/maps/search/?api=1&query=43.6959337,-79.7998984"
SunRise Caribbean Restaurant,amenity:restaurant,,,,,,43.665350,-79.780582,node,11417804798,https://www.openstreetmap.org/node/11417804798,"https://www.google.com/maps/search/?api=1&query=43.6653498,-79.7805822"
Sunrise Chinese,amenity:restaurant,,,,,,43.697226,-79.752156,node,6532871913,https://www.openstreetmap.org/node/6532871913,"https://www.google.com/maps/search/?api=1&query=43.6972263,-79.7521564"
Sunset Bistro on the Waterfront,amenity:restaurant,,,,,,43.325288,-79.794612,node,7859183660,https://www.openstreetmap.org/node/7859183660,"https://www.google.com/maps/search/?api=1&query=43.3252878,-79.7946118"
Sunset Grill,amenity:restaurant,,,,,,43.405128,-79.808383,node,1540300324,https://www.openstreetmap.org/node/1540300324,"https://www.google.com/maps/search/?api=1&query=43.4051278,-79.8083829"
Sunset Grill,amenity:restaurant,,,,,,43.317312,-79.910992,node,2620558065,https://www.openstreetmap.org/node/2620558065,"https://www.google.com/maps/search/?api=1&query=43.3173118,-79.910992"
Sunset Grill,amenity:restaurant,,,,,,43.677956,-79.721076,node,2752955077,https://www.openstreetmap.org/node/2752955077,"https://www.google.com/maps/search/?api=1&query=43.6779564,-79.7210764"
Sunset Grill,amenity:restaurant,,,,,,43.707445,-79.785836,node,2753030745,https://www.openstreetmap.org/node/2753030745,"https://www.google.com/maps/search/?api=1&query=43.7074447,-79.7858357"
Sunset Grill,amenity:restaurant,+1-905-633-6868,1235,Fairview Street,Burlington,,43.330786,-79.820004,node,3364104011,https://www.openstreetmap.org/node/3364104011,"https://www.google.com/maps/search/?api=1&query=43.330786,-79.8200038"
Sunset Grill,amenity:restaurant,,,,,,43.638204,-79.715720,node,4308837857,https://www.openstreetmap.org/node/4308837857,"https://www.google.com/maps/search/?api=1&query=43.638204,-79.7157204"
Sunset Grill,amenity:restaurant,,,,,,43.658100,-79.817068,node,4648505824,https://www.openstreetmap.org/node/4648505824,"https://www.google.com/maps/search/?api=1&query=43.6581001,-79.8170679"
Sunset Grill,amenity:restaurant,,1003,Maple Avenue,Milton,,43.535281,-79.875996,node,5921580568,https://www.openstreetmap.org/node/5921580568,"https://www.google.com/maps/search/?api=1&query=43.5352814,-79.8759965"
Sunset Grill,amenity:restaurant,,,,,,43.387975,-79.747750,node,7060663713,https://www.openstreetmap.org/node/7060663713,"https://www.google.com/maps/search/?api=1&query=43.3879748,-79.7477503"
Sunset Grill,amenity:restaurant,,,,,,43.684825,-79.760786,node,7117963100,https://www.openstreetmap.org/node/7117963100,"https://www.google.com/maps/search/?api=1&query=43.684825,-79.7607856"
Sushi Asano,amenity:restaurant,,,,,,43.393967,-79.794309,node,319411117,https://www.openstreetmap.org/node/319411117,"https://www.google.com/maps/search/?api=1&query=43.393967,-79.7943094"
Sushi Hour,amenity:restaurant,,,,,,43.498277,-79.706786,node,4870843999,https://www.openstreetmap.org/node/4870843999,"https://www.google.com/maps/search/?api=1&query=43.4982767,-79.7067862"
Sushi House,amenity:restaurant,,,,,,43.687891,-79.763136,node,887551944,https://www.openstreetmap.org/node/887551944,"https://www.google.com/maps/search/?api=1&query=43.6878908,-79.7631359"
Sushi Sushi,amenity:restaurant,,,,,,43.589318,-79.739582,node,4016655608,https://www.openstreetmap.org/node/4016655608,"https://www.google.com/maps/search/?api=1&query=43.5893176,-79.7395823"
Sushi Ya,amenity:restaurant,,,,,,43.331253,-79.898697,node,7196261781,https://www.openstreetmap.org/node/7196261781,"https://www.google.com/maps/search/?api=1&query=43.3312526,-79.8986975"
Swiss Chalet,amenity:restaurant,,,,,,43.713569,-79.780034,node,771994528,https://www.openstreetmap.org/node/771994528,"https://www.google.com/maps/search/?api=1&query=43.7135688,-79.7800338"
Swiss Chalet,amenity:restaurant,,,,,,43.609330,-79.750511,node,1336824762,https://www.openstreetmap.org/node/1336824762,"https://www.google.com/maps/search/?api=1&query=43.60933,-79.750511"
Swiss Chalet,amenity:restaurant,,,,,,43.392496,-79.789367,node,1435573413,https://www.openstreetmap.org/node/1435573413,"https://www.google.com/maps/search/?api=1&query=43.3924956,-79.7893674"
Swiss Chalet,amenity:restaurant,,,,,,43.343509,-79.825873,node,1634783663,https://www.openstreetmap.org/node/1634783663,"https://www.google.com/maps/search/?api=1&query=43.3435094,-79.8258731"
Swiss Chalet,amenity:restaurant,,,,,,43.724431,-79.813081,node,1898960306,https://www.openstreetmap.org/node/1898960306,"https://www.google.com/maps/search/?api=1&query=43.7244312,-79.8130813"
Swiss Chalet,amenity:restaurant,,,,,,43.649124,-79.890599,node,2303134597,https://www.openstreetmap.org/node/2303134597,"https://www.google.com/maps/search/?api=1&query=43.6491245,-79.8905987"
Swiss Chalet,amenity:restaurant,,,,,,43.522568,-79.899768,node,3352537310,https://www.openstreetmap.org/node/3352537310,"https://www.google.com/maps/search/?api=1&query=43.5225681,-79.8997681"
Tahini’s Mediterranean Fusion Cuisine,amenity:restaurant,,6040,Glen Erin Drive,,,43.574539,-79.739367,node,1408888304,https://www.openstreetmap.org/node/1408888304,"https://www.google.com/maps/search/?api=1&query=43.5745394,-79.7393674"
Tandoori Flame,amenity:restaurant,,8150,Dixie Road,,,43.701573,-79.711595,node,2415504042,https://www.openstreetmap.org/node/2415504042,"https://www.google.com/maps/search/?api=1&query=43.7015732,-79.7115948"
Tavolo,amenity:restaurant,,,,,,43.412896,-79.705757,node,2796884270,https://www.openstreetmap.org/node/2796884270,"https://www.google.com/maps/search/?api=1&query=43.4128957,-79.7057568"
TaZa Grill + Bar,amenity:restaurant,,,,,,43.601366,-79.755650,node,1336855123,https://www.openstreetmap.org/node/1336855123,"https://www.google.com/maps/search/?api=1&query=43.6013656,-79.7556503"
Teddy's Greek Grill,amenity:restaurant,,,,,,43.650585,-79.915017,node,6535783982,https://www.openstreetmap.org/node/6535783982,"https://www.google.com/maps/search/?api=1&query=43.650585,-79.9150168"
Terrace Dining Room,amenity:restaurant,,,,,,43.495657,-80.000031,node,4307364579,https://www.openstreetmap.org/node/4307364579,"https://www.google.com/maps/search/?api=1&query=43.4956568,-80.0000306"
Thai Coconut Restaurant,amenity:restaurant,,,,,,43.357553,-79.783164,node,7061175369,https://www.openstreetmap.org/node/7061175369,"https://www.google.com/maps/search/?api=1&query=43.3575534,-79.7831636"
Thai House Cuisine,amenity:restaurant,,,,,,43.486567,-79.980175,node,3476655970,https://www.openstreetmap.org/node/3476655970,"https://www.google.com/maps/search/?api=1&query=43.4865675,-79.9801751"
Thai Senses,amenity:restaurant,,,,,,43.394334,-79.711447,node,385027431,https://www.openstreetmap.org/node/385027431,"https://www.google.com/maps/search/?api=1&query=43.3943344,-79.7114466"
Thai Waterdown,amenity:restaurant,,,,,,43.331815,-79.895132,node,7196222026,https://www.openstreetmap.org/node/7196222026,"https://www.google.com/maps/search/?api=1&query=43.3318154,-79.8951319"
The Berwick,amenity:restaurant,,99,Main Street North,,,43.649198,-79.925534,node,4352737691,https://www.openstreetmap.org/node/4352737691,"https://www.google.com/maps/search/?api=1&query=43.6491984,-79.9255335"
The Bombay Grill,amenity:restaurant,+1-905-681-1227,3480,Fairview Street,,L7N 2R5,43.357434,-79.781298,node,7061175381,https://www.openstreetmap.org/node/7061175381,"https://www.google.com/maps/search/?api=1&query=43.3574345,-79.781298"
The Chopped Leaf,amenity:restaurant,,,,,,43.527112,-79.867249,node,725881755,https://www.openstreetmap.org/node/725881755,"https://www.google.com/maps/search/?api=1&query=43.5271118,-79.8672494"
The Chopped Leaf,amenity:restaurant,,,,,,43.325842,-79.820757,node,6632464368,https://www.openstreetmap.org/node/6632464368,"https://www.google.com/maps/search/?api=1&query=43.325842,-79.8207569"
The Hakka Club,amenity:restaurant,,,,,,43.638138,-79.715785,node,4308837856,https://www.openstreetmap.org/node/4308837856,"https://www.google.com/maps/search/?api=1&query=43.638138,-79.7157848"
The Ice House Restaurant,amenity:restaurant,,,,,,43.487671,-79.982451,node,3476623855,https://www.openstreetmap.org/node/3476623855,"https://www.google.com/maps/search/?api=1&query=43.4876708,-79.9824507"
The Indian Sweet House,amenity:restaurant,,,,,,43.655362,-79.743311,node,7320195981,https://www.openstreetmap.org/node/7320195981,"https://www.google.com/maps/search/?api=1&query=43.6553617,-79.7433106"
The Jack Rollers Resto-Bar Lounge,amenity:restaurant,,,,,,43.700011,-79.742592,node,9008371757,https://www.openstreetmap.org/node/9008371757,"https://www.google.com/maps/search/?api=1&query=43.7000106,-79.7425919"
The Local,amenity:restaurant,,,,,,43.582858,-79.729928,node,12865642493,https://www.openstreetmap.org/node/12865642493,"https://www.google.com/maps/search/?api=1&query=43.582858,-79.7299285"
The Lord Nelson Steakhouse,amenity:restaurant,,,,,,43.322321,-79.830825,node,7770697101,https://www.openstreetmap.org/node/7770697101,"https://www.google.com/maps/search/?api=1&query=43.3223211,-79.8308245"
The Mill,amenity:restaurant,,,,,,43.687643,-79.758328,node,2266539974,https://www.openstreetmap.org/node/2266539974,"https://www.google.com/maps/search/?api=1&query=43.6876427,-79.7583282"
The Pickled Piper,amenity:restaurant,,,,,,43.649990,-79.905423,node,10981542089,https://www.openstreetmap.org/node/10981542089,"https://www.google.com/maps/search/?api=1&query=43.6499903,-79.9054233"
The Ruby,amenity:restaurant,,,,,,43.383589,-79.799334,node,4682661264,https://www.openstreetmap.org/node/4682661264,"https://www.google.com/maps/search/?api=1&query=43.3835889,-79.7993338"
The Works,amenity:restaurant,,443,Brant Street,Burlington,L7R 2G3,43.326570,-79.798875,node,1715140844,https://www.openstreetmap.org/node/1715140844,"https://www.google.com/maps/search/?api=1&query=43.3265703,-79.7988753"
The Works,amenity:restaurant,,,,,,43.686412,-79.759874,node,2832862722,https://www.openstreetmap.org/node/2832862722,"https://www.google.com/maps/search/?api=1&query=43.6864116,-79.7598744"
Thistle Fish & Chips Restaurant,amenity:restaurant,,3455,Fairview Street,Burlington,L7N 2R4,43.358205,-79.782514,node,1922054530,https://www.openstreetmap.org/node/1922054530,"https://www.google.com/maps/search/?api=1&query=43.3582049,-79.7825143"
Toshi Japanese Restaurant,amenity:restaurant,,,,,,43.703621,-79.784818,node,6546952102,https://www.openstreetmap.org/node/6546952102,"https://www.google.com/maps/search/?api=1&query=43.7036215,-79.7848177"
Trackside Bar and Patio,amenity:restaurant,,,,,,43.495536,-80.000599,node,4307364580,https://www.openstreetmap.org/node/4307364580,"https://www.google.com/maps/search/?api=1&query=43.4955361,-80.0005993"
Trafalgar Steakhouse & Grill,amenity:restaurant,,,,,,43.566934,-79.822901,node,4469390003,https://www.openstreetmap.org/node/4469390003,"https://www.google.com/maps/search/?api=1&query=43.566934,-79.8229011"
Turtle Jack's,amenity:restaurant,,,,,,43.325706,-79.820832,node,6632427719,https://www.openstreetmap.org/node/6632427719,"https://www.google.com/maps/search/?api=1&query=43.3257062,-79.8208316"
Turtle Jack's,amenity:restaurant,,,,,,43.635904,-79.788185,node,12870918975,https://www.openstreetmap.org/node/12870918975,"https://www.google.com/maps/search/?api=1&query=43.6359042,-79.7881854"
Turtle Jack's Muskoka Grill,amenity:restaurant,,1101,Maple Avenue,Milton,,43.537483,-79.872110,node,2193602430,https://www.openstreetmap.org/node/2193602430,"https://www.google.com/maps/search/?api=1&query=43.5374829,-79.87211"
Turtle Jack's Muskoka Grill,amenity:restaurant,,5100,Erin Mills Parkway,,,43.559249,-79.711440,node,6556429857,https://www.openstreetmap.org/node/6556429857,"https://www.google.com/maps/search/?api=1&query=43.5592488,-79.7114405"
Turtle Jacks,amenity:restaurant,,1900,Appleby Line,Burlington,L7L 0B7,43.392073,-79.788568,node,1650030758,https://www.openstreetmap.org/node/1650030758,"https://www.google.com/maps/search/?api=1&query=43.3920726,-79.7885682"
Turtle Jacks,amenity:restaurant,,,,,,43.487193,-79.716909,node,2288689236,https://www.openstreetmap.org/node/2288689236,"https://www.google.com/maps/search/?api=1&query=43.4871929,-79.7169092"
Turtle Jacks,amenity:restaurant,,,,,,43.332196,-79.897735,node,2620558073,https://www.openstreetmap.org/node/2620558073,"https://www.google.com/maps/search/?api=1&query=43.3321957,-79.8977352"
Uncorked on Main,amenity:restaurant,,,,,,43.649538,-79.926460,node,10981528819,https://www.openstreetmap.org/node/10981528819,"https://www.google.com/maps/search/?api=1&query=43.6495379,-79.92646"
Union Social Eatery,amenity:restaurant,,,,,,43.610967,-79.749861,node,2484539969,https://www.openstreetmap.org/node/2484539969,"https://www.google.com/maps/search/?api=1&query=43.6109669,-79.7498611"
V Eatery,amenity:restaurant,,,,,,43.650364,-79.910348,node,10981542051,https://www.openstreetmap.org/node/10981542051,"https://www.google.com/maps/search/?api=1&query=43.650364,-79.9103476"
Viva La Goa,amenity:restaurant,,,,,,43.583158,-79.729029,node,12865642498,https://www.openstreetmap.org/node/12865642498,"https://www.google.com/maps/search/?api=1&query=43.583158,-79.7290295"
Wally Pan Sausage,amenity:restaurant,,,,,,43.330544,-79.818665,node,7859007942,https://www.openstreetmap.org/node/7859007942,"https://www.google.com/maps/search/?api=1&query=43.3305443,-79.8186649"
Waterdown Fish and Chips,amenity:restaurant,,,,,,43.333664,-79.893479,node,2594728395,https://www.openstreetmap.org/node/2594728395,"https://www.google.com/maps/search/?api=1&query=43.3336638,-79.8934791"
Wendel Clark's Classic Grill and Bar,amenity:restaurant,,,,,,43.325063,-79.797182,node,3366425912,https://www.openstreetmap.org/node/3366425912,"https://www.google.com/maps/search/?api=1&query=43.3250627,-79.7971819"
Wild Wing,amenity:restaurant,,,,,,43.558517,-79.741821,node,1667736768,https://www.openstreetmap.org/node/1667736768,"https://www.google.com/maps/search/?api=1&query=43.5585173,-79.7418211"
Wild Wing,amenity:restaurant,,,,,,43.538955,-79.856875,node,1738462407,https://www.openstreetmap.org/node/1738462407,"https://www.google.com/maps/search/?api=1&query=43.5389554,-79.8568752"
Wild Wing,amenity:restaurant,,,,,,43.729323,-79.763454,node,1914225527,https://www.openstreetmap.org/node/1914225527,"https://www.google.com/maps/search/?api=1&query=43.7293235,-79.7634544"
Wild Wing,amenity:restaurant,,,,,,43.496802,-79.872756,node,2194908264,https://www.openstreetmap.org/node/2194908264,"https://www.google.com/maps/search/?api=1&query=43.4968023,-79.8727565"
Wild Wing,amenity:restaurant,,,,,,43.353696,-79.787533,node,3868398486,https://www.openstreetmap.org/node/3868398486,"https://www.google.com/maps/search/?api=1&query=43.3536956,-79.7875329"
Wild Wing,amenity:restaurant,,,,,,43.639400,-79.715864,node,3959799492,https://www.openstreetmap.org/node/3959799492,"https://www.google.com/maps/search/?api=1&query=43.6394004,-79.7158644"
Wild Wing,amenity:restaurant,,,,,,43.631279,-79.875234,node,4345238247,https://www.openstreetmap.org/node/4345238247,"https://www.google.com/maps/search/?api=1&query=43.6312785,-79.8752337"
Wild Wing,amenity:restaurant,,,,,,43.682249,-79.815762,node,6546847855,https://www.openstreetmap.org/node/6546847855,"https://www.google.com/maps/search/?api=1&query=43.6822486,-79.8157623"
Wild Wing,amenity:restaurant,,,,,,43.696275,-79.747958,node,10909775170,https://www.openstreetmap.org/node/10909775170,"https://www.google.com/maps/search/?api=1&query=43.6962747,-79.7479576"
Windmill Restaurant,amenity:restaurant,,,,,,43.349278,-79.816830,node,1766409142,https://www.openstreetmap.org/node/1766409142,"https://www.google.com/maps/search/?api=1&query=43.3492785,-79.8168304"
Wok of Fame,amenity:restaurant,,,,,,43.659703,-79.726360,node,3969700266,https://www.openstreetmap.org/node/3969700266,"https://www.google.com/maps/search/?api=1&query=43.6597025,-79.7263604"
Yong's Chinese Restaurant,amenity:restaurant,,,,,,43.649089,-79.925389,node,420787711,https://www.openstreetmap.org/node/420787711,"https://www.google.com/maps/search/?api=1&query=43.6490889,-79.9253889"
Yoyo Sushi,amenity:restaurant,,,,,,43.648694,-79.883022,node,10984537314,https://www.openstreetmap.org/node/10984537314,"https://www.google.com/maps/search/?api=1&query=43.6486937,-79.8830217"
Yummy Po,amenity:restaurant,,,,,,43.466147,-79.746527,node,4868553923,https://www.openstreetmap.org/node/4868553923,"https://www.google.com/maps/search/?api=1&query=43.4661471,-79.7465271"
Zad Restaurant & Cafe,amenity:restaurant,,168,Queen Street South,,,43.582329,-79.714844,node,3455030555,https://www.openstreetmap.org/node/3455030555,"https://www.google.com/maps/search/?api=1&query=43.5823294,-79.714844"
Discovery Program Area,amenity:theatre,,,,,,43.415993,-79.775552,node,9499114668,https://www.openstreetmap.org/node/9499114668,"https://www.google.com/maps/search/?api=1&query=43.4159931,-79.7755517"
Mattamy Theatre,amenity:theatre,,,,,,43.527988,-79.865734,node,2258380750,https://www.openstreetmap.org/node/2258380750,"https://www.google.com/maps/search/?api=1&query=43.5279882,-79.865734"
Meadowvale Theatre,amenity:theatre,,,,,,43.585469,-79.746942,node,1408857464,https://www.openstreetmap.org/node/1408857464,"https://www.google.com/maps/search/?api=1&query=43.5854687,-79.7469424"
Animal Care Clinic,amenity:veterinary,,,,,,43.662055,-79.786970,node,7598268422,https://www.openstreetmap.org/node/7598268422,"https://www.google.com/maps/search/?api=1&query=43.6620546,-79.7869702"
Appleview Animal Hospital,amenity:veterinary,,,,,,43.372387,-79.762222,node,7060674440,https://www.openstreetmap.org/node/7060674440,"https://www.google.com/maps/search/?api=1&query=43.3723874,-79.7622224"
ARC Animal Hospital,amenity:veterinary,,,,,,43.557920,-79.705884,node,11079660376,https://www.openstreetmap.org/node/11079660376,"https://www.google.com/maps/search/?api=1&query=43.55792,-79.7058836"
Bayview Park Animal Hospital,amenity:veterinary,+1-289-245-1100,,,,,43.339598,-79.817367,node,2951561333,https://www.openstreetmap.org/node/2951561333,"https://www.google.com/maps/search/?api=1&query=43.3395977,-79.8173673"
Beattie Animal Hospital,amenity:veterinary,,1231,Appleby Line,Burlington,L7L 5H9,43.386903,-79.780014,node,3413774917,https://www.openstreetmap.org/node/3413774917,"https://www.google.com/maps/search/?api=1&query=43.3869028,-79.7800141"
Brampton Veterinary Hospital,amenity:veterinary,,265,Queen Street East,,,43.701784,-79.741947,node,6226609527,https://www.openstreetmap.org/node/6226609527,"https://www.google.com/maps/search/?api=1&query=43.7017841,-79.7419472"
Brant Animal Clinic,amenity:veterinary,,,,,,43.357449,-79.842985,node,2698208709,https://www.openstreetmap.org/node/2698208709,"https://www.google.com/maps/search/?api=1&query=43.3574491,-79.8429846"
Brisdale Animal Hospital,amenity:veterinary,,,,,,43.684229,-79.812941,node,6546847867,https://www.openstreetmap.org/node/6546847867,"https://www.google.com/maps/search/?api=1&query=43.684229,-79.8129407"
Cat Hospital,amenity:veterinary,,,,,,43.328506,-79.802351,node,7859162966,https://www.openstreetmap.org/node/7859162966,"https://www.google.com/maps/search/?api=1&query=43.3285058,-79.8023507"
Guelph Street Animal Hospital,amenity:veterinary,,,,,,43.650083,-79.906916,node,10981542086,https://www.openstreetmap.org/node/10981542086,"https://www.google.com/maps/search/?api=1&query=43.6500831,-79.9069162"
Lakeridge Animal Hospital,amenity:veterinary,,,,,,43.713868,-79.746284,node,6547925940,https://www.openstreetmap.org/node/6547925940,"https://www.google.com/maps/search/?api=1&query=43.7138679,-79.7462842"
Mainview Animal Hospital,amenity:veterinary,+1-905-875-3777,,,,,43.523404,-79.872525,node,725882438,https://www.openstreetmap.org/node/725882438,"https://www.google.com/maps/search/?api=1&query=43.5234039,-79.8725248"
New Street Animal Hospital,amenity:veterinary,+1 905-333-4333,,,,,43.354703,-79.769145,node,3760804713,https://www.openstreetmap.org/node/3760804713,"https://www.google.com/maps/search/?api=1&query=43.3547032,-79.769145"
Orchard Animal Hospital,amenity:veterinary,,,,,,43.393288,-79.794173,node,4684460917,https://www.openstreetmap.org/node/4684460917,"https://www.google.com/maps/search/?api=1&query=43.3932879,-79.7941726"
Robinson Pet Hospital,amenity:veterinary,,724,Main Street East,,,43.523982,-79.870969,node,725881758,https://www.openstreetmap.org/node/725881758,"https://www.google.com/maps/search/?api=1&query=43.523982,-79.8709691"
South Side Pet Hospital,amenity:veterinary,,,,,,43.388129,-79.747949,node,7060663714,https://www.openstreetmap.org/node/7060663714,"https://www.google.com/maps/search/?api=1&query=43.3881288,-79.7479488"
Streetsville Animal Hospital,amenity:veterinary,,,,,,43.581991,-79.715978,node,2527507550,https://www.openstreetmap.org/node/2527507550,"https://www.google.com/maps/search/?api=1&query=43.5819906,-79.7159776"
Walkers Line Veterinary Hospital,amenity:veterinary,+1-905-336-6222,,Walker's Line,,,43.396618,-79.828795,node,4521582393,https://www.openstreetmap.org/node/4521582393,"https://www.google.com/maps/search/?api=1&query=43.3966178,-79.8287948"
Westbridge Veterinary Hospital,amenity:veterinary,,,,,,43.610280,-79.748465,node,1336835739,https://www.openstreetmap.org/node/1336835739,"https://www.google.com/maps/search/?api=1&query=43.61028,-79.748465"
Westoak Animal Hospital,amenity:veterinary,+1-905-469-2595,,,,,43.434798,-79.776332,node,3623552886,https://www.openstreetmap.org/node/3623552886,"https://www.google.com/maps/search/?api=1&query=43.4347984,-79.7763316"
Winston Churchill Animal Hospital,amenity:veterinary,,2980,Crosscurrent Drive,,,43.594676,-79.779112,node,12740110429,https://www.openstreetmap.org/node/12740110429,"https://www.google.com/maps/search/?api=1&query=43.5946755,-79.7791122"
Ishtar Catering,craft:caterer,,5602,Tenth Line West,,,43.558763,-79.743989,node,10979707724,https://www.openstreetmap.org/node/10979707724,"https://www.google.com/maps/search/?api=1&query=43.5587626,-79.7439888"
Evokleen Inc,craft:cleaning,,4585,Palladium Way,Burlington,L7M 0V6,43.406834,-79.826712,node,7206832224,https://www.openstreetmap.org/node/7206832224,"https://www.google.com/maps/search/?api=1&query=43.4068342,-79.8267123"
Fast Stitch,craft:dressmaker,,,,,,43.354501,-79.769206,node,3760804712,https://www.openstreetmap.org/node/3760804712,"https://www.google.com/maps/search/?api=1&query=43.3545011,-79.7692057"
Brant Electric,craft:electrician,,1453,Grahams Lane,,,43.333866,-79.810847,node,7859142989,https://www.openstreetmap.org/node/7859142989,"https://www.google.com/maps/search/?api=1&query=43.3338655,-79.8108466"
Carney Electric Ltd.,craft:electrician,+1-905-877-9711,5,Armstrong Avenue,Halton Hills,L7G 4S1,43.654704,-79.907529,node,5209387422,https://www.openstreetmap.org/node/5209387422,"https://www.google.com/maps/search/?api=1&query=43.6547044,-79.907529"
Burlington Cell Phone Repairs,craft:electronics_repair,,,,,,43.318995,-79.835718,node,7768538715,https://www.openstreetmap.org/node/7768538715,"https://www.google.com/maps/search/?api=1&query=43.3189951,-79.8357185"
uBreakiFix,craft:electronics_repair,,,,,,43.543827,-79.868332,node,1738484560,https://www.openstreetmap.org/node/1738484560,"https://www.google.com/maps/search/?api=1&query=43.5438269,-79.8683323"
Appleby Home Comfort,craft:hvac,,,,,,43.650521,-79.914692,node,6535783979,https://www.openstreetmap.org/node/6535783979,"https://www.google.com/maps/search/?api=1&query=43.6505209,-79.9146923"
Dependable Laser Works,craft:metal_construction,,,,,,43.691871,-79.736977,node,12804901199,https://www.openstreetmap.org/node/12804901199,"https://www.google.com/maps/search/?api=1&query=43.6918706,-79.7369767"
Pro Image Studio,craft:photographer,,,,,,43.666653,-79.738700,node,13859313394,https://www.openstreetmap.org/node/13859313394,"https://www.google.com/maps/search/?api=1&query=43.6666534,-79.7387"
Snap Photo Professional Photographer,craft:photographer,,,,,,43.559030,-79.712493,node,12960035826,https://www.openstreetmap.org/node/12960035826,"https://www.google.com/maps/search/?api=1&query=43.5590302,-79.712493"
Kirk Mechanical Contractors,craft:plumber,+1-905-681-0140,,,,,43.333769,-79.810990,node,7859142990,https://www.openstreetmap.org/node/7859142990,"https://www.google.com/maps/search/?api=1&query=43.3337689,-79.8109899"
Crock a Doodle,craft:pottery,,,,,,43.390149,-79.824167,node,7060850386,https://www.openstreetmap.org/node/7060850386,"https://www.google.com/maps/search/?api=1&query=43.3901495,-79.8241672"
Shoe Clinic Plus,craft:shoemaker,,,,,,43.685513,-79.759627,node,7170560025,https://www.openstreetmap.org/node/7170560025,"https://www.google.com/maps/search/?api=1&query=43.6855129,-79.7596271"
Jamal's Tailoring and Alterations,craft:tailor,,,,,,43.402667,-79.781417,node,1792625819,https://www.openstreetmap.org/node/1792625819,"https://www.google.com/maps/search/?api=1&query=43.4026666,-79.7814169"
Spool N Needle,craft:tailor,+1-905-821-0900,,,,,43.583851,-79.716013,node,3452961423,https://www.openstreetmap.org/node/3452961423,"https://www.google.com/maps/search/?api=1&query=43.5838509,-79.7160125"
Halton Window & Door,craft:window_construction,,,,,,43.648649,-79.880375,node,6535774117,https://www.openstreetmap.org/node/6535774117,"https://www.google.com/maps/search/?api=1&query=43.6486485,-79.8803754"
Carriage Square Chiropractic Centre,healthcare:alternative,,,,,,43.513985,-79.883047,node,3900272342,https://www.openstreetmap.org/node/3900272342,"https://www.google.com/maps/search/?api=1&query=43.513985,-79.8830465"
Chiropody,healthcare:alternative,,,,,,43.665708,-79.737642,node,13859355203,https://www.openstreetmap.org/node/13859355203,"https://www.google.com/maps/search/?api=1&query=43.6657082,-79.7376421"
Chiropractor,healthcare:alternative,,,,,,43.631177,-79.875090,node,4345238244,https://www.openstreetmap.org/node/4345238244,"https://www.google.com/maps/search/?api=1&query=43.6311773,-79.8750901"
Dr. Angelika Koeth Chiropractor,healthcare:alternative,,311,Martin Street,,,43.519779,-79.890889,node,10934184748,https://www.openstreetmap.org/node/10934184748,"https://www.google.com/maps/search/?api=1&query=43.5197793,-79.8908894"
Escape 2 Oasis Wellness Clinic,healthcare:alternative,+1-905-817-0100,,,,,43.610742,-79.750188,node,1336807336,https://www.openstreetmap.org/node/1336807336,"https://www.google.com/maps/search/?api=1&query=43.6107417,-79.7501881"
evolve Chiropractic Wellness Studio,healthcare:alternative,,,,,,43.316009,-79.840172,node,8502111832,https://www.openstreetmap.org/node/8502111832,"https://www.google.com/maps/search/?api=1&query=43.3160095,-79.8401722"
Family Chiropractic,healthcare:alternative,,,,,,43.330025,-79.803210,node,7859157804,https://www.openstreetmap.org/node/7859157804,"https://www.google.com/maps/search/?api=1&query=43.3300246,-79.8032101"
McPhail Chiropractic,healthcare:alternative,,270,Martin Street,,,43.518511,-79.890424,node,10934190905,https://www.openstreetmap.org/node/10934190905,"https://www.google.com/maps/search/?api=1&query=43.5185112,-79.8904245"
Oakville Naturopathic Wellness Centre,healthcare:alternative,,,,,,43.416431,-79.724980,node,7858927224,https://www.openstreetmap.org/node/7858927224,"https://www.google.com/maps/search/?api=1&query=43.4164313,-79.7249803"
Relaxology,healthcare:alternative,,,,,,43.707837,-79.733390,node,6547908162,https://www.openstreetmap.org/node/6547908162,"https://www.google.com/maps/search/?api=1&query=43.7078373,-79.7333904"
Tai Chi Health Center,healthcare:alternative,+1-905-712-3999,,,,,43.403125,-79.730686,node,4019939342,https://www.openstreetmap.org/node/4019939342,"https://www.google.com/maps/search/?api=1&query=43.4031253,-79.7306864"
The Healthy Family,healthcare:alternative,,,,,,43.526483,-79.866337,node,10934609591,https://www.openstreetmap.org/node/10934609591,"https://www.google.com/maps/search/?api=1&query=43.5264833,-79.8663373"
Trelawny Health Centre,healthcare:alternative,,,,,,43.578901,-79.770874,node,3976328263,https://www.openstreetmap.org/node/3976328263,"https://www.google.com/maps/search/?api=1&query=43.5789013,-79.7708737"
True North Chiropractic,healthcare:alternative,+1-905-542-8116,,,,,43.583757,-79.716142,node,3452961427,https://www.openstreetmap.org/node/3452961427,"https://www.google.com/maps/search/?api=1&query=43.583757,-79.7161422"
Waterdown Village Chiropractic,healthcare:alternative,,,,,,43.334271,-79.891389,node,4443096359,https://www.openstreetmap.org/node/4443096359,"https://www.google.com/maps/search/?api=1&query=43.3342711,-79.8913889"
Hearing Clinic,healthcare:audiologist,,,,,,43.367843,-79.753661,node,3635869380,https://www.openstreetmap.org/node/3635869380,"https://www.google.com/maps/search/?api=1&query=43.3678428,-79.7536612"
Sense of Hearing,healthcare:audiologist,,,,,,43.657561,-79.723985,node,13093244863,https://www.openstreetmap.org/node/13093244863,"https://www.google.com/maps/search/?api=1&query=43.6575609,-79.7239848"
Credit river Medical Clinic,healthcare:clinic,+1-905-826-6095,,,,,43.600002,-79.710007,node,3746073197,https://www.openstreetmap.org/node/3746073197,"https://www.google.com/maps/search/?api=1&query=43.6000024,-79.7100068"
Genesis Walk-In Clinic,healthcare:clinic,,,,,,43.630626,-79.900055,node,7129265636,https://www.openstreetmap.org/node/7129265636,"https://www.google.com/maps/search/?api=1&query=43.6306265,-79.9000554"
Lisgar Woods Medical Centre,healthcare:clinic,+1-905-824-4441,,,,,43.575988,-79.783464,node,3762117289,https://www.openstreetmap.org/node/3762117289,"https://www.google.com/maps/search/?api=1&query=43.575988,-79.7834636"
Ninth Line Medical Centre,healthcare:clinic,+1-905-607-4007,,,,,43.540461,-79.739652,node,3762011832,https://www.openstreetmap.org/node/3762011832,"https://www.google.com/maps/search/?api=1&query=43.5404613,-79.7396519"
Halton Spiritual Counselling,healthcare:counselling,,,,,,43.326495,-79.799398,node,7179978498,https://www.openstreetmap.org/node/7179978498,"https://www.google.com/maps/search/?api=1&query=43.3264947,-79.7993982"
Jenny Craig,healthcare:counselling,,,,,,43.346415,-79.797025,node,1969236619,https://www.openstreetmap.org/node/1969236619,"https://www.google.com/maps/search/?api=1&query=43.3464147,-79.7970246"
WW Studio,healthcare:counselling,,,,,,43.354589,-79.786700,node,7061164027,https://www.openstreetmap.org/node/7061164027,"https://www.google.com/maps/search/?api=1&query=43.354589,-79.7866999"
DR. R. A. Cendese,healthcare:dentist,,,,,,43.603516,-79.706884,node,3746073198,https://www.openstreetmap.org/node/3746073198,"https://www.google.com/maps/search/?api=1&query=43.6035157,-79.7068843"
MiSmile Dental,healthcare:dentist,,,,,,43.705188,-79.835403,node,3475211309,https://www.openstreetmap.org/node/3475211309,"https://www.google.com/maps/search/?api=1&query=43.7051875,-79.8354029"
Dynacare,healthcare:laboratory,,,,,,43.658222,-79.725007,node,13093242397,https://www.openstreetmap.org/node/13093242397,"https://www.google.com/maps/search/?api=1&query=43.6582221,-79.7250071"
LifeLabs,healthcare:laboratory,,,,,,43.635924,-79.788905,node,12870918990,https://www.openstreetmap.org/node/12870918990,"https://www.google.com/maps/search/?api=1&query=43.6359243,-79.7889048"
Wentworth-Halton X-Ray and Ultrasound Inc.,healthcare:laboratory,,1960,Appleby Line,Burlington,,43.392907,-79.789875,node,7529094464,https://www.openstreetmap.org/node/7529094464,"https://www.google.com/maps/search/?api=1&query=43.3929071,-79.789875"
ARC Eyecare,healthcare:optometrist,,,,,,43.557866,-79.705795,node,11079660375,https://www.openstreetmap.org/node/11079660375,"https://www.google.com/maps/search/?api=1&query=43.5578664,-79.7057951"
Bramalea Optometric Clinic,healthcare:optometrist,,,,,,43.713600,-79.745787,node,6547925947,https://www.openstreetmap.org/node/6547925947,"https://www.google.com/maps/search/?api=1&query=43.7135995,-79.7457866"
Dr. A. Kara & Associates Optometrists,healthcare:optometrist,,,,,,43.583095,-79.759917,node,3410784112,https://www.openstreetmap.org/node/3410784112,"https://www.google.com/maps/search/?api=1&query=43.5830952,-79.7599173"
Halton Vision,healthcare:optometrist,,,,,,43.495641,-79.896395,node,13952313872,https://www.openstreetmap.org/node/13952313872,"https://www.google.com/maps/search/?api=1&query=43.4956408,-79.8963949"
One Vision Optometry & Vision Therapy,healthcare:optometrist,,5602,Tenth Line West,,,43.558142,-79.743230,node,10979707720,https://www.openstreetmap.org/node/10979707720,"https://www.google.com/maps/search/?api=1&query=43.558142,-79.74323"
Optometrist Office Dr. A.S. Chuang,healthcare:optometrist,+1-905-488-7159,,,,,43.691150,-79.753772,node,887605961,https://www.openstreetmap.org/node/887605961,"https://www.google.com/maps/search/?api=1&query=43.6911495,-79.7537725"
Optometry,healthcare:optometrist,,,,,,43.631119,-79.875010,node,4345238245,https://www.openstreetmap.org/node/4345238245,"https://www.google.com/maps/search/?api=1&query=43.631119,-79.8750097"
Vision Clarity,healthcare:optometrist,,6005,Erin Mills Parkway,,,43.579135,-79.733633,node,12865612688,https://www.openstreetmap.org/node/12865612688,"https://www.google.com/maps/search/?api=1&query=43.5791353,-79.7336331"
Genesis Pharmacy,healthcare:pharmacy,,,,,,43.630606,-79.900019,node,7129265637,https://www.openstreetmap.org/node/7129265637,"https://www.google.com/maps/search/?api=1&query=43.6306063,-79.9000188"
Achieve Physiotherapy and Rehabilitation,healthcare:physiotherapist,,,,,,43.545405,-79.714657,node,12875418602,https://www.openstreetmap.org/node/12875418602,"https://www.google.com/maps/search/?api=1&query=43.5454054,-79.7146571"
Battleford Physiotherapy,healthcare:physiotherapist,+1-905-813-9305,,,,,43.586631,-79.740882,node,4017888647,https://www.openstreetmap.org/node/4017888647,"https://www.google.com/maps/search/?api=1&query=43.5866312,-79.7408816"
Canada Physio,healthcare:physiotherapist,+1-289-327-2620,,,,,43.588701,-79.740030,node,4016653683,https://www.openstreetmap.org/node/4016653683,"https://www.google.com/maps/search/?api=1&query=43.5887006,-79.7400304"
CBI Physiotherapy & Rehabilitation Centre,healthcare:physiotherapist,,,,,,43.694473,-79.748779,node,887629218,https://www.openstreetmap.org/node/887629218,"https://www.google.com/maps/search/?api=1&query=43.6944732,-79.7487793"
CBI Physiotherapy & Rehabilitation Centre,healthcare:physiotherapist,,,,,,43.367618,-79.755086,node,3997758982,https://www.openstreetmap.org/node/3997758982,"https://www.google.com/maps/search/?api=1&query=43.3676179,-79.7550863"
Charolais Physiotherapy,healthcare:physiotherapist,,,,,,43.658790,-79.749856,node,13022166051,https://www.openstreetmap.org/node/13022166051,"https://www.google.com/maps/search/?api=1&query=43.6587896,-79.7498556"
Chinguacousy Physiotherapy,healthcare:physiotherapist,,,,,,43.687019,-79.807029,node,6546870689,https://www.openstreetmap.org/node/6546870689,"https://www.google.com/maps/search/?api=1&query=43.6870192,-79.8070291"
Core Rehab Brampton,healthcare:physiotherapist,,,,,,43.659171,-79.727217,node,13093255115,https://www.openstreetmap.org/node/13093255115,"https://www.google.com/maps/search/?api=1&query=43.6591707,-79.7272169"
Ermasoa Physiotherapy,healthcare:physiotherapist,,,,,,43.366131,-79.822388,node,6632465374,https://www.openstreetmap.org/node/6632465374,"https://www.google.com/maps/search/?api=1&query=43.3661307,-79.8223881"
Finchgate Physio,healthcare:physiotherapist,,,,,,43.728205,-79.712211,node,11711801488,https://www.openstreetmap.org/node/11711801488,"https://www.google.com/maps/search/?api=1&query=43.7282048,-79.7122113"
Grindstone Physiotherapy,healthcare:physiotherapist,,,,,,43.319555,-79.912100,node,13683655331,https://www.openstreetmap.org/node/13683655331,"https://www.google.com/maps/search/?api=1&query=43.3195551,-79.9121002"
Healing Hands Physiotherapy,healthcare:physiotherapist,,,,,,43.725519,-79.815539,node,6571769035,https://www.openstreetmap.org/node/6571769035,"https://www.google.com/maps/search/?api=1&query=43.7255195,-79.8155386"
Kings Cross Physiotherapy & Sports Injury Clinic,healthcare:physiotherapist,,,,,,43.713651,-79.747267,node,6547925929,https://www.openstreetmap.org/node/6547925929,"https://www.google.com/maps/search/?api=1&query=43.7136515,-79.747267"
Lifemark Physiotherapy,healthcare:physiotherapist,,6855,Meadowvale Town Centre Circle,,,43.584002,-79.758259,node,11737835051,https://www.openstreetmap.org/node/11737835051,"https://www.google.com/maps/search/?api=1&query=43.5840024,-79.758259"
Maple Leaf Physio,healthcare:physiotherapist,,,,,,43.663418,-79.731118,node,13093246274,https://www.openstreetmap.org/node/13093246274,"https://www.google.com/maps/search/?api=1&query=43.6634181,-79.7311179"
MedRehab,healthcare:physiotherapist,,,,,,43.714742,-79.780526,node,6547160029,https://www.openstreetmap.org/node/6547160029,"https://www.google.com/maps/search/?api=1&query=43.7147418,-79.7805262"
Meridian Therapy,healthcare:physiotherapist,,,,,,43.412220,-79.705697,node,6647448504,https://www.openstreetmap.org/node/6647448504,"https://www.google.com/maps/search/?api=1&query=43.4122197,-79.7056965"
Mount Pleasant Advanced Physiotherapy,healthcare:physiotherapist,,,,,,43.683877,-79.811791,node,6546847870,https://www.openstreetmap.org/node/6546847870,"https://www.google.com/maps/search/?api=1&query=43.6838774,-79.8117908"
Paramount Physiotherapy,healthcare:physiotherapist,,,,,,43.687688,-79.805004,node,6546837464,https://www.openstreetmap.org/node/6546837464,"https://www.google.com/maps/search/?api=1&query=43.6876883,-79.805004"
Performance Physiotherapy & Wellness,healthcare:physiotherapist,,,,,,43.730259,-79.821389,node,1913557882,https://www.openstreetmap.org/node/1913557882,"https://www.google.com/maps/search/?api=1&query=43.7302592,-79.8213886"
Physio Health,healthcare:physiotherapist,,,,,,43.558068,-79.706222,node,11079644750,https://www.openstreetmap.org/node/11079644750,"https://www.google.com/maps/search/?api=1&query=43.5580685,-79.7062218"
Physio Now,healthcare:physiotherapist,,,,,,43.388100,-79.747465,node,12847045509,https://www.openstreetmap.org/node/12847045509,"https://www.google.com/maps/search/?api=1&query=43.3880996,-79.747465"
Physio Rehab Clinic,healthcare:physiotherapist,,6005,Erin Mills Parkway,,,43.579099,-79.733584,node,12865612687,https://www.openstreetmap.org/node/12865612687,"https://www.google.com/maps/search/?api=1&query=43.579099,-79.7335839"
Physiomed,healthcare:physiotherapist,+1 905 858 9393,5602,Tenth Line West,,,43.558256,-79.743425,node,10979707721,https://www.openstreetmap.org/node/10979707721,"https://www.google.com/maps/search/?api=1&query=43.558256,-79.7434251"
Physiotherapy,healthcare:physiotherapist,,,,,,43.631053,-79.874897,node,4345238246,https://www.openstreetmap.org/node/4345238246,"https://www.google.com/maps/search/?api=1&query=43.631053,-79.874897"
Planet Rehab,healthcare:physiotherapist,,,,,,43.658361,-79.721976,node,13093252064,https://www.openstreetmap.org/node/13093252064,"https://www.google.com/maps/search/?api=1&query=43.658361,-79.7219762"
Platinum Physiotherapy,healthcare:physiotherapist,,,,,,43.655120,-79.743563,node,13022166050,https://www.openstreetmap.org/node/13022166050,"https://www.google.com/maps/search/?api=1&query=43.6551204,-79.7435633"
Pro Active Physiotherapy,healthcare:physiotherapist,,,,,,43.583257,-79.729250,node,12865645001,https://www.openstreetmap.org/node/12865645001,"https://www.google.com/maps/search/?api=1&query=43.5832566,-79.7292501"
Queen West Physiotherapy,healthcare:physiotherapist,,,,,,43.676513,-79.769486,node,12810724620,https://www.openstreetmap.org/node/12810724620,"https://www.google.com/maps/search/?api=1&query=43.6765133,-79.7694857"
Revolve Physiotherapy,healthcare:physiotherapist,,,,,,43.526590,-79.866563,node,2198941265,https://www.openstreetmap.org/node/2198941265,"https://www.google.com/maps/search/?api=1&query=43.5265895,-79.8665632"
Total Rehab Physiotherapy,healthcare:physiotherapist,,,,,,43.702930,-79.785507,node,6546873271,https://www.openstreetmap.org/node/6546873271,"https://www.google.com/maps/search/?api=1&query=43.7029303,-79.785507"
Triangle Physiotherapy,healthcare:physiotherapist,,,,,,43.558295,-79.706701,node,11079649219,https://www.openstreetmap.org/node/11079649219,"https://www.google.com/maps/search/?api=1&query=43.5582952,-79.7067007"
Vital Care Physiotherapy,healthcare:physiotherapist,,,,,,43.718028,-79.742912,node,6547928862,https://www.openstreetmap.org/node/6547928862,"https://www.google.com/maps/search/?api=1&query=43.7180276,-79.7429115"
"Medical Clininc, Dentist and Pharmacy",healthcare:yes,,,,,,43.495731,-79.896283,node,13952313873,https://www.openstreetmap.org/node/13952313873,"https://www.google.com/maps/search/?api=1&query=43.4957311,-79.8962833"
7th Wave Yoga,leisure:fitness_centre,,468,Brant Street,Burlington,L7R 2G4,43.326848,-79.800021,node,7427757094,https://www.openstreetmap.org/node/7427757094,"https://www.google.com/maps/search/?api=1&query=43.3268483,-79.8000215"
9Round,leisure:fitness_centre,,,,,,43.648885,-79.890100,node,6535774122,https://www.openstreetmap.org/node/6535774122,"https://www.google.com/maps/search/?api=1&query=43.6488848,-79.8900998"
9Round,leisure:fitness_centre,,,,,,43.324356,-79.830293,node,7770697126,https://www.openstreetmap.org/node/7770697126,"https://www.google.com/maps/search/?api=1&query=43.3243559,-79.8302929"
Anytime Fitness,leisure:fitness_centre,,,,,,43.335546,-79.904259,node,2801015832,https://www.openstreetmap.org/node/2801015832,"https://www.google.com/maps/search/?api=1&query=43.3355455,-79.9042587"
Anytime Fitness,leisure:fitness_centre,+1-905-796-6868,,,,,43.659998,-79.814404,node,4006774590,https://www.openstreetmap.org/node/4006774590,"https://www.google.com/maps/search/?api=1&query=43.6599979,-79.8144036"
Anytime Fitness,leisure:fitness_centre,,,,,,43.367251,-79.821114,node,6632465371,https://www.openstreetmap.org/node/6632465371,"https://www.google.com/maps/search/?api=1&query=43.3672511,-79.821114"
Anytime Fitness,leisure:fitness_centre,,5602,Tenth Line West,,,43.558195,-79.743328,node,7196235786,https://www.openstreetmap.org/node/7196235786,"https://www.google.com/maps/search/?api=1&query=43.5581951,-79.7433277"
Anytime Fitness,leisure:fitness_centre,,,,,,43.630380,-79.877123,node,10956928700,https://www.openstreetmap.org/node/10956928700,"https://www.google.com/maps/search/?api=1&query=43.6303803,-79.8771226"
Bao Institute,leisure:fitness_centre,,,,,,43.649705,-79.902573,node,10982416097,https://www.openstreetmap.org/node/10982416097,"https://www.google.com/maps/search/?api=1&query=43.6497052,-79.902573"
Crunch Fitness,leisure:fitness_centre,,,,,,43.320153,-79.914463,node,13683655326,https://www.openstreetmap.org/node/13683655326,"https://www.google.com/maps/search/?api=1&query=43.3201533,-79.9144632"
F45 Training,leisure:fitness_centre,,,,,,43.412067,-79.813508,node,7060654439,https://www.openstreetmap.org/node/7060654439,"https://www.google.com/maps/search/?api=1&query=43.4120666,-79.8135076"
F45 Training,leisure:fitness_centre,,,,,,43.358172,-79.780636,node,7061175377,https://www.openstreetmap.org/node/7061175377,"https://www.google.com/maps/search/?api=1&query=43.3581724,-79.7806357"
F45 Training,leisure:fitness_centre,,,,,,43.328219,-79.801943,node,7859165201,https://www.openstreetmap.org/node/7859165201,"https://www.google.com/maps/search/?api=1&query=43.3282187,-79.8019428"
Fit4Less,leisure:fitness_centre,,,,,,43.446351,-79.705190,node,1275021874,https://www.openstreetmap.org/node/1275021874,"https://www.google.com/maps/search/?api=1&query=43.4463511,-79.7051902"
Fit4Less,leisure:fitness_centre,,,,,,43.733149,-79.766329,node,1914199497,https://www.openstreetmap.org/node/1914199497,"https://www.google.com/maps/search/?api=1&query=43.7331492,-79.7663295"
Fit4Less,leisure:fitness_centre,,,,,,43.518323,-79.873419,node,2196044475,https://www.openstreetmap.org/node/2196044475,"https://www.google.com/maps/search/?api=1&query=43.518323,-79.8734186"
Fit4Less,leisure:fitness_centre,,,,,,43.664873,-79.736195,node,6566646152,https://www.openstreetmap.org/node/6566646152,"https://www.google.com/maps/search/?api=1&query=43.6648734,-79.7361953"
Fit4Less,leisure:fitness_centre,,,,,,43.355556,-79.784571,node,7061164029,https://www.openstreetmap.org/node/7061164029,"https://www.google.com/maps/search/?api=1&query=43.3555562,-79.7845711"
Flaman Fitness,leisure:fitness_centre,,,,,,43.353780,-79.785508,node,7061164021,https://www.openstreetmap.org/node/7061164021,"https://www.google.com/maps/search/?api=1&query=43.3537796,-79.785508"
GoodLife Fitness,leisure:fitness_centre,,,,,,43.696041,-79.771602,node,887581943,https://www.openstreetmap.org/node/887581943,"https://www.google.com/maps/search/?api=1&query=43.6960412,-79.7716017"
GoodLife Fitness,leisure:fitness_centre,,,,,,43.598003,-79.759184,node,1340668347,https://www.openstreetmap.org/node/1340668347,"https://www.google.com/maps/search/?api=1&query=43.5980031,-79.7591844"
GoodLife Fitness,leisure:fitness_centre,,,,,,43.715431,-79.723471,node,2231961892,https://www.openstreetmap.org/node/2231961892,"https://www.google.com/maps/search/?api=1&query=43.7154307,-79.7234707"
GoodLife Fitness,leisure:fitness_centre,,,,,,43.348791,-79.795370,node,3404668559,https://www.openstreetmap.org/node/3404668559,"https://www.google.com/maps/search/?api=1&query=43.3487909,-79.7953701"
GoodLife Fitness,leisure:fitness_centre,,,,,,43.582543,-79.758971,node,3410783673,https://www.openstreetmap.org/node/3410783673,"https://www.google.com/maps/search/?api=1&query=43.5825429,-79.7589711"
GoodLife Fitness,leisure:fitness_centre,,,,,,43.696558,-79.800812,node,6546851771,https://www.openstreetmap.org/node/6546851771,"https://www.google.com/maps/search/?api=1&query=43.6965582,-79.8008117"
GoodLife Fitness,leisure:fitness_centre,,,,,,43.666285,-79.735652,node,6566646149,https://www.openstreetmap.org/node/6566646149,"https://www.google.com/maps/search/?api=1&query=43.6662847,-79.7356522"
GoodLife Fitness,leisure:fitness_centre,,,,,,43.554794,-79.714368,node,12959932975,https://www.openstreetmap.org/node/12959932975,"https://www.google.com/maps/search/?api=1&query=43.5547943,-79.714368"
GoodLife Fitness for Women,leisure:fitness_centre,,,,,,43.413284,-79.705835,node,2796884269,https://www.openstreetmap.org/node/2796884269,"https://www.google.com/maps/search/?api=1&query=43.413284,-79.7058353"
GoodLife Fitness for Women,leisure:fitness_centre,,,,,,43.596109,-79.783680,node,3647854858,https://www.openstreetmap.org/node/3647854858,"https://www.google.com/maps/search/?api=1&query=43.596109,-79.7836803"
Gym On Plains,leisure:fitness_centre,,,,,,43.304124,-79.855319,node,9705780003,https://www.openstreetmap.org/node/9705780003,"https://www.google.com/maps/search/?api=1&query=43.3041241,-79.8553186"
Inspire Yoga,leisure:fitness_centre,,,,,,43.610245,-79.748404,node,1336836519,https://www.openstreetmap.org/node/1336836519,"https://www.google.com/maps/search/?api=1&query=43.610245,-79.748404"
LA Fitness,leisure:fitness_centre,,,,,,43.675948,-79.720911,node,2045094560,https://www.openstreetmap.org/node/2045094560,"https://www.google.com/maps/search/?api=1&query=43.6759479,-79.7209112"
LA Fitness,leisure:fitness_centre,,,,,,43.538110,-79.871810,node,2199853560,https://www.openstreetmap.org/node/2199853560,"https://www.google.com/maps/search/?api=1&query=43.5381101,-79.8718099"
Moksha Yoga,leisure:fitness_centre,,,,,,43.714625,-79.726665,node,5478886799,https://www.openstreetmap.org/node/5478886799,"https://www.google.com/maps/search/?api=1&query=43.7146255,-79.7266647"
Orangetheory Fitness,leisure:fitness_centre,,,,,,43.390403,-79.824526,node,7060850390,https://www.openstreetmap.org/node/7060850390,"https://www.google.com/maps/search/?api=1&query=43.3904032,-79.8245256"
Orangetheory Fitness,leisure:fitness_centre,,,,,,43.635424,-79.788935,node,12870918982,https://www.openstreetmap.org/node/12870918982,"https://www.google.com/maps/search/?api=1&query=43.6354236,-79.7889346"
Planet Fitness,leisure:fitness_centre,,3050,Davidson Court,Burlington,L7N 4X7,43.357358,-79.805785,node,1866788286,https://www.openstreetmap.org/node/1866788286,"https://www.google.com/maps/search/?api=1&query=43.3573576,-79.8057852"
Planet Fitness,leisure:fitness_centre,,,,,,43.680990,-79.718874,node,9777688118,https://www.openstreetmap.org/node/9777688118,"https://www.google.com/maps/search/?api=1&query=43.6809896,-79.7188744"
Power Yoga Canada,leisure:fitness_centre,,,,,,43.631527,-79.875589,node,10956928697,https://www.openstreetmap.org/node/10956928697,"https://www.google.com/maps/search/?api=1&query=43.6315269,-79.8755892"
TFK Womens Kickboxing,leisure:fitness_centre,,2201,Brant Street,Burlington,L7P 3N8,43.356931,-79.842463,node,2698208863,https://www.openstreetmap.org/node/2698208863,"https://www.google.com/maps/search/?api=1&query=43.3569311,-79.8424634"
The Fitness Firm,leisure:fitness_centre,,,,,,43.306405,-79.853783,node,9705821404,https://www.openstreetmap.org/node/9705821404,"https://www.google.com/maps/search/?api=1&query=43.3064053,-79.8537831"
The Gym on Pearl,leisure:fitness_centre,,,,,,43.326906,-79.795406,node,7776126115,https://www.openstreetmap.org/node/7776126115,"https://www.google.com/maps/search/?api=1&query=43.3269064,-79.7954057"
World Gym,leisure:fitness_centre,,,,,,43.523641,-79.706220,node,2180785215,https://www.openstreetmap.org/node/2180785215,"https://www.google.com/maps/search/?api=1&query=43.523641,-79.7062196"
Brampton Driving Range,leisure:golf_course,,,,,,43.690941,-79.805193,node,12691990327,https://www.openstreetmap.org/node/12691990327,"https://www.google.com/maps/search/?api=1&query=43.690941,-79.8051928"
Carlisle Golf and Country Club,leisure:golf_course,,,,,,43.414360,-79.970321,node,280108523,https://www.openstreetmap.org/node/280108523,"https://www.google.com/maps/search/?api=1&query=43.4143596,-79.9703206"
Golf Almighty,leisure:golf_course,,,,,,43.686581,-79.758454,node,13357964851,https://www.openstreetmap.org/node/13357964851,"https://www.google.com/maps/search/?api=1&query=43.6865808,-79.7584545"
Bad Axe Throwing,leisure:sports_centre,,,,,,43.344814,-79.799539,node,7061158686,https://www.openstreetmap.org/node/7061158686,"https://www.google.com/maps/search/?api=1&query=43.3448142,-79.7995391"
Centre Ice Training Academy,leisure:sports_centre,,,,,,43.375153,-79.761249,node,7060674445,https://www.openstreetmap.org/node/7060674445,"https://www.google.com/maps/search/?api=1&query=43.375153,-79.7612486"
Glen Abbey Recreation Centre,leisure:sports_centre,,,,,,43.436123,-79.738742,node,336189556,https://www.openstreetmap.org/node/336189556,"https://www.google.com/maps/search/?api=1&query=43.436123,-79.7387415"
Glen Eden,leisure:sports_centre,,,,,,43.505868,-79.943777,node,267943417,https://www.openstreetmap.org/node/267943417,"https://www.google.com/maps/search/?api=1&query=43.5058684,-79.9437772"
Haber Recreation Center,leisure:sports_centre,,3040,Tim Dobbie Drive,,,43.398458,-79.818927,node,10693783991,https://www.openstreetmap.org/node/10693783991,"https://www.google.com/maps/search/?api=1&query=43.398458,-79.8189269"
Kiwanas Youth Centre for Sports Excellence,leisure:sports_centre,,247,Mcmurchy Avenue South,,,43.667716,-79.749108,node,939907952,https://www.openstreetmap.org/node/939907952,"https://www.google.com/maps/search/?api=1&query=43.667716,-79.7491082"
Mademoiselle Women's Fitness and Day Spa,leisure:sports_centre,,,,,,43.589516,-79.742781,node,4016655597,https://www.openstreetmap.org/node/4016655597,"https://www.google.com/maps/search/?api=1&query=43.5895158,-79.7427811"
Meksha Yoga,leisure:sports_centre,,,,,,43.539545,-79.856433,node,1738462387,https://www.openstreetmap.org/node/1738462387,"https://www.google.com/maps/search/?api=1&query=43.5395446,-79.8564326"
Mount Chinguacousy Ski/Snowboard & Tube Hill,leisure:sports_centre,,,,,,43.727787,-79.724266,node,2633837368,https://www.openstreetmap.org/node/2633837368,"https://www.google.com/maps/search/?api=1&query=43.7277867,-79.7242659"
Mountainside Arena,leisure:sports_centre,,,,,,43.352946,-79.823541,node,7771257266,https://www.openstreetmap.org/node/7771257266,"https://www.google.com/maps/search/?api=1&query=43.3529461,-79.8235407"
North Shore Athletic Club,leisure:sports_centre,,1423,Grahams Lane,Burlington,L7S 1W4,43.333105,-79.812100,node,3445259284,https://www.openstreetmap.org/node/3445259284,"https://www.google.com/maps/search/?api=1&query=43.3331046,-79.8121"
Oakville Gymnastics,leisure:sports_centre,,,,,,43.435724,-79.737821,node,1768212129,https://www.openstreetmap.org/node/1768212129,"https://www.google.com/maps/search/?api=1&query=43.4357237,-79.7378207"
Oakville Hockey Academy,leisure:sports_centre,,1111,Speers Road,Oakville,L6L 2X5,43.430725,-79.705818,node,2600579381,https://www.openstreetmap.org/node/2600579381,"https://www.google.com/maps/search/?api=1&query=43.4307251,-79.7058183"
OOI's Taekwondo Fitness & Self Defense Centre,leisure:sports_centre,,,,,,43.582027,-79.715581,node,3459661436,https://www.openstreetmap.org/node/3459661436,"https://www.google.com/maps/search/?api=1&query=43.582027,-79.7155805"
Royal Martial Arts,leisure:sports_centre,,2163,Sixth Line,Oakville,,43.468835,-79.718535,node,2523877051,https://www.openstreetmap.org/node/2523877051,"https://www.google.com/maps/search/?api=1&query=43.4688352,-79.7185346"
Tansley Woods Pool,leisure:sports_centre,,,,,,43.381988,-79.800488,node,277489010,https://www.openstreetmap.org/node/277489010,"https://www.google.com/maps/search/?api=1&query=43.3819881,-79.800488"
WithinRange,leisure:sports_centre,,,,,,43.377769,-79.841379,node,3303334347,https://www.openstreetmap.org/node/3303334347,"https://www.google.com/maps/search/?api=1&query=43.3777691,-79.8413794"
Women's Fitness Clubs of Canada,leisure:sports_centre,,,,,,43.368419,-79.754511,node,3635875047,https://www.openstreetmap.org/node/3635875047,"https://www.google.com/maps/search/?api=1&query=43.3684187,-79.7545114"
Angela Coughlin Public Pool,leisure:swimming_pool,,,,,,43.363207,-79.825894,node,288061607,https://www.openstreetmap.org/node/288061607,"https://www.google.com/maps/search/?api=1&query=43.3632073,-79.8258942"
Burlington Centennial Pool,leisure:swimming_pool,,5151,New Street,,,43.372410,-79.749077,node,3997758981,https://www.openstreetmap.org/node/3997758981,"https://www.google.com/maps/search/?api=1&query=43.3724099,-79.7490775"
Glen Abbey Recreation Centre,leisure:swimming_pool,,,,,,43.435616,-79.738563,node,1768212126,https://www.openstreetmap.org/node/1768212126,"https://www.google.com/maps/search/?api=1&query=43.435616,-79.7385625"
Queen Elizabeth Pool,leisure:swimming_pool,,,,,,43.405144,-79.719392,node,493882076,https://www.openstreetmap.org/node/493882076,"https://www.google.com/maps/search/?api=1&query=43.4051444,-79.719392"
Aneja Professional Corporation,office:accountant,+1-905-564-9100,,,,,43.643027,-79.708233,node,3958936899,https://www.openstreetmap.org/node/3958936899,"https://www.google.com/maps/search/?api=1&query=43.6430271,-79.7082334"
"Dean C. Paley, Professional Corporation",office:accountant,,392,Martha Street,Burlington,L7R 2P7,43.327031,-79.793287,node,3693029841,https://www.openstreetmap.org/node/3693029841,"https://www.google.com/maps/search/?api=1&query=43.3270306,-79.7932874"
Eric Seidel & Associates Ltd.,office:accountant,,590,Brant Street,,,43.329030,-79.803291,node,7859154851,https://www.openstreetmap.org/node/7859154851,"https://www.google.com/maps/search/?api=1&query=43.32903,-79.8032906"
Fin Tactics,office:accountant,,,,,,43.513863,-79.883747,node,10934154614,https://www.openstreetmap.org/node/10934154614,"https://www.google.com/maps/search/?api=1&query=43.5138633,-79.8837474"
Grant Thorton,office:accountant,,,,,,43.391471,-79.823472,node,2415320043,https://www.openstreetmap.org/node/2415320043,"https://www.google.com/maps/search/?api=1&query=43.3914707,-79.8234724"
H and R Block,office:accountant,,,,,,43.488692,-79.717130,node,12893808618,https://www.openstreetmap.org/node/12893808618,"https://www.google.com/maps/search/?api=1&query=43.4886916,-79.7171296"
Tax Accounting & Bookkeeping,office:accountant,,,,,,43.514853,-79.884953,node,10934186099,https://www.openstreetmap.org/node/10934186099,"https://www.google.com/maps/search/?api=1&query=43.5148529,-79.8849534"
Turnbull & Thompson Chartered Accountants,office:accountant,,,,,,43.511581,-79.885020,node,2206928213,https://www.openstreetmap.org/node/2206928213,"https://www.google.com/maps/search/?api=1&query=43.5115806,-79.8850204"
Tushar J. Sidhar CPA,office:accountant,,,,,,43.657996,-79.724902,node,13093224937,https://www.openstreetmap.org/node/13093224937,"https://www.google.com/maps/search/?api=1&query=43.6579957,-79.7249024"
Verico Designer Mortgages,office:accountant,,,,,,43.375788,-79.792916,node,4443039373,https://www.openstreetmap.org/node/4443039373,"https://www.google.com/maps/search/?api=1&query=43.3757875,-79.7929163"
Brampton Board of Trade,office:association,,,,,,43.685463,-79.760164,node,2547727756,https://www.openstreetmap.org/node/2547727756,"https://www.google.com/maps/search/?api=1&query=43.6854629,-79.7601639"
Bronte BIA,office:association,,,,,,43.396660,-79.708983,node,9813319551,https://www.openstreetmap.org/node/9813319551,"https://www.google.com/maps/search/?api=1&query=43.3966602,-79.7089828"
FASM at the Mall,office:association,,,,,,43.518231,-79.874481,node,6628676242,https://www.openstreetmap.org/node/6628676242,"https://www.google.com/maps/search/?api=1&query=43.5182312,-79.8744814"
Halton Hive,office:association,,,,,,43.349666,-79.799697,node,7776190118,https://www.openstreetmap.org/node/7776190118,"https://www.google.com/maps/search/?api=1&query=43.3496665,-79.7996973"
Abbey Air,office:company,,,,,,43.432387,-79.714439,node,2815727384,https://www.openstreetmap.org/node/2815727384,"https://www.google.com/maps/search/?api=1&query=43.432387,-79.7144391"
Able Living,office:company,,,,,,43.307092,-79.853619,node,1355995276,https://www.openstreetmap.org/node/1355995276,"https://www.google.com/maps/search/?api=1&query=43.3070918,-79.8536189"
Accent Fairchild,office:company,,,,,,43.613017,-79.743974,node,11737926120,https://www.openstreetmap.org/node/11737926120,"https://www.google.com/maps/search/?api=1&query=43.6130174,-79.7439744"
AIC & Berkshire,office:company,,,,,,43.341426,-79.833737,node,276083736,https://www.openstreetmap.org/node/276083736,"https://www.google.com/maps/search/?api=1&query=43.341426,-79.8337366"
Amgen,office:company,,,,,,43.608846,-79.741837,node,1336883812,https://www.openstreetmap.org/node/1336883812,"https://www.google.com/maps/search/?api=1&query=43.608846,-79.741837"
Assante Wealth Management,office:company,,,,,,43.642988,-79.708164,node,3958936900,https://www.openstreetmap.org/node/3958936900,"https://www.google.com/maps/search/?api=1&query=43.6429878,-79.7081636"
Bespoke Dental Solutions,office:company,,384,Martha Street,Burlington,L7R 2P7,43.326886,-79.793086,node,3693026551,https://www.openstreetmap.org/node/3693026551,"https://www.google.com/maps/search/?api=1&query=43.3268862,-79.7930862"
Biovail,office:company,,,,,,43.609315,-79.754951,node,1336845116,https://www.openstreetmap.org/node/1336845116,"https://www.google.com/maps/search/?api=1&query=43.609315,-79.754951"
BM Garage Door,office:company,,,,,,43.650564,-79.914914,node,6535783981,https://www.openstreetmap.org/node/6535783981,"https://www.google.com/maps/search/?api=1&query=43.6505641,-79.9149142"
Boomerang FX,office:company,,,,,,43.610947,-79.739037,node,11737921702,https://www.openstreetmap.org/node/11737921702,"https://www.google.com/maps/search/?api=1&query=43.6109469,-79.7390368"
BSI,office:company,,,,,,43.367592,-79.800696,node,3787743401,https://www.openstreetmap.org/node/3787743401,"https://www.google.com/maps/search/?api=1&query=43.3675919,-79.8006955"
Buffalo,office:company,,7900,Hurontario Street,,,43.664201,-79.731566,node,13093235130,https://www.openstreetmap.org/node/13093235130,"https://www.google.com/maps/search/?api=1&query=43.6642015,-79.7315659"
Burnside,office:company,,,,,,43.613337,-79.744750,node,11737926119,https://www.openstreetmap.org/node/11737926119,"https://www.google.com/maps/search/?api=1&query=43.6133366,-79.7447503"
Cold Turkey Juice Labs,office:company,+1-905-631-0202,,,,,43.333017,-79.812205,node,7859126426,https://www.openstreetmap.org/node/7859126426,"https://www.google.com/maps/search/?api=1&query=43.3330168,-79.8122054"
Cosmos Concrete & Paving,office:company,,,,,,43.310356,-79.858752,node,11899119041,https://www.openstreetmap.org/node/11899119041,"https://www.google.com/maps/search/?api=1&query=43.3103561,-79.8587517"
Cyclone Manufacturing Inc.,office:company,+1-905-864-8020,,,,L9T 5H6,43.536610,-79.905689,node,5087396422,https://www.openstreetmap.org/node/5087396422,"https://www.google.com/maps/search/?api=1&query=43.5366101,-79.9056893"
Dan's Welding & Fabricating,office:company,,,,,,43.370908,-79.797170,node,3787743402,https://www.openstreetmap.org/node/3787743402,"https://www.google.com/maps/search/?api=1&query=43.3709075,-79.7971705"
DB Schenker,office:company,,,,,,43.678868,-79.708955,node,10955169590,https://www.openstreetmap.org/node/10955169590,"https://www.google.com/maps/search/?api=1&query=43.678868,-79.7089546"
DQ,office:company,,,,,,43.380972,-79.769856,node,2815773902,https://www.openstreetmap.org/node/2815773902,"https://www.google.com/maps/search/?api=1&query=43.3809716,-79.7698556"
DRT Products Inc.,office:company,,2434,New Street,,,43.337595,-79.785740,node,3609911919,https://www.openstreetmap.org/node/3609911919,"https://www.google.com/maps/search/?api=1&query=43.3375953,-79.7857396"
Dunnell Insurance,office:company,,,,,,43.359141,-79.808950,node,3787743403,https://www.openstreetmap.org/node/3787743403,"https://www.google.com/maps/search/?api=1&query=43.3591413,-79.8089496"
EADE Mortgages,office:company,,,,,,43.329605,-79.804070,node,7859133713,https://www.openstreetmap.org/node/7859133713,"https://www.google.com/maps/search/?api=1&query=43.3296046,-79.8040696"
element,office:company,,,,,,43.332722,-79.811437,node,7859126425,https://www.openstreetmap.org/node/7859126425,"https://www.google.com/maps/search/?api=1&query=43.3327217,-79.811437"
Elevate,office:company,,,,,,43.526774,-79.868986,node,10934589048,https://www.openstreetmap.org/node/10934589048,"https://www.google.com/maps/search/?api=1&query=43.526774,-79.8689864"
Emshih,office:company,,,,,,43.336430,-79.812863,node,3472277888,https://www.openstreetmap.org/node/3472277888,"https://www.google.com/maps/search/?api=1&query=43.3364305,-79.8128626"
Esta Design,office:company,,,,,,43.375907,-79.792804,node,4443039366,https://www.openstreetmap.org/node/4443039366,"https://www.google.com/maps/search/?api=1&query=43.375907,-79.792804"
Etratech Inc.,office:company,,,,,,43.309677,-79.853375,node,7277931571,https://www.openstreetmap.org/node/7277931571,"https://www.google.com/maps/search/?api=1&query=43.3096771,-79.853375"
G Landscape + Design,office:company,,,,,,43.330070,-79.803137,node,7859157803,https://www.openstreetmap.org/node/7859157803,"https://www.google.com/maps/search/?api=1&query=43.3300695,-79.8031368"
GE,office:company,,1919,Minnesota Court,,,43.605223,-79.742521,node,8404746765,https://www.openstreetmap.org/node/8404746765,"https://www.google.com/maps/search/?api=1&query=43.6052227,-79.7425215"
Greenpark Presentation Center,office:company,,,,,,43.465901,-79.746170,node,4868553927,https://www.openstreetmap.org/node/4868553927,"https://www.google.com/maps/search/?api=1&query=43.4659012,-79.7461698"
Hasty Market Head Office,office:company,,,,,,43.435113,-79.711727,node,2815731860,https://www.openstreetmap.org/node/2815731860,"https://www.google.com/maps/search/?api=1&query=43.4351129,-79.7117269"
HCL Canada Inc,office:company,,7125,Mississauga Road,,"L5N 0C3,",43.610957,-79.752439,node,10228355766,https://www.openstreetmap.org/node/10228355766,"https://www.google.com/maps/search/?api=1&query=43.6109569,-79.7524386"
HollisWealth,office:company,,,,,,43.331793,-79.806145,node,7859131259,https://www.openstreetmap.org/node/7859131259,"https://www.google.com/maps/search/?api=1&query=43.3317933,-79.8061453"
Hood Packaging Corporation,office:company,,,,,,43.348043,-79.799338,node,3179953765,https://www.openstreetmap.org/node/3179953765,"https://www.google.com/maps/search/?api=1&query=43.3480427,-79.7993383"
IS2 Workforce Solutions,office:company,,,,,,43.659497,-79.725104,node,9008433422,https://www.openstreetmap.org/node/9008433422,"https://www.google.com/maps/search/?api=1&query=43.6594972,-79.7251038"
JBS Services,office:company,,,,,,43.704646,-79.724950,node,7857729185,https://www.openstreetmap.org/node/7857729185,"https://www.google.com/maps/search/?api=1&query=43.7046457,-79.7249498"
JMD Corporation,office:company,,,,,,43.650743,-79.701609,node,11737936774,https://www.openstreetmap.org/node/11737936774,"https://www.google.com/maps/search/?api=1&query=43.650743,-79.701609"
Liburdi Automation Inc,office:company,,,,,,43.308312,-79.913669,node,11609357456,https://www.openstreetmap.org/node/11609357456,"https://www.google.com/maps/search/?api=1&query=43.3083125,-79.9136688"
Liburdi Turbine Services Inc,office:company,,,,,,43.309525,-79.912471,node,11609352554,https://www.openstreetmap.org/node/11609352554,"https://www.google.com/maps/search/?api=1&query=43.3095251,-79.9124709"
Mall Administration Office,office:company,,,,,,43.666809,-79.740096,node,6566641281,https://www.openstreetmap.org/node/6566641281,"https://www.google.com/maps/search/?api=1&query=43.6668086,-79.7400963"
Message Therapy,office:company,,,,,,43.376098,-79.792646,node,4443039367,https://www.openstreetmap.org/node/4443039367,"https://www.google.com/maps/search/?api=1&query=43.3760975,-79.7926455"
Metro Fence & Fittings Ltd.,office:company,,,,,,43.681752,-79.718255,node,9777691154,https://www.openstreetmap.org/node/9777691154,"https://www.google.com/maps/search/?api=1&query=43.6817517,-79.7182551"
Miele,office:company,,,,,,43.679766,-79.709268,node,10955169591,https://www.openstreetmap.org/node/10955169591,"https://www.google.com/maps/search/?api=1&query=43.679766,-79.7092679"
Millfield Developments/Gladius Group,office:company,,,,,,43.658664,-79.722247,node,13093256744,https://www.openstreetmap.org/node/13093256744,"https://www.google.com/maps/search/?api=1&query=43.6586641,-79.7222468"
Mr. Bernstein Diet & Health Clinics,office:company,,2000,Appleby Line,,,43.393364,-79.791486,node,4684460979,https://www.openstreetmap.org/node/4684460979,"https://www.google.com/maps/search/?api=1&query=43.3933636,-79.7914857"
Neatt,office:company,,,,,,43.524982,-79.870855,node,10934763949,https://www.openstreetmap.org/node/10934763949,"https://www.google.com/maps/search/?api=1&query=43.5249817,-79.8708552"
NLYTN,office:company,,,,,,43.666422,-79.732055,node,9777798109,https://www.openstreetmap.org/node/9777798109,"https://www.google.com/maps/search/?api=1&query=43.6664224,-79.7320547"
Osteopathy,office:company,,,,,,43.375860,-79.792857,node,4443039369,https://www.openstreetmap.org/node/4443039369,"https://www.google.com/maps/search/?api=1&query=43.3758596,-79.7928573"
Physiotherapy & Reiki,office:company,,,,,,43.376157,-79.792586,node,4443039370,https://www.openstreetmap.org/node/4443039370,"https://www.google.com/maps/search/?api=1&query=43.3761573,-79.7925855"
Portland Holdings Inc./L3 Wescam,office:company,,1375,Kerns Road,Burlington,,43.340363,-79.836243,node,4276275076,https://www.openstreetmap.org/node/4276275076,"https://www.google.com/maps/search/?api=1&query=43.3403627,-79.8362428"
PostNet,office:company,,,,,,43.659515,-79.725302,node,5695523860,https://www.openstreetmap.org/node/5695523860,"https://www.google.com/maps/search/?api=1&query=43.6595153,-79.7253024"
Pulis Investment Group,office:company,,,,,,43.686916,-79.761644,node,4279009489,https://www.openstreetmap.org/node/4279009489,"https://www.google.com/maps/search/?api=1&query=43.6869163,-79.7616437"
QBD.com,office:company,,,,,,43.682560,-79.716088,node,9777687873,https://www.openstreetmap.org/node/9777687873,"https://www.google.com/maps/search/?api=1&query=43.6825596,-79.716088"
Regus,office:company,,,,,,43.663134,-79.728221,node,9777834459,https://www.openstreetmap.org/node/9777834459,"https://www.google.com/maps/search/?api=1&query=43.6631337,-79.7282214"
Rogers Cybersecure Catalyst,office:company,,,,,,43.686899,-79.761603,node,12569670175,https://www.openstreetmap.org/node/12569670175,"https://www.google.com/maps/search/?api=1&query=43.6868989,-79.7616029"
Seradex,office:company,,,,,,43.372237,-79.797014,node,12695120331,https://www.openstreetmap.org/node/12695120331,"https://www.google.com/maps/search/?api=1&query=43.3722374,-79.7970143"
She’s Got Leggz Inc.,office:company,,,,,,43.332345,-79.812966,node,7859115700,https://www.openstreetmap.org/node/7859115700,"https://www.google.com/maps/search/?api=1&query=43.3323446,-79.8129663"
SK Global Traders Ltd.,office:company,,,,,,43.692116,-79.705558,node,10876366106,https://www.openstreetmap.org/node/10876366106,"https://www.google.com/maps/search/?api=1&query=43.6921158,-79.7055583"
TD Insurance,office:company,,,,,,43.380972,-79.769777,node,2815773903,https://www.openstreetmap.org/node/2815773903,"https://www.google.com/maps/search/?api=1&query=43.3809716,-79.7697774"
The Bay Westgroup Inc.,office:company,,,,,,43.328769,-79.802791,node,7859151876,https://www.openstreetmap.org/node/7859151876,"https://www.google.com/maps/search/?api=1&query=43.3287688,-79.8027906"
The Brampton Concert Band Jazz Mechanics,office:company,,,,,,43.687062,-79.758339,node,887677183,https://www.openstreetmap.org/node/887677183,"https://www.google.com/maps/search/?api=1&query=43.6870619,-79.758339"
The Gardener Lanscaping,office:company,,,,,,43.376030,-79.792700,node,4443039372,https://www.openstreetmap.org/node/4443039372,"https://www.google.com/maps/search/?api=1&query=43.3760301,-79.7927003"
Truckline Diesel Centre,office:company,,,,,,43.692279,-79.705265,node,11984274686,https://www.openstreetmap.org/node/11984274686,"https://www.google.com/maps/search/?api=1&query=43.6922793,-79.7052646"
Unica,office:company,,,,,,43.646742,-79.712044,node,10078622573,https://www.openstreetmap.org/node/10078622573,"https://www.google.com/maps/search/?api=1&query=43.6467418,-79.7120444"
United Way Milton offices,office:company,,,,,,43.521870,-79.896059,node,2197832014,https://www.openstreetmap.org/node/2197832014,"https://www.google.com/maps/search/?api=1&query=43.5218705,-79.8960587"
Viziva,office:company,,,,,,43.315273,-79.913153,node,4360528236,https://www.openstreetmap.org/node/4360528236,"https://www.google.com/maps/search/?api=1&query=43.315273,-79.9131534"
Watson & Associates,office:company,,,,,,43.598845,-79.741661,node,6522349667,https://www.openstreetmap.org/node/6522349667,"https://www.google.com/maps/search/?api=1&query=43.5988447,-79.741661"
Weishaupt,office:company,,,,,,43.599518,-79.780764,node,12869491693,https://www.openstreetmap.org/node/12869491693,"https://www.google.com/maps/search/?api=1&query=43.5995181,-79.7807642"
Worldwide Security Ltd.,office:company,,,,,,43.530938,-79.717199,node,6612990364,https://www.openstreetmap.org/node/6612990364,"https://www.google.com/maps/search/?api=1&query=43.5309384,-79.7171992"
yf,office:company,,,,,,43.618071,-79.775936,node,1344459232,https://www.openstreetmap.org/node/1344459232,"https://www.google.com/maps/search/?api=1&query=43.618071,-79.775936"
YIS Financial Inc,office:company,,,,,,43.367466,-79.752746,node,3997759008,https://www.openstreetmap.org/node/3997759008,"https://www.google.com/maps/search/?api=1&query=43.3674659,-79.7527462"
MindShare WorkSpace,office:coworking,,5100,Erin Mills Parkway,,,43.558648,-79.710924,node,6556403973,https://www.openstreetmap.org/node/6556403973,"https://www.google.com/maps/search/?api=1&query=43.5586478,-79.7109242"
ABC ESL Canada,office:educational_institution,,,,,,43.577205,-79.756793,node,4864177622,https://www.openstreetmap.org/node/4864177622,"https://www.google.com/maps/search/?api=1&query=43.5772054,-79.7567933"
Academy for Math and English,office:educational_institution,,1155,Maple Avenue,Milton,,43.538259,-79.870733,node,5921580555,https://www.openstreetmap.org/node/5921580555,"https://www.google.com/maps/search/?api=1&query=43.5382592,-79.8707334"
Anderson College,office:educational_institution,,,,,,43.666513,-79.739850,node,6566641278,https://www.openstreetmap.org/node/6566641278,"https://www.google.com/maps/search/?api=1&query=43.6665129,-79.7398503"
Bhangra Academy,office:educational_institution,,,,,,43.686851,-79.807100,node,6546870686,https://www.openstreetmap.org/node/6546870686,"https://www.google.com/maps/search/?api=1&query=43.6868514,-79.8071001"
Doon Academy,office:educational_institution,,,,,,43.717951,-79.742814,node,6547928863,https://www.openstreetmap.org/node/6547928863,"https://www.google.com/maps/search/?api=1&query=43.717951,-79.7428136"
ICAN Education,office:educational_institution,,,,,,43.378148,-79.805641,node,4089317887,https://www.openstreetmap.org/node/4089317887,"https://www.google.com/maps/search/?api=1&query=43.3781477,-79.8056413"
Lidya Learning Centre,office:educational_institution,,,,,,43.675703,-79.822170,node,7141388473,https://www.openstreetmap.org/node/7141388473,"https://www.google.com/maps/search/?api=1&query=43.6757029,-79.82217"
Silver Creek Outdoor Education Centre DPCDSB,office:educational_institution,,,,,,43.692338,-79.968127,node,7888535831,https://www.openstreetmap.org/node/7888535831,"https://www.google.com/maps/search/?api=1&query=43.6923376,-79.9681272"
TriOS College,office:educational_institution,,,,,,43.697265,-79.748459,node,934384592,https://www.openstreetmap.org/node/934384592,"https://www.google.com/maps/search/?api=1&query=43.6972645,-79.7484591"
UCMAS: Abacus Mental Math Program,office:educational_institution,,,,,,43.676516,-79.822936,node,7141388461,https://www.openstreetmap.org/node/7141388461,"https://www.google.com/maps/search/?api=1&query=43.6765156,-79.822936"
Appleone Employment,office:employment_agency,,,,,,43.588989,-79.739802,node,4016653678,https://www.openstreetmap.org/node/4016653678,"https://www.google.com/maps/search/?api=1&query=43.5889891,-79.7398017"
AppleOne Employment,office:employment_agency,,,,,,43.339251,-79.817844,node,2951560083,https://www.openstreetmap.org/node/2951560083,"https://www.google.com/maps/search/?api=1&query=43.3392514,-79.8178439"
Costi Employment Services,office:employment_agency,+1-905-567-0482,,,,,43.582796,-79.765000,node,3440055621,https://www.openstreetmap.org/node/3440055621,"https://www.google.com/maps/search/?api=1&query=43.5827957,-79.7649997"
Employment Centre,office:employment_agency,,,,,,43.681565,-79.717114,node,9777691522,https://www.openstreetmap.org/node/9777691522,"https://www.google.com/maps/search/?api=1&query=43.6815646,-79.7171141"
Employment Ontario,office:employment_agency,,134,Main Street North,,,43.687993,-79.762486,node,12691951157,https://www.openstreetmap.org/node/12691951157,"https://www.google.com/maps/search/?api=1&query=43.6879928,-79.7624856"
Goldline Staffing,office:employment_agency,,,,,,43.725805,-79.715208,node,6547874084,https://www.openstreetmap.org/node/6547874084,"https://www.google.com/maps/search/?api=1&query=43.7258053,-79.7152083"
Goodwill Career & Donation Centre,office:employment_agency,,,,,,43.485256,-79.714000,node,3390523835,https://www.openstreetmap.org/node/3390523835,"https://www.google.com/maps/search/?api=1&query=43.4852557,-79.714"
Randstad,office:employment_agency,,,,,,43.368534,-79.791998,node,7196259680,https://www.openstreetmap.org/node/7196259680,"https://www.google.com/maps/search/?api=1&query=43.3685342,-79.791998"
Advantage Plus Realty Corporation,office:estate_agent,,67,Bronte Road,Oakville,,43.394089,-79.710448,node,385027423,https://www.openstreetmap.org/node/385027423,"https://www.google.com/maps/search/?api=1&query=43.3940888,-79.710448"
Amica Credit Mills Presentation Centre,office:estate_agent,,5100,Erin Mills Parkway,,,43.557493,-79.711815,node,6556571724,https://www.openstreetmap.org/node/6556571724,"https://www.google.com/maps/search/?api=1&query=43.5574927,-79.7118145"
ARGO Development Corporation,office:estate_agent,,4900,Palladium Way,Burlington,L7M 0W7,43.411372,-79.815349,node,7539413883,https://www.openstreetmap.org/node/7539413883,"https://www.google.com/maps/search/?api=1&query=43.4113715,-79.8153492"
Bungalow Finder,office:estate_agent,,,,,,43.580028,-79.714176,node,9032706228,https://www.openstreetmap.org/node/9032706228,"https://www.google.com/maps/search/?api=1&query=43.5800282,-79.7141758"
Coldwell Banker,office:estate_agent,+1 647 497 7777,5618,Tenth Line West,,,43.559117,-79.742574,node,10979707716,https://www.openstreetmap.org/node/10979707716,"https://www.google.com/maps/search/?api=1&query=43.5591165,-79.7425735"
Exit Realty Hare (Peel),office:estate_agent,,,,,,43.691074,-79.754845,node,13357916417,https://www.openstreetmap.org/node/13357916417,"https://www.google.com/maps/search/?api=1&query=43.6910741,-79.7548446"
Finax Real Estate Accountant,office:estate_agent,,,,,,43.663620,-79.730877,node,13093246279,https://www.openstreetmap.org/node/13093246279,"https://www.google.com/maps/search/?api=1&query=43.6636199,-79.7308768"
HomeLife,office:estate_agent,,,,,,43.688037,-79.805991,node,6546837477,https://www.openstreetmap.org/node/6546837477,"https://www.google.com/maps/search/?api=1&query=43.6880365,-79.8059911"
iPro Realty,office:estate_agent,,,,,,43.517549,-79.874965,node,6628676224,https://www.openstreetmap.org/node/6628676224,"https://www.google.com/maps/search/?api=1&query=43.5175487,-79.8749652"
Meadowtowne Realty,office:estate_agent,,,,,,43.649037,-79.899472,node,6533178874,https://www.openstreetmap.org/node/6533178874,"https://www.google.com/maps/search/?api=1&query=43.6490367,-79.8994718"
Nautique,office:estate_agent,,,,,,43.325140,-79.796749,node,7859131278,https://www.openstreetmap.org/node/7859131278,"https://www.google.com/maps/search/?api=1&query=43.3251398,-79.7967486"
RE/MAX,office:estate_agent,,,,,,43.727542,-79.796896,node,1870128309,https://www.openstreetmap.org/node/1870128309,"https://www.google.com/maps/search/?api=1&query=43.7275422,-79.7968959"
RE/MAX,office:estate_agent,,,,,,43.723885,-79.717352,node,3599545629,https://www.openstreetmap.org/node/3599545629,"https://www.google.com/maps/search/?api=1&query=43.7238854,-79.7173519"
RE/MAX,office:estate_agent,+1-905-795-1900,,,,,43.639063,-79.716217,node,3959799490,https://www.openstreetmap.org/node/3959799490,"https://www.google.com/maps/search/?api=1&query=43.6390625,-79.7162172"
RE/MAX,office:estate_agent,,,,,,43.665167,-79.736495,node,6566646163,https://www.openstreetmap.org/node/6566646163,"https://www.google.com/maps/search/?api=1&query=43.6651671,-79.7364946"
RE/MAX,office:estate_agent,,,,,,43.341047,-79.884327,node,7188542040,https://www.openstreetmap.org/node/7188542040,"https://www.google.com/maps/search/?api=1&query=43.3410468,-79.8843265"
RE/MAX,office:estate_agent,,,,,,43.662847,-79.727986,node,12691954421,https://www.openstreetmap.org/node/12691954421,"https://www.google.com/maps/search/?api=1&query=43.6628474,-79.7279863"
Right at Home Realty Inc.,office:estate_agent,,,,,,43.336415,-79.814538,node,2953401457,https://www.openstreetmap.org/node/2953401457,"https://www.google.com/maps/search/?api=1&query=43.336415,-79.8145375"
Royal LePage,office:estate_agent,,,,,,43.609898,-79.748354,node,1336836979,https://www.openstreetmap.org/node/1336836979,"https://www.google.com/maps/search/?api=1&query=43.6098983,-79.7483544"
Royal LePage,office:estate_agent,,,,,,43.648618,-79.889945,node,6535774120,https://www.openstreetmap.org/node/6535774120,"https://www.google.com/maps/search/?api=1&query=43.648618,-79.8899455"
Royal LePage,office:estate_agent,,,,,,43.707210,-79.787805,node,6546951260,https://www.openstreetmap.org/node/6546951260,"https://www.google.com/maps/search/?api=1&query=43.7072101,-79.787805"
Royal LePage,office:estate_agent,,,,,,43.558149,-79.706431,node,12654081412,https://www.openstreetmap.org/node/12654081412,"https://www.google.com/maps/search/?api=1&query=43.5581488,-79.7064311"
Silsells - Royal Lepage,office:estate_agent,,,,,,43.630719,-79.900188,node,7129265640,https://www.openstreetmap.org/node/7129265640,"https://www.google.com/maps/search/?api=1&query=43.6307186,-79.9001881"
Square Seven,office:estate_agent,,,,,,43.394189,-79.707795,node,9813249089,https://www.openstreetmap.org/node/9813249089,"https://www.google.com/maps/search/?api=1&query=43.3941886,-79.7077954"
Sutton,office:estate_agent,,,,,,43.704125,-79.786475,node,10746777048,https://www.openstreetmap.org/node/10746777048,"https://www.google.com/maps/search/?api=1&query=43.7041253,-79.7864746"
Avon Financial,office:financial,,,,,,43.687661,-79.805455,node,6546837461,https://www.openstreetmap.org/node/6546837461,"https://www.google.com/maps/search/?api=1&query=43.6876612,-79.8054546"
Barbra Brady Financial Planning,office:financial,,388,Martha Street,Burlington,L7R 2P7,43.326959,-79.793184,node,3693034048,https://www.openstreetmap.org/node/3693034048,"https://www.google.com/maps/search/?api=1&query=43.3269594,-79.7931841"
CIBC Wood Gundy,office:financial,,,,,,43.352951,-79.798805,node,4486121702,https://www.openstreetmap.org/node/4486121702,"https://www.google.com/maps/search/?api=1&query=43.3529507,-79.7988054"
Fairstone Financial,office:financial,,,,,,43.691357,-79.754658,node,887605341,https://www.openstreetmap.org/node/887605341,"https://www.google.com/maps/search/?api=1&query=43.6913566,-79.754658"
Fairstone Financial,office:financial,,,,,,43.713904,-79.746566,node,6547925937,https://www.openstreetmap.org/node/6547925937,"https://www.google.com/maps/search/?api=1&query=43.713904,-79.7465661"
Meta Mortage,office:financial,,,,,,43.326460,-79.795017,node,13612052643,https://www.openstreetmap.org/node/13612052643,"https://www.google.com/maps/search/?api=1&query=43.3264604,-79.7950171"
Northwood Mortgage,office:financial,,,,,,43.707266,-79.787875,node,6546951258,https://www.openstreetmap.org/node/6546951258,"https://www.google.com/maps/search/?api=1&query=43.7072663,-79.7878754"
The Mortgage Centre,office:financial,,,,,,43.715205,-79.722858,node,6663083629,https://www.openstreetmap.org/node/6663083629,"https://www.google.com/maps/search/?api=1&query=43.7152051,-79.7228578"
Zoom Mortgage,office:financial,,,,,,43.412487,-79.705907,node,6647448508,https://www.openstreetmap.org/node/6647448508,"https://www.google.com/maps/search/?api=1&query=43.4124867,-79.705907"
Edward Jones,office:financial_advisor,,,,,,43.726434,-79.813961,node,1913557899,https://www.openstreetmap.org/node/1913557899,"https://www.google.com/maps/search/?api=1&query=43.726434,-79.8139614"
Edward Jones,office:financial_advisor,,,,,,43.582004,-79.715717,node,3459661431,https://www.openstreetmap.org/node/3459661431,"https://www.google.com/maps/search/?api=1&query=43.5820042,-79.715717"
Edward Jones,office:financial_advisor,,,,,,43.681902,-79.815938,node,6546847852,https://www.openstreetmap.org/node/6546847852,"https://www.google.com/maps/search/?api=1&query=43.6819024,-79.815938"
Edward Jones,office:financial_advisor,,,,,,43.666477,-79.740581,node,6566683285,https://www.openstreetmap.org/node/6566683285,"https://www.google.com/maps/search/?api=1&query=43.666477,-79.7405812"
Edward Jones,office:financial_advisor,,,,,,43.389953,-79.823881,node,7060846684,https://www.openstreetmap.org/node/7060846684,"https://www.google.com/maps/search/?api=1&query=43.3899526,-79.8238811"
Edward Jones,office:financial_advisor,,,,,,43.367237,-79.827308,node,7061058094,https://www.openstreetmap.org/node/7061058094,"https://www.google.com/maps/search/?api=1&query=43.3672374,-79.8273079"
Edward Jones,office:financial_advisor,,,,,,43.650770,-79.900896,node,10982436523,https://www.openstreetmap.org/node/10982436523,"https://www.google.com/maps/search/?api=1&query=43.65077,-79.9008964"
Neo Financial,office:financial_advisor,,,,,,43.666099,-79.738704,node,13859313383,https://www.openstreetmap.org/node/13859313383,"https://www.google.com/maps/search/?api=1&query=43.6660993,-79.7387041"
RBC Dominion Securities,office:financial_advisor,,,,,,43.685164,-79.761317,node,378461016,https://www.openstreetmap.org/node/378461016,"https://www.google.com/maps/search/?api=1&query=43.6851644,-79.7613174"
RBC Dominion Securities,office:financial_advisor,,,,,,43.517677,-79.874565,node,6628654177,https://www.openstreetmap.org/node/6628654177,"https://www.google.com/maps/search/?api=1&query=43.517677,-79.8745648"
Scotia Wealth Management,office:financial_advisor,,,,,,43.686966,-79.761563,node,715944332,https://www.openstreetmap.org/node/715944332,"https://www.google.com/maps/search/?api=1&query=43.6869658,-79.7615627"
"Amarjot Sandhu, MPP Brampton West",office:government,,,,,,43.703445,-79.784869,node,6546952095,https://www.openstreetmap.org/node/6546952095,"https://www.google.com/maps/search/?api=1&query=43.7034451,-79.7848687"
Brampton Safe City,office:government,,,,,,43.685442,-79.761177,node,378471598,https://www.openstreetmap.org/node/378471598,"https://www.google.com/maps/search/?api=1&query=43.6854415,-79.7611771"
Charmaine Williams MPP,office:government,,,,,,43.713892,-79.746425,node,11967814832,https://www.openstreetmap.org/node/11967814832,"https://www.google.com/maps/search/?api=1&query=43.7138922,-79.7464252"
Driver Improvement Interviews,office:government,,,,,,43.484702,-79.714336,node,3412091318,https://www.openstreetmap.org/node/3412091318,"https://www.google.com/maps/search/?api=1&query=43.4847017,-79.7143355"
DriveTest,office:government,,1250,Brant Street,Burlington,,43.342619,-79.828296,node,1867488119,https://www.openstreetmap.org/node/1867488119,"https://www.google.com/maps/search/?api=1&query=43.3426187,-79.8282963"
Immigration Services,office:government,,,,,,43.681289,-79.805247,node,3303286930,https://www.openstreetmap.org/node/3303286930,"https://www.google.com/maps/search/?api=1&query=43.6812888,-79.8052475"
Ministry of the Solicitor General & Correctional Services,office:government,,,,,,43.523645,-79.872783,node,3445107577,https://www.openstreetmap.org/node/3445107577,"https://www.google.com/maps/search/?api=1&query=43.5236446,-79.872783"
Ontario Early Years Centre,office:government,,,,,,43.582008,-79.715667,node,3459661438,https://www.openstreetmap.org/node/3459661438,"https://www.google.com/maps/search/?api=1&query=43.582008,-79.7156671"
Passport Office,office:government,,40,Gillingham Drive,,,43.702533,-79.786655,node,5441888142,https://www.openstreetmap.org/node/5441888142,"https://www.google.com/maps/search/?api=1&query=43.7025333,-79.786655"
Region of Peel,office:government,,,,,,43.647473,-79.709002,node,5695563984,https://www.openstreetmap.org/node/5695563984,"https://www.google.com/maps/search/?api=1&query=43.6474732,-79.7090023"
Regional Municipality of Halton,office:government,,1151,Bronte Road,,,43.414200,-79.744609,node,6660440089,https://www.openstreetmap.org/node/6660440089,"https://www.google.com/maps/search/?api=1&query=43.4142005,-79.7446093"
Regional Municipality of Halton,office:government,,,,,,43.414275,-79.744487,node,6660450585,https://www.openstreetmap.org/node/6660450585,"https://www.google.com/maps/search/?api=1&query=43.4142754,-79.7444868"
Service Canada,office:government,,60,Gillingham Drive,,,43.704011,-79.786426,node,3644735641,https://www.openstreetmap.org/node/3644735641,"https://www.google.com/maps/search/?api=1&query=43.704011,-79.7864259"
Service Canada,office:government,,676,Appleby Line,,,43.371445,-79.762102,node,5441888140,https://www.openstreetmap.org/node/5441888140,"https://www.google.com/maps/search/?api=1&query=43.3714454,-79.7621019"
Service Canada,office:government,,232,Guelph Street,,,43.649923,-79.902158,node,5441888141,https://www.openstreetmap.org/node/5441888141,"https://www.google.com/maps/search/?api=1&query=43.6499225,-79.9021576"
Service Ontario,office:government,,197,Main Street East,Milton,,43.512894,-79.883597,node,2206737045,https://www.openstreetmap.org/node/2206737045,"https://www.google.com/maps/search/?api=1&query=43.512894,-79.8835972"
Service Ontario,office:government,,,,,,43.449110,-79.702766,node,3303223260,https://www.openstreetmap.org/node/3303223260,"https://www.google.com/maps/search/?api=1&query=43.4491104,-79.7027662"
Service Ontario,office:government,,,,,,43.594283,-79.730051,node,3458643219,https://www.openstreetmap.org/node/3458643219,"https://www.google.com/maps/search/?api=1&query=43.5942834,-79.7300512"
Service Ontario,office:government,,,,,,43.532055,-79.909618,node,4088621284,https://www.openstreetmap.org/node/4088621284,"https://www.google.com/maps/search/?api=1&query=43.5320555,-79.9096183"
Service Ontario,office:government,,,,,,43.357401,-79.783239,node,7061175367,https://www.openstreetmap.org/node/7061175367,"https://www.google.com/maps/search/?api=1&query=43.3574013,-79.7832387"
Service Ontario,office:government,,,,,,43.343778,-79.828789,node,7061727762,https://www.openstreetmap.org/node/7061727762,"https://www.google.com/maps/search/?api=1&query=43.3437783,-79.8287889"
Service Ontario,office:government,,,,,,43.675854,-79.768737,node,7195548289,https://www.openstreetmap.org/node/7195548289,"https://www.google.com/maps/search/?api=1&query=43.6758537,-79.7687371"
Service Ontario,office:government,,,,,,43.329534,-79.898592,node,7196261768,https://www.openstreetmap.org/node/7196261768,"https://www.google.com/maps/search/?api=1&query=43.3295337,-79.8985924"
All Risks Insurance,office:insurance,,,,,,43.539622,-79.856645,node,1738462378,https://www.openstreetmap.org/node/1738462378,"https://www.google.com/maps/search/?api=1&query=43.5396224,-79.8566445"
All-Risks Insurance,office:insurance,+1-905-812-7223,,,,,43.591432,-79.741425,node,4016653677,https://www.openstreetmap.org/node/4016653677,"https://www.google.com/maps/search/?api=1&query=43.5914319,-79.7414249"
All-Risks Insurance,office:insurance,,,,,,43.375823,-79.792888,node,4443039365,https://www.openstreetmap.org/node/4443039365,"https://www.google.com/maps/search/?api=1&query=43.3758226,-79.7928881"
Allstate,office:insurance,,,,,,43.730201,-79.765064,node,1914199438,https://www.openstreetmap.org/node/1914199438,"https://www.google.com/maps/search/?api=1&query=43.7302006,-79.7650643"
Allstate,office:insurance,,,,,,43.539661,-79.857062,node,2866854159,https://www.openstreetmap.org/node/2866854159,"https://www.google.com/maps/search/?api=1&query=43.5396612,-79.8570618"
Allstate,office:insurance,,,,,,43.318164,-79.909973,node,4360258626,https://www.openstreetmap.org/node/4360258626,"https://www.google.com/maps/search/?api=1&query=43.3181644,-79.9099732"
Allstate,office:insurance,,,,,,43.369438,-79.753812,node,7060682355,https://www.openstreetmap.org/node/7060682355,"https://www.google.com/maps/search/?api=1&query=43.3694377,-79.7538122"
Big Insurance,office:insurance,,,,,,43.663137,-79.731610,node,13093246266,https://www.openstreetmap.org/node/13093246266,"https://www.google.com/maps/search/?api=1&query=43.6631375,-79.7316103"
CCV Insurance & Financial Services,office:insurance,,,,,,43.685492,-79.760704,node,12569743766,https://www.openstreetmap.org/node/12569743766,"https://www.google.com/maps/search/?api=1&query=43.6854921,-79.7607038"
Co-operators,office:insurance,,,,,,43.582767,-79.765046,node,12869489612,https://www.openstreetmap.org/node/12869489612,"https://www.google.com/maps/search/?api=1&query=43.5827667,-79.7650463"
David H. Coons Insurance,office:insurance,,574,Brant Street,,,43.328864,-79.802917,node,7859151877,https://www.openstreetmap.org/node/7859151877,"https://www.google.com/maps/search/?api=1&query=43.3288643,-79.8029173"
Desjardins Insurance,office:insurance,,,,,,43.519150,-79.877058,node,2205280079,https://www.openstreetmap.org/node/2205280079,"https://www.google.com/maps/search/?api=1&query=43.5191498,-79.8770584"
Desjardins Insurance,office:insurance,,,,,,43.650663,-79.900900,node,10982436525,https://www.openstreetmap.org/node/10982436525,"https://www.google.com/maps/search/?api=1&query=43.6506626,-79.9009002"
Desjardins Insurance,office:insurance,,,,,,43.370780,-79.795305,node,12695119113,https://www.openstreetmap.org/node/12695119113,"https://www.google.com/maps/search/?api=1&query=43.37078,-79.7953055"
Desjardins Insurance,office:insurance,,550,Queen Street West,,,43.670803,-79.777467,node,12810724819,https://www.openstreetmap.org/node/12810724819,"https://www.google.com/maps/search/?api=1&query=43.6708028,-79.7774666"
Finsure,office:insurance,,,,,,43.657616,-79.723900,node,13093244862,https://www.openstreetmap.org/node/13093244862,"https://www.google.com/maps/search/?api=1&query=43.6576157,-79.7239004"
Fitzgerald Insurance,office:insurance,,,,,,43.513117,-79.883010,node,2216961933,https://www.openstreetmap.org/node/2216961933,"https://www.google.com/maps/search/?api=1&query=43.5131168,-79.8830101"
Hubbard Insurance Group,office:insurance,,,,,,43.642208,-79.700138,node,12691953791,https://www.openstreetmap.org/node/12691953791,"https://www.google.com/maps/search/?api=1&query=43.642208,-79.7001382"
McClelland Insurance Brokers Limited,office:insurance,,,,,,43.681658,-79.717604,node,9777680322,https://www.openstreetmap.org/node/9777680322,"https://www.google.com/maps/search/?api=1&query=43.6816578,-79.7176043"
McCuaig Insurance Limited,office:insurance,,208,Main Street East,Milton,,43.513025,-79.883117,node,2216961958,https://www.openstreetmap.org/node/2216961958,"https://www.google.com/maps/search/?api=1&query=43.5130249,-79.8831167"
RBC Insurance,office:insurance,,,,,,43.498222,-79.706695,node,3711239496,https://www.openstreetmap.org/node/3711239496,"https://www.google.com/maps/search/?api=1&query=43.4982223,-79.706695"
State Farm,office:insurance,,,,,,43.511366,-79.855383,node,2230280063,https://www.openstreetmap.org/node/2230280063,"https://www.google.com/maps/search/?api=1&query=43.5113658,-79.8553826"
State Farm,office:insurance,,394,Martha Street,Burlington,L7R 2P7,43.327069,-79.793338,node,3693031338,https://www.openstreetmap.org/node/3693031338,"https://www.google.com/maps/search/?api=1&query=43.3270687,-79.7933383"
State Farm,office:insurance,,,,,,43.488732,-79.721261,node,3909413255,https://www.openstreetmap.org/node/3909413255,"https://www.google.com/maps/search/?api=1&query=43.4887325,-79.7212615"
State Farm Insurance,office:insurance,+1-905-785-3276,,,,,43.575883,-79.783992,node,3762116142,https://www.openstreetmap.org/node/3762116142,"https://www.google.com/maps/search/?api=1&query=43.5758831,-79.783992"
StateFarm,office:insurance,,,,,,43.565749,-79.729604,node,3999964435,https://www.openstreetmap.org/node/3999964435,"https://www.google.com/maps/search/?api=1&query=43.5657493,-79.7296036"
Sun Life Financial,office:insurance,,,,,,43.704259,-79.786457,node,4293207228,https://www.openstreetmap.org/node/4293207228,"https://www.google.com/maps/search/?api=1&query=43.7042594,-79.7864566"
Sun Life Insurance,office:insurance,,,,,,43.496566,-79.872870,node,3449104080,https://www.openstreetmap.org/node/3449104080,"https://www.google.com/maps/search/?api=1&query=43.4965656,-79.8728699"
The Co-operators,office:insurance,,203,Main Street North,,,43.689398,-79.764886,node,887555205,https://www.openstreetmap.org/node/887555205,"https://www.google.com/maps/search/?api=1&query=43.6893983,-79.7648863"
The Co-operators,office:insurance,+1-905-864-6900,,,,,43.528243,-79.837266,node,2218870271,https://www.openstreetmap.org/node/2218870271,"https://www.google.com/maps/search/?api=1&query=43.5282426,-79.8372655"
The Co-operators,office:insurance,,621,Holly Avenue,Milton,,43.510946,-79.855037,node,2230280101,https://www.openstreetmap.org/node/2230280101,"https://www.google.com/maps/search/?api=1&query=43.510946,-79.8550375"
The Co-operators,office:insurance,,,,,,43.579310,-79.710226,node,3452961424,https://www.openstreetmap.org/node/3452961424,"https://www.google.com/maps/search/?api=1&query=43.5793101,-79.7102258"
The Co-operators,office:insurance,,,,,,43.375657,-79.793038,node,4443039371,https://www.openstreetmap.org/node/4443039371,"https://www.google.com/maps/search/?api=1&query=43.3756569,-79.7930384"
The Co-operators,office:insurance,,,,,,43.515805,-79.885749,node,10934196794,https://www.openstreetmap.org/node/10934196794,"https://www.google.com/maps/search/?api=1&query=43.5158054,-79.885749"
The Co-operators,office:insurance,,,,,,43.648822,-79.924989,node,10981531104,https://www.openstreetmap.org/node/10981531104,"https://www.google.com/maps/search/?api=1&query=43.6488221,-79.9249891"
Edward Jones,office:investment,,,,,,43.485369,-79.713974,node,3412091319,https://www.openstreetmap.org/node/3412091319,"https://www.google.com/maps/search/?api=1&query=43.4853691,-79.7139736"
Edward Jones,office:investment,,,,,,43.394166,-79.710788,node,4020068163,https://www.openstreetmap.org/node/4020068163,"https://www.google.com/maps/search/?api=1&query=43.3941656,-79.7107883"
Edward Jones Investments,office:investment,+1-905-564-0887,,,,,43.621622,-79.743356,node,4006810056,https://www.openstreetmap.org/node/4006810056,"https://www.google.com/maps/search/?api=1&query=43.6216216,-79.743356"
hind-smith.com inc,office:it,,2156,Glenfield Road,Oakville,L6M 3S6,43.447892,-79.739996,node,5904487944,https://www.openstreetmap.org/node/5904487944,"https://www.google.com/maps/search/?api=1&query=43.4478916,-79.7399955"
Amygration Immigration Services,office:lawyer,,,,,,43.663918,-79.732078,node,13093236214,https://www.openstreetmap.org/node/13093236214,"https://www.google.com/maps/search/?api=1&query=43.6639184,-79.7320776"
Andrea Parliament Law,office:lawyer,,,,,,43.343390,-79.803039,node,10967652713,https://www.openstreetmap.org/node/10967652713,"https://www.google.com/maps/search/?api=1&query=43.3433899,-79.8030388"
Bansal Law,office:lawyer,,,,,,43.663010,-79.731443,node,13093246269,https://www.openstreetmap.org/node/13093246269,"https://www.google.com/maps/search/?api=1&query=43.6630095,-79.7314433"
BIC Canada,office:lawyer,,,,,,43.687561,-79.805153,node,6546837462,https://www.openstreetmap.org/node/6546837462,"https://www.google.com/maps/search/?api=1&query=43.6875613,-79.8051529"
Blackwood Consulting,office:lawyer,,,,,,43.726025,-79.714960,node,6547884391,https://www.openstreetmap.org/node/6547884391,"https://www.google.com/maps/search/?api=1&query=43.7260248,-79.7149602"
BLS International,office:lawyer,,,,,,43.702960,-79.785394,node,6546873272,https://www.openstreetmap.org/node/6546873272,"https://www.google.com/maps/search/?api=1&query=43.7029603,-79.7853944"
Canadian Immigration Services,office:lawyer,,,,,,43.659266,-79.727196,node,13093255114,https://www.openstreetmap.org/node/13093255114,"https://www.google.com/maps/search/?api=1&query=43.6592659,-79.7271961"
Farzanna Tabassum,office:lawyer,,,,,,43.703340,-79.785026,node,6546952094,https://www.openstreetmap.org/node/6546952094,"https://www.google.com/maps/search/?api=1&query=43.7033404,-79.7850256"
Grant Thorton,office:lawyer,,,,,,43.650348,-79.927022,node,10981528813,https://www.openstreetmap.org/node/10981528813,"https://www.google.com/maps/search/?api=1&query=43.6503476,-79.9270222"
Jane Harvey Lawyers,office:lawyer,,,,,,43.666542,-79.739608,node,6566641275,https://www.openstreetmap.org/node/6566641275,"https://www.google.com/maps/search/?api=1&query=43.6665423,-79.7396079"
Lorne D. Greenwood,office:lawyer,,,,,,43.511778,-79.884466,node,2216850851,https://www.openstreetmap.org/node/2216850851,"https://www.google.com/maps/search/?api=1&query=43.511778,-79.8844658"
Monu Bonsal Law Office,office:lawyer,,,,,,43.687767,-79.805598,node,6546837459,https://www.openstreetmap.org/node/6546837459,"https://www.google.com/maps/search/?api=1&query=43.6877669,-79.8055981"
Neil Lawson Criminal Defense,office:lawyer,,476,Steeles Avenue East,Milton,,43.526678,-79.887490,node,2232090073,https://www.openstreetmap.org/node/2232090073,"https://www.google.com/maps/search/?api=1&query=43.5266781,-79.8874897"
Networth Immigration Solutions,office:lawyer,,,,,,43.663344,-79.731203,node,13093246272,https://www.openstreetmap.org/node/13093246272,"https://www.google.com/maps/search/?api=1&query=43.6633443,-79.7312031"
Newgen Immigration,office:lawyer,,,,,,43.662958,-79.731398,node,13093246270,https://www.openstreetmap.org/node/13093246270,"https://www.google.com/maps/search/?api=1&query=43.6629582,-79.7313978"
Not Guilty Plea,office:lawyer,,,,,,43.657756,-79.723778,node,13093244860,https://www.openstreetmap.org/node/13093244860,"https://www.google.com/maps/search/?api=1&query=43.6577555,-79.7237777"
OTT Legal,office:lawyer,,,,,,43.664112,-79.731854,node,13093236212,https://www.openstreetmap.org/node/13093236212,"https://www.google.com/maps/search/?api=1&query=43.6641119,-79.7318537"
Pam Hundal Law Office,office:lawyer,,,,,,43.723939,-79.717484,node,11112148342,https://www.openstreetmap.org/node/11112148342,"https://www.google.com/maps/search/?api=1&query=43.7239388,-79.7174836"
Personal Injury Law,office:lawyer,,,,,,43.331658,-79.806069,node,7859125956,https://www.openstreetmap.org/node/7859125956,"https://www.google.com/maps/search/?api=1&query=43.3316584,-79.8060688"
Ravi Gulati Law Office,office:lawyer,,,,,,43.663101,-79.731553,node,13093246267,https://www.openstreetmap.org/node/13093246267,"https://www.google.com/maps/search/?api=1&query=43.6631009,-79.7315529"
Sharp International Immigration Services,office:lawyer,,,,,,43.665090,-79.736779,node,6566646156,https://www.openstreetmap.org/node/6566646156,"https://www.google.com/maps/search/?api=1&query=43.6650905,-79.7367795"
Sran Law Office,office:lawyer,,,,,,43.659437,-79.739852,node,10948217192,https://www.openstreetmap.org/node/10948217192,"https://www.google.com/maps/search/?api=1&query=43.6594372,-79.7398519"
Star Immigration,office:lawyer,,,,,,43.657973,-79.741562,node,10948123146,https://www.openstreetmap.org/node/10948123146,"https://www.google.com/maps/search/?api=1&query=43.6579735,-79.7415621"
Timleigh Bell Personal Injury Lawyer,office:lawyer,,,,,,43.516150,-79.886876,node,10934162337,https://www.openstreetmap.org/node/10934162337,"https://www.google.com/maps/search/?api=1&query=43.5161499,-79.8868761"
Traffic Tickets,office:lawyer,,,,,,43.663672,-79.730781,node,5695520484,https://www.openstreetmap.org/node/5695520484,"https://www.google.com/maps/search/?api=1&query=43.6636723,-79.7307808"
X-Copper,office:lawyer,,,,,,43.339302,-79.817784,node,2951560082,https://www.openstreetmap.org/node/2951560082,"https://www.google.com/maps/search/?api=1&query=43.3393022,-79.8177842"
Claystone Mortgage Team,office:mortgage,,,,,,43.329222,-79.803523,node,7859128961,https://www.openstreetmap.org/node/7859128961,"https://www.google.com/maps/search/?api=1&query=43.3292216,-79.8035232"
Mortgage Architects,office:mortgage,+1-905-878-7213,14,Martin Street,Milton,,43.513772,-79.883467,node,1912332090,https://www.openstreetmap.org/node/1912332090,"https://www.google.com/maps/search/?api=1&query=43.5137722,-79.8834674"
The Independent & Free Press,office:newspaper,,,,,,43.648094,-79.899119,node,6533178847,https://www.openstreetmap.org/node/6533178847,"https://www.google.com/maps/search/?api=1&query=43.648094,-79.899119"
Canadian MediPain,office:ngo,,2378,Parkhaven Boulevard,Oakville,L6H 0E7,43.479949,-79.718830,node,10007447755,https://www.openstreetmap.org/node/10007447755,"https://www.google.com/maps/search/?api=1&query=43.479949,-79.7188296"
Peel Multicultural Council,office:ngo,,,,,,43.597130,-79.742341,node,6522349666,https://www.openstreetmap.org/node/6522349666,"https://www.google.com/maps/search/?api=1&query=43.5971295,-79.7423409"
"Gagan Sikand, MP",office:political_party,,,,,,43.610792,-79.749090,node,1336829804,https://www.openstreetmap.org/node/1336829804,"https://www.google.com/maps/search/?api=1&query=43.610792,-79.74909"
Sukhdeep Kang Conservative,office:political_party,,,,,,43.659341,-79.726977,node,13093255112,https://www.openstreetmap.org/node/13093255112,"https://www.google.com/maps/search/?api=1&query=43.6593414,-79.726977"
Musicboxx,office:recording_studio,,,,,,43.396603,-79.709048,node,9813319552,https://www.openstreetmap.org/node/9813319552,"https://www.google.com/maps/search/?api=1&query=43.3966028,-79.7090479"
Shoppers World Security Services,office:security,,,,,,43.664929,-79.736450,node,12612233571,https://www.openstreetmap.org/node/12612233571,"https://www.google.com/maps/search/?api=1&query=43.6649295,-79.7364498"
Bajaj Tax & Accounting,office:tax_advisor,,,,,,43.663221,-79.731691,node,13093246264,https://www.openstreetmap.org/node/13093246264,"https://www.google.com/maps/search/?api=1&query=43.6632211,-79.7316912"
Dynamic Tax Specialists,office:tax_advisor,,,,,,43.330791,-79.819154,node,7859013321,https://www.openstreetmap.org/node/7859013321,"https://www.google.com/maps/search/?api=1&query=43.330791,-79.8191545"
H&R Block,office:tax_advisor,,,,,,43.507832,-79.862634,node,2199792125,https://www.openstreetmap.org/node/2199792125,"https://www.google.com/maps/search/?api=1&query=43.507832,-79.8626338"
H&R Block,office:tax_advisor,,,,,,43.708124,-79.733770,node,2215445970,https://www.openstreetmap.org/node/2215445970,"https://www.google.com/maps/search/?api=1&query=43.7081239,-79.7337703"
H&R Block,office:tax_advisor,,,,,,43.369544,-79.755267,node,3635877801,https://www.openstreetmap.org/node/3635877801,"https://www.google.com/maps/search/?api=1&query=43.3695436,-79.7552666"
H&R Block,office:tax_advisor,,,,,,43.587127,-79.740597,node,4017888653,https://www.openstreetmap.org/node/4017888653,"https://www.google.com/maps/search/?api=1&query=43.5871272,-79.7405966"
H&R Block,office:tax_advisor,,,,,,43.698186,-79.799203,node,4088350416,https://www.openstreetmap.org/node/4088350416,"https://www.google.com/maps/search/?api=1&query=43.6981861,-79.799203"
H&R Block,office:tax_advisor,,,,,,43.714741,-79.726265,node,6547874055,https://www.openstreetmap.org/node/6547874055,"https://www.google.com/maps/search/?api=1&query=43.7147406,-79.7262647"
H&R Block,office:tax_advisor,,,,,,43.389731,-79.823281,node,7060846679,https://www.openstreetmap.org/node/7060846679,"https://www.google.com/maps/search/?api=1&query=43.3897312,-79.823281"
H&R Block,office:tax_advisor,,,,,,43.331993,-79.895930,node,7196277791,https://www.openstreetmap.org/node/7196277791,"https://www.google.com/maps/search/?api=1&query=43.3319926,-79.8959302"
H&R Block,office:tax_advisor,,,,,,43.658718,-79.727108,node,13093245317,https://www.openstreetmap.org/node/13093245317,"https://www.google.com/maps/search/?api=1&query=43.6587175,-79.7271081"
H&R Block,office:tax_advisor,,,,,,43.686411,-79.759607,node,13357938160,https://www.openstreetmap.org/node/13357938160,"https://www.google.com/maps/search/?api=1&query=43.6864109,-79.7596073"
Liberty Tax,office:tax_advisor,,,,,,43.319189,-79.835463,node,7768538721,https://www.openstreetmap.org/node/7768538721,"https://www.google.com/maps/search/?api=1&query=43.3191886,-79.8354627"
Softron,office:tax_advisor,,,,,,43.517879,-79.874906,node,6628676236,https://www.openstreetmap.org/node/6628676236,"https://www.google.com/maps/search/?api=1&query=43.5178789,-79.8749063"
Softron,office:tax_advisor,,,,,,43.715973,-79.720666,node,6659697168,https://www.openstreetmap.org/node/6659697168,"https://www.google.com/maps/search/?api=1&query=43.7159728,-79.7206664"
Softron Tax,office:tax_advisor,,,,,,43.699464,-79.744529,node,12810733290,https://www.openstreetmap.org/node/12810733290,"https://www.google.com/maps/search/?api=1&query=43.6994637,-79.7445289"
Sukh Tax,office:tax_advisor,,,,,,43.583132,-79.729575,node,12865645006,https://www.openstreetmap.org/node/12865645006,"https://www.google.com/maps/search/?api=1&query=43.583132,-79.7295749"
Taxwide,office:tax_advisor,,,,,,43.648958,-79.897541,node,6533216837,https://www.openstreetmap.org/node/6533216837,"https://www.google.com/maps/search/?api=1&query=43.6489585,-79.8975413"
Taxwide,office:tax_advisor,,,,,,43.666534,-79.739418,node,12569531421,https://www.openstreetmap.org/node/12569531421,"https://www.google.com/maps/search/?api=1&query=43.6665341,-79.7394178"
Taxwise Tax & Accounting,office:tax_advisor,,6040,Glen Erin Drive,,,43.574802,-79.739268,node,12865667319,https://www.openstreetmap.org/node/12865667319,"https://www.google.com/maps/search/?api=1&query=43.5748021,-79.7392679"
The Tax Management Centre,office:tax_advisor,+1-905-257-6528,,,,,43.476179,-79.726373,node,4515418282,https://www.openstreetmap.org/node/4515418282,"https://www.google.com/maps/search/?api=1&query=43.4761792,-79.7263732"
"Tim Fourine, Ca",office:tax_advisor,+1-905-858-7757,,,,,43.589777,-79.723321,node,4618737951,https://www.openstreetmap.org/node/4618737951,"https://www.google.com/maps/search/?api=1&query=43.5897768,-79.7233213"
Collette Vacations,office:travel_agent,,40,Queen Street South,,,43.586165,-79.720106,node,3459385782,https://www.openstreetmap.org/node/3459385782,"https://www.google.com/maps/search/?api=1&query=43.5861646,-79.7201056"
Cedar Springs Landscape Group,office:yes,,3242,South Service Road West,,,43.402973,-79.747011,node,4276312877,https://www.openstreetmap.org/node/4276312877,"https://www.google.com/maps/search/?api=1&query=43.4029727,-79.7470107"
LCBO,shop:alcohol,,,,,,43.685739,-79.762318,node,378459028,https://www.openstreetmap.org/node/378459028,"https://www.google.com/maps/search/?api=1&query=43.6857391,-79.762318"
LCBO,shop:alcohol,,2000,Appleby Line,,,43.393133,-79.791739,node,1540281336,https://www.openstreetmap.org/node/1540281336,"https://www.google.com/maps/search/?api=1&query=43.3931332,-79.7917391"
LCBO,shop:alcohol,,,,,,43.330749,-79.819023,node,1620984796,https://www.openstreetmap.org/node/1620984796,"https://www.google.com/maps/search/?api=1&query=43.3307486,-79.8190234"
LCBO,shop:alcohol,,,,,,43.355484,-79.785672,node,2427062484,https://www.openstreetmap.org/node/2427062484,"https://www.google.com/maps/search/?api=1&query=43.3554842,-79.7856717"
LCBO,shop:alcohol,,,,,,43.368833,-79.754977,node,2733077355,https://www.openstreetmap.org/node/2733077355,"https://www.google.com/maps/search/?api=1&query=43.3688326,-79.7549773"
LCBO,shop:alcohol,,1025,Bronte Street South,,,43.488359,-79.858851,node,3302234969,https://www.openstreetmap.org/node/3302234969,"https://www.google.com/maps/search/?api=1&query=43.488359,-79.8588513"
LCBO,shop:alcohol,,,,,,43.487758,-79.985415,node,3351962924,https://www.openstreetmap.org/node/3351962924,"https://www.google.com/maps/search/?api=1&query=43.4877585,-79.9854153"
LCBO,shop:alcohol,,,,,,43.656039,-79.814133,node,3833194298,https://www.openstreetmap.org/node/3833194298,"https://www.google.com/maps/search/?api=1&query=43.656039,-79.8141332"
LCBO,shop:alcohol,,,,,,43.649795,-79.901167,node,4616641876,https://www.openstreetmap.org/node/4616641876,"https://www.google.com/maps/search/?api=1&query=43.6497953,-79.9011673"
LCBO,shop:alcohol,,,,,,43.393733,-79.980490,node,8190960487,https://www.openstreetmap.org/node/8190960487,"https://www.google.com/maps/search/?api=1&query=43.393733,-79.9804898"
The Beer Store,shop:alcohol,,,,,,43.487689,-79.985482,node,6653872650,https://www.openstreetmap.org/node/6653872650,"https://www.google.com/maps/search/?api=1&query=43.4876889,-79.9854821"
A T Canada Appraisal Technologies,shop:antiques,,,,,,43.396925,-79.708730,node,9813319548,https://www.openstreetmap.org/node/9813319548,"https://www.google.com/maps/search/?api=1&query=43.3969253,-79.7087295"
Aidans' Attic,shop:appliance,,,,,,43.356685,-79.842104,node,2698208708,https://www.openstreetmap.org/node/2698208708,"https://www.google.com/maps/search/?api=1&query=43.3566855,-79.8421041"
Canadian Appliance Source,shop:appliance,,,,,,43.731831,-79.764096,node,1914199437,https://www.openstreetmap.org/node/1914199437,"https://www.google.com/maps/search/?api=1&query=43.7318307,-79.764096"
Complete Home,shop:appliance,,,,,,43.677012,-79.718837,node,7325964482,https://www.openstreetmap.org/node/7325964482,"https://www.google.com/maps/search/?api=1&query=43.6770121,-79.7188366"
Corbeil Appliances,shop:appliance,,,,,,43.346508,-79.816500,node,2022412673,https://www.openstreetmap.org/node/2022412673,"https://www.google.com/maps/search/?api=1&query=43.3465085,-79.8165001"
Home Lighting Factory Outlet,shop:appliance,,2279,Fairview Street,Burlington,L7R 2E3,43.343116,-79.803780,node,6287442114,https://www.openstreetmap.org/node/6287442114,"https://www.google.com/maps/search/?api=1&query=43.3431164,-79.8037796"
The Appliance House,shop:appliance,,,,,,43.520720,-79.875338,node,725882422,https://www.openstreetmap.org/node/725882422,"https://www.google.com/maps/search/?api=1&query=43.5207198,-79.8753385"
Fresh Prints Gallery,shop:art,,,,,,43.715378,-79.722278,node,6660982625,https://www.openstreetmap.org/node/6660982625,"https://www.google.com/maps/search/?api=1&query=43.7153782,-79.7222778"
PK1 Studio & Gallery,shop:art,,,,,,43.325174,-79.796094,node,1715724280,https://www.openstreetmap.org/node/1715724280,"https://www.google.com/maps/search/?api=1&query=43.3251737,-79.7960938"
Milton Art Place,shop:art_supplies,,160,Main Street East,Milton,,43.511922,-79.884302,node,2216850770,https://www.openstreetmap.org/node/2216850770,"https://www.google.com/maps/search/?api=1&query=43.5119219,-79.8843016"
Baby’s Palace,shop:baby_goods,,,,,,43.692292,-79.703703,node,9777572558,https://www.openstreetmap.org/node/9777572558,"https://www.google.com/maps/search/?api=1&query=43.692292,-79.7037033"
Little Canadian,shop:baby_goods,,3029,Argentia Road,,,43.596280,-79.785881,node,1714830118,https://www.openstreetmap.org/node/1714830118,"https://www.google.com/maps/search/?api=1&query=43.5962804,-79.7858814"
Bentley,shop:bag,,,,,,43.716074,-79.721224,node,3849949563,https://www.openstreetmap.org/node/3849949563,"https://www.google.com/maps/search/?api=1&query=43.7160735,-79.7212244"
Bentley,shop:bag,,280,Guelph Street,,,43.648652,-79.898640,node,6533178854,https://www.openstreetmap.org/node/6533178854,"https://www.google.com/maps/search/?api=1&query=43.6486519,-79.8986395"
Bentley,shop:bag,,5100,Erin Mills Parkway,,,43.558352,-79.711115,node,6556405159,https://www.openstreetmap.org/node/6556405159,"https://www.google.com/maps/search/?api=1&query=43.5583515,-79.7111147"
Bentley,shop:bag,,,,,,43.518447,-79.874255,node,6628676245,https://www.openstreetmap.org/node/6628676245,"https://www.google.com/maps/search/?api=1&query=43.5184472,-79.8742548"
Bentley,shop:bag,,,,,,43.348367,-79.793534,node,6629362815,https://www.openstreetmap.org/node/6629362815,"https://www.google.com/maps/search/?api=1&query=43.3483669,-79.7935338"
Bentley,shop:bag,,,,,,43.326900,-79.820942,node,6632427686,https://www.openstreetmap.org/node/6632427686,"https://www.google.com/maps/search/?api=1&query=43.3268996,-79.8209419"
Family Leather,shop:bag,,,,,,43.665706,-79.738143,node,6566674505,https://www.openstreetmap.org/node/6566674505,"https://www.google.com/maps/search/?api=1&query=43.665706,-79.738143"
Ferragamo,shop:bag,,,,,,43.576411,-79.829884,node,12247180975,https://www.openstreetmap.org/node/12247180975,"https://www.google.com/maps/search/?api=1&query=43.5764107,-79.8298838"
Rudsak,shop:bag,,,,,,43.326004,-79.820218,node,6632429807,https://www.openstreetmap.org/node/6632429807,"https://www.google.com/maps/search/?api=1&query=43.3260043,-79.8202185"
Samsonite,shop:bag,,,,,,43.574464,-79.830125,node,6655621189,https://www.openstreetmap.org/node/6655621189,"https://www.google.com/maps/search/?api=1&query=43.5744638,-79.8301255"
Tucci,shop:bag,,,,,,43.715615,-79.721977,node,6660982621,https://www.openstreetmap.org/node/6660982621,"https://www.google.com/maps/search/?api=1&query=43.7156147,-79.7219774"
Tumi,shop:bag,,,,,,43.574308,-79.830422,node,6655621186,https://www.openstreetmap.org/node/6655621186,"https://www.google.com/maps/search/?api=1&query=43.5743077,-79.8304223"
Urban Traveller,shop:bag,,,,,,43.324818,-79.818989,node,6632465350,https://www.openstreetmap.org/node/6632465350,"https://www.google.com/maps/search/?api=1&query=43.3248185,-79.8189885"
Asif's Cake and Bake,shop:bakery,+1 905-454-3443,,,,,43.704165,-79.725853,node,10822992502,https://www.openstreetmap.org/node/10822992502,"https://www.google.com/maps/search/?api=1&query=43.7041648,-79.7258525"
Baba Foods,shop:bakery,,,,,,43.694405,-79.735105,node,12321368576,https://www.openstreetmap.org/node/12321368576,"https://www.google.com/maps/search/?api=1&query=43.6944048,-79.7351053"
Brick Oven Bakery,shop:bakery,,,,,,43.376060,-79.836320,node,6173884602,https://www.openstreetmap.org/node/6173884602,"https://www.google.com/maps/search/?api=1&query=43.3760597,-79.8363203"
British Pride Bakery,shop:bakery,,,,,,43.339421,-79.784602,node,7061242988,https://www.openstreetmap.org/node/7061242988,"https://www.google.com/maps/search/?api=1&query=43.3394213,-79.7846021"
Cake Royal Inc,shop:bakery,,,,,,43.582061,-79.714735,node,4337602836,https://www.openstreetmap.org/node/4337602836,"https://www.google.com/maps/search/?api=1&query=43.5820608,-79.7147346"
Cakes Sweets & Treats,shop:bakery,,,,,,43.340641,-79.838192,node,2953412390,https://www.openstreetmap.org/node/2953412390,"https://www.google.com/maps/search/?api=1&query=43.3406407,-79.838192"
Cheesecake Haven,shop:bakery,,,,,,43.558212,-79.712117,node,12960015716,https://www.openstreetmap.org/node/12960015716,"https://www.google.com/maps/search/?api=1&query=43.5582116,-79.7121172"
COBS Bread,shop:bakery,,,,,,43.389839,-79.823740,node,7060846681,https://www.openstreetmap.org/node/7060846681,"https://www.google.com/maps/search/?api=1&query=43.389839,-79.8237398"
COBS Bread,shop:bakery,,,,,,43.330617,-79.818594,node,7859007940,https://www.openstreetmap.org/node/7859007940,"https://www.google.com/maps/search/?api=1&query=43.3306166,-79.8185937"
Conestogo Cold Storage,shop:bakery,,,Meadowpine Boulevard,,,43.603400,-79.782783,node,4923559722,https://www.openstreetmap.org/node/4923559722,"https://www.google.com/maps/search/?api=1&query=43.6033995,-79.782783"
Delizia,shop:bakery,+1 905-846-0694,,,,,43.722827,-79.787257,node,10783431405,https://www.openstreetmap.org/node/10783431405,"https://www.google.com/maps/search/?api=1&query=43.7228273,-79.7872566"
Doaba Street Eats and Bakery,shop:bakery,,,,,,43.659068,-79.749594,node,603237382,https://www.openstreetmap.org/node/603237382,"https://www.google.com/maps/search/?api=1&query=43.6590684,-79.749594"
Eastway Bake Shoppe,shop:bakery,,,,,,43.354742,-79.769103,node,3760804709,https://www.openstreetmap.org/node/3760804709,"https://www.google.com/maps/search/?api=1&query=43.3547422,-79.7691029"
Euro Market Delicatessen,shop:bakery,,3480,Fairview Street,,L7N 2R5,43.357515,-79.781225,node,10138292088,https://www.openstreetmap.org/node/10138292088,"https://www.google.com/maps/search/?api=1&query=43.3575145,-79.7812249"
Heather's Cafe Bakery,shop:bakery,,,,,,43.649144,-79.925469,node,4352737689,https://www.openstreetmap.org/node/4352737689,"https://www.google.com/maps/search/?api=1&query=43.649144,-79.9254692"
Kin Kin,shop:bakery,,,,,,43.666409,-79.739167,node,6566641265,https://www.openstreetmap.org/node/6566641265,"https://www.google.com/maps/search/?api=1&query=43.6664092,-79.7391673"
Lucullus,shop:bakery,,,,,,43.575919,-79.829364,node,12247232490,https://www.openstreetmap.org/node/12247232490,"https://www.google.com/maps/search/?api=1&query=43.5759188,-79.8293639"
Marco's Bakery,shop:bakery,,,,,,43.358260,-79.780543,node,7061175376,https://www.openstreetmap.org/node/7061175376,"https://www.google.com/maps/search/?api=1&query=43.3582597,-79.7805433"
Miller's Scottish Bakery,shop:bakery,,,,,,43.648911,-79.888322,node,10984537313,https://www.openstreetmap.org/node/10984537313,"https://www.google.com/maps/search/?api=1&query=43.6489111,-79.8883217"
Molisana Bakery,shop:bakery,,,,,,43.592194,-79.703906,node,3957175562,https://www.openstreetmap.org/node/3957175562,"https://www.google.com/maps/search/?api=1&query=43.5921936,-79.7039055"
Monastery Bakery,shop:bakery,,,,,,43.445127,-79.727619,node,1601772832,https://www.openstreetmap.org/node/1601772832,"https://www.google.com/maps/search/?api=1&query=43.4451267,-79.7276188"
Nannu's Pastizzi,shop:bakery,+1-905-542-4999,6981,Millcreek Drive,,,43.597498,-79.760175,node,4013854375,https://www.openstreetmap.org/node/4013854375,"https://www.google.com/maps/search/?api=1&query=43.597498,-79.7601749"
Pane Fresco,shop:bakery,,,,,,43.324265,-79.797856,node,1715140841,https://www.openstreetmap.org/node/1715140841,"https://www.google.com/maps/search/?api=1&query=43.3242647,-79.7978559"
Petit Gateau,shop:bakery,,,,,,43.396546,-79.709705,node,385027471,https://www.openstreetmap.org/node/385027471,"https://www.google.com/maps/search/?api=1&query=43.3965456,-79.7097054"
Rashmi Bakery,shop:bakery,,,,,,43.681547,-79.804840,node,3303286938,https://www.openstreetmap.org/node/3303286938,"https://www.google.com/maps/search/?api=1&query=43.6815467,-79.8048398"
Red Moon Factory,shop:bakery,,,,,,43.694361,-79.735314,node,12321368574,https://www.openstreetmap.org/node/12321368574,"https://www.google.com/maps/search/?api=1&query=43.6943609,-79.7353138"
Redmoon Bakery and Cafe,shop:bakery,,,,,,43.714768,-79.779801,node,6547160018,https://www.openstreetmap.org/node/6547160018,"https://www.google.com/maps/search/?api=1&query=43.714768,-79.7798006"
Saj One,shop:bakery,,,,,,43.469001,-79.718187,node,8762234241,https://www.openstreetmap.org/node/8762234241,"https://www.google.com/maps/search/?api=1&query=43.4690006,-79.7181869"
The Purple Bakeshop,shop:bakery,,5100,Erin Mills Parkway,,,43.558067,-79.712351,node,6556571728,https://www.openstreetmap.org/node/6556571728,"https://www.google.com/maps/search/?api=1&query=43.5580665,-79.7123506"
Traditional Taste Bakery & Cafe,shop:bakery,,,,,,43.650473,-79.900925,node,2303134602,https://www.openstreetmap.org/node/2303134602,"https://www.google.com/maps/search/?api=1&query=43.6504733,-79.9009251"
Bathroom Gallery,shop:bathroom_furnishing,,,,,,43.356276,-79.783653,node,3801573982,https://www.openstreetmap.org/node/3801573982,"https://www.google.com/maps/search/?api=1&query=43.3562757,-79.7836532"
Peel Tile,shop:bathroom_furnishing,,,,,,43.520761,-79.706534,node,3801542491,https://www.openstreetmap.org/node/3801542491,"https://www.google.com/maps/search/?api=1&query=43.5207605,-79.7065343"
AA Nails & Spa Inc.,shop:beauty,+1-905-681-7788,,,,,43.330918,-79.819352,node,7859013327,https://www.openstreetmap.org/node/7859013327,"https://www.google.com/maps/search/?api=1&query=43.3309176,-79.8193525"
Ace Beauty Supplies & Salon,shop:beauty,,1228,Main Street East,Milton,,43.533299,-79.861059,node,3361786018,https://www.openstreetmap.org/node/3361786018,"https://www.google.com/maps/search/?api=1&query=43.5332991,-79.8610595"
AirBrush Tanning,shop:beauty,+1-905-632-1826,,,,,43.339591,-79.817231,node,2951561433,https://www.openstreetmap.org/node/2951561433,"https://www.google.com/maps/search/?api=1&query=43.339591,-79.817231"
Allure Laser & Skin Studio,shop:beauty,,3060,Preserve Drive,,,43.475583,-79.736555,node,3994352128,https://www.openstreetmap.org/node/3994352128,"https://www.google.com/maps/search/?api=1&query=43.4755828,-79.7365546"
Allway Beauty Store,shop:beauty,,,,,,43.681395,-79.803603,node,3303286936,https://www.openstreetmap.org/node/3303286936,"https://www.google.com/maps/search/?api=1&query=43.6813948,-79.8036031"
Amy Nails,shop:beauty,,,,,,43.714430,-79.779316,node,6547160010,https://www.openstreetmap.org/node/6547160010,"https://www.google.com/maps/search/?api=1&query=43.7144297,-79.7793165"
Angel Nails,shop:beauty,,,,,,43.535437,-79.875821,node,2193602446,https://www.openstreetmap.org/node/2193602446,"https://www.google.com/maps/search/?api=1&query=43.5354366,-79.8758214"
Anna Nails & Spa,shop:beauty,+1-905-693-6866,,,,,43.502674,-79.878505,node,3446131034,https://www.openstreetmap.org/node/3446131034,"https://www.google.com/maps/search/?api=1&query=43.5026736,-79.8785054"
Ava Beauty Lounge,shop:beauty,,,,,,43.580805,-79.757631,node,3944582759,https://www.openstreetmap.org/node/3944582759,"https://www.google.com/maps/search/?api=1&query=43.5808049,-79.7576309"
Beachin' Tan,shop:beauty,,,,,,43.317976,-79.909698,node,1866772162,https://www.openstreetmap.org/node/1866772162,"https://www.google.com/maps/search/?api=1&query=43.3179764,-79.9096983"
Beau Soleil,shop:beauty,,,,,,43.518236,-79.878179,node,2196044472,https://www.openstreetmap.org/node/2196044472,"https://www.google.com/maps/search/?api=1&query=43.5182356,-79.8781788"
Beautology Medical Spa,shop:beauty,,,,,,43.579449,-79.710487,node,3452961422,https://www.openstreetmap.org/node/3452961422,"https://www.google.com/maps/search/?api=1&query=43.5794494,-79.7104869"
Beauty Blush,shop:beauty,+1-905-542-0025,,,,,43.606060,-79.728590,node,4015804205,https://www.openstreetmap.org/node/4015804205,"https://www.google.com/maps/search/?api=1&query=43.6060601,-79.7285904"
Beauty Destination Spa & Esthetics,shop:beauty,,560,Brant Street,,,43.328608,-79.802507,node,7859162964,https://www.openstreetmap.org/node/7859162964,"https://www.google.com/maps/search/?api=1&query=43.3286077,-79.8025072"
Beauty Emporium,shop:beauty,,,,,,43.714913,-79.722451,node,6661106810,https://www.openstreetmap.org/node/6661106810,"https://www.google.com/maps/search/?api=1&query=43.714913,-79.7224507"
Beauty First,shop:beauty,,,,,,43.347936,-79.794422,node,6629331181,https://www.openstreetmap.org/node/6629331181,"https://www.google.com/maps/search/?api=1&query=43.3479363,-79.7944218"
Beauty Nails,shop:beauty,+1-905-637-7289,,,,,43.355017,-79.768774,node,3760804719,https://www.openstreetmap.org/node/3760804719,"https://www.google.com/maps/search/?api=1&query=43.3550172,-79.7687743"
Bella Tan,shop:beauty,,,,,,43.650854,-79.903088,node,10982416099,https://www.openstreetmap.org/node/10982416099,"https://www.google.com/maps/search/?api=1&query=43.6508544,-79.9030885"
Best Beauty Hair and Aesthetics Salon,shop:beauty,,,,,,43.683958,-79.812395,node,1922035041,https://www.openstreetmap.org/node/1922035041,"https://www.google.com/maps/search/?api=1&query=43.6839581,-79.8123955"
Bio Nails Spa,shop:beauty,+1-905-820-6999,2901,Eglinton Avenue West,,,43.552249,-79.716375,node,3942806137,https://www.openstreetmap.org/node/3942806137,"https://www.google.com/maps/search/?api=1&query=43.5522486,-79.7163747"
Bliss Laser & Medical Beauty Clinic Inc,shop:beauty,,9125,Derry Road West,Milton,,43.517694,-79.851023,node,3445685717,https://www.openstreetmap.org/node/3445685717,"https://www.google.com/maps/search/?api=1&query=43.5176944,-79.8510235"
blo,shop:beauty,,,,,,43.329443,-79.803786,node,7859160398,https://www.openstreetmap.org/node/7859160398,"https://www.google.com/maps/search/?api=1&query=43.3294434,-79.8037863"
Bodi Sculpt,shop:beauty,,,,,,43.331893,-79.806319,node,7859131260,https://www.openstreetmap.org/node/7859131260,"https://www.google.com/maps/search/?api=1&query=43.3318928,-79.8063194"
Brampton Cosmetic,shop:beauty,,,,,,43.689654,-79.755480,node,12810733880,https://www.openstreetmap.org/node/12810733880,"https://www.google.com/maps/search/?api=1&query=43.6896537,-79.7554799"
Brampton Nails & Spa,shop:beauty,,,,,,43.707742,-79.785508,node,6546951267,https://www.openstreetmap.org/node/6546951267,"https://www.google.com/maps/search/?api=1&query=43.7077418,-79.7855084"
BSO Beauty Supply Outlet,shop:beauty,,,,,,43.535397,-79.875873,node,2193602422,https://www.openstreetmap.org/node/2193602422,"https://www.google.com/maps/search/?api=1&query=43.5353967,-79.8758733"
BSO Beauty Supply Outlet,shop:beauty,,,,,,43.584095,-79.716045,node,2527507481,https://www.openstreetmap.org/node/2527507481,"https://www.google.com/maps/search/?api=1&query=43.5840952,-79.7160453"
Burlap & Twine,shop:beauty,,,,,,43.348649,-79.794018,node,6629375218,https://www.openstreetmap.org/node/6629375218,"https://www.google.com/maps/search/?api=1&query=43.3486489,-79.7940184"
Cabana Del Sol,shop:beauty,,,,,,43.658034,-79.724858,node,13093224938,https://www.openstreetmap.org/node/13093224938,"https://www.google.com/maps/search/?api=1&query=43.6580338,-79.7248585"
Calla Nails,shop:beauty,,,,,,43.715750,-79.720677,node,6659686729,https://www.openstreetmap.org/node/6659686729,"https://www.google.com/maps/search/?api=1&query=43.7157498,-79.7206766"
Catgirls Nail & Spa,shop:beauty,+1-905-495-6245,,,,,43.726484,-79.814055,node,1913557903,https://www.openstreetmap.org/node/1913557903,"https://www.google.com/maps/search/?api=1&query=43.7264844,-79.8140555"
CC Nails,shop:beauty,+1-905-257-9412,534,Postridge Drive,,,43.490164,-79.715426,node,3410756071,https://www.openstreetmap.org/node/3410756071,"https://www.google.com/maps/search/?api=1&query=43.4901642,-79.715426"
Century Nails,shop:beauty,+1-905-858-5949,,,,,43.598651,-79.784953,node,3976539728,https://www.openstreetmap.org/node/3976539728,"https://www.google.com/maps/search/?api=1&query=43.5986511,-79.7849531"
Cherry Nail Spa,shop:beauty,+1-289-725-7815,,,,,43.466627,-79.744096,node,3898330998,https://www.openstreetmap.org/node/3898330998,"https://www.google.com/maps/search/?api=1&query=43.4666267,-79.7440957"
Classic Tan,shop:beauty,,,,,,43.449189,-79.702882,node,3303237661,https://www.openstreetmap.org/node/3303237661,"https://www.google.com/maps/search/?api=1&query=43.4491886,-79.7028822"
Clear Skin Medi Spa,shop:beauty,,,,,,43.635687,-79.789193,node,12870918987,https://www.openstreetmap.org/node/12870918987,"https://www.google.com/maps/search/?api=1&query=43.6356872,-79.7891928"
Cleopatra Nails & Spa,shop:beauty,,,,,,43.557485,-79.756046,node,2014557039,https://www.openstreetmap.org/node/2014557039,"https://www.google.com/maps/search/?api=1&query=43.5574855,-79.7560463"
Danny's Nails,shop:beauty,,,,,,43.319279,-79.835346,node,7768538719,https://www.openstreetmap.org/node/7768538719,"https://www.google.com/maps/search/?api=1&query=43.3192794,-79.8353456"
Divine Spa,shop:beauty,,,,,,43.655808,-79.767901,node,12810689113,https://www.openstreetmap.org/node/12810689113,"https://www.google.com/maps/search/?api=1&query=43.655808,-79.7679015"
DK Nail Spa,shop:beauty,,,,,,43.318066,-79.909829,node,4360258628,https://www.openstreetmap.org/node/4360258628,"https://www.google.com/maps/search/?api=1&query=43.3180658,-79.9098291"
Dr. Helene Grubisa,shop:beauty,,,,,,43.497532,-79.706617,node,4870843991,https://www.openstreetmap.org/node/4870843991,"https://www.google.com/maps/search/?api=1&query=43.4975324,-79.7066172"
Dr. Iram's Medical Skin Care,shop:beauty,,,,,,43.562868,-79.709930,node,10769824007,https://www.openstreetmap.org/node/10769824007,"https://www.google.com/maps/search/?api=1&query=43.5628675,-79.7099298"
Dr. Nails,shop:beauty,,,,,,43.566841,-79.775343,node,3759021220,https://www.openstreetmap.org/node/3759021220,"https://www.google.com/maps/search/?api=1&query=43.5668412,-79.7753429"
Dr. Nails Body Care & Spa,shop:beauty,+1-905-813-9595,,,,,43.591022,-79.741438,node,4016655589,https://www.openstreetmap.org/node/4016655589,"https://www.google.com/maps/search/?api=1&query=43.5910224,-79.741438"
En'tyce,shop:beauty,,,,,,43.666495,-79.739047,node,6566641263,https://www.openstreetmap.org/node/6566641263,"https://www.google.com/maps/search/?api=1&query=43.666495,-79.7390469"
Enchanted Nails Bar,shop:beauty,,,,,,43.395586,-79.749119,node,1080021932,https://www.openstreetmap.org/node/1080021932,"https://www.google.com/maps/search/?api=1&query=43.3955861,-79.7491189"
Essence of Nature,shop:beauty,+1-905-681-1772,,,,,43.339450,-79.817570,node,2951560278,https://www.openstreetmap.org/node/2951560278,"https://www.google.com/maps/search/?api=1&query=43.3394501,-79.8175704"
Eve's Salon & Spa,shop:beauty,,,,,,43.638243,-79.728280,node,4011412237,https://www.openstreetmap.org/node/4011412237,"https://www.google.com/maps/search/?api=1&query=43.6382428,-79.7282802"
Fabutan,shop:beauty,,,,,,43.485303,-79.713988,node,3412091320,https://www.openstreetmap.org/node/3412091320,"https://www.google.com/maps/search/?api=1&query=43.4853028,-79.7139876"
Favourite Salon & Spa,shop:beauty,,,,,,43.659949,-79.814433,node,4006774591,https://www.openstreetmap.org/node/4006774591,"https://www.google.com/maps/search/?api=1&query=43.6599494,-79.8144328"
Gloss Nails & Spa,shop:beauty,,,,,,43.592931,-79.764554,node,3415004624,https://www.openstreetmap.org/node/3415004624,"https://www.google.com/maps/search/?api=1&query=43.5929309,-79.7645537"
Hand & Stone,shop:beauty,,,,,,43.368402,-79.754453,node,3997758990,https://www.openstreetmap.org/node/3997758990,"https://www.google.com/maps/search/?api=1&query=43.3684024,-79.7544529"
Hanh Wellness Spa and Salon,shop:beauty,,,,,,43.664037,-79.731924,node,13093236213,https://www.openstreetmap.org/node/13093236213,"https://www.google.com/maps/search/?api=1&query=43.6640366,-79.7319243"
Happy Sunrise Nails,shop:beauty,,,,,,43.659298,-79.727110,node,13093255113,https://www.openstreetmap.org/node/13093255113,"https://www.google.com/maps/search/?api=1&query=43.6592983,-79.7271098"
Honey Nails,shop:beauty,+1-905-693-0679,190A,Main Street East,Milton,,43.512543,-79.883632,node,2216883897,https://www.openstreetmap.org/node/2216883897,"https://www.google.com/maps/search/?api=1&query=43.5125434,-79.8836317"
Honey Nails & Spa,shop:beauty,,,,,,43.394655,-79.711117,node,4020068165,https://www.openstreetmap.org/node/4020068165,"https://www.google.com/maps/search/?api=1&query=43.3946553,-79.7111165"
iGlow Tan & Spa,shop:beauty,+1 905 642 5992,5602,Tenth Line West,,,43.558527,-79.743888,node,3758234917,https://www.openstreetmap.org/node/3758234917,"https://www.google.com/maps/search/?api=1&query=43.5585268,-79.7438881"
Janine Beauty Care,shop:beauty,,,,,,43.657445,-79.725443,node,13093255429,https://www.openstreetmap.org/node/13093255429,"https://www.google.com/maps/search/?api=1&query=43.6574451,-79.7254429"
JE Nails & Spa,shop:beauty,+1-905-864-9926,462,Steeles Avenue East,Milton,,43.526437,-79.887762,node,2232090130,https://www.openstreetmap.org/node/2232090130,"https://www.google.com/maps/search/?api=1&query=43.5264369,-79.887762"
Jenny Nails,shop:beauty,,,,,,43.657932,-79.723616,node,5695552818,https://www.openstreetmap.org/node/5695552818,"https://www.google.com/maps/search/?api=1&query=43.6579319,-79.7236156"
Jes9 Nails,shop:beauty,,,,,,43.595807,-79.786633,node,1714830145,https://www.openstreetmap.org/node/1714830145,"https://www.google.com/maps/search/?api=1&query=43.5958065,-79.7866332"
Kangen Nails & Spa,shop:beauty,+1-905-257-5558,,,,,43.476470,-79.726688,node,4515418286,https://www.openstreetmap.org/node/4515418286,"https://www.google.com/maps/search/?api=1&query=43.4764702,-79.7266883"
Kimmy's Nails & Spa,shop:beauty,,,,,,43.488462,-79.716714,node,12893782993,https://www.openstreetmap.org/node/12893782993,"https://www.google.com/maps/search/?api=1&query=43.4884619,-79.7167139"
Kurves,shop:beauty,,,,,,43.716491,-79.721567,node,6659697174,https://www.openstreetmap.org/node/6659697174,"https://www.google.com/maps/search/?api=1&query=43.7164908,-79.7215672"
L.A Beauty Supply,shop:beauty,,,,,,43.675798,-79.821757,node,7141388474,https://www.openstreetmap.org/node/7141388474,"https://www.google.com/maps/search/?api=1&query=43.6757978,-79.8217567"
L'Amour Nais,shop:beauty,,,,,,43.326547,-79.820996,node,6632427708,https://www.openstreetmap.org/node/6632427708,"https://www.google.com/maps/search/?api=1&query=43.326547,-79.8209964"
L'exquisite Day Spa,shop:beauty,,,,,,43.440479,-79.719277,node,2292634413,https://www.openstreetmap.org/node/2292634413,"https://www.google.com/maps/search/?api=1&query=43.4404786,-79.7192766"
La Unique Laser Centre,shop:beauty,,,,,,43.707340,-79.785932,node,2753033258,https://www.openstreetmap.org/node/2753033258,"https://www.google.com/maps/search/?api=1&query=43.70734,-79.7859321"
Lamasat Sam Hair Salon & Spa,shop:beauty,+1-647-833-3935,,,,,43.588296,-79.706445,node,4410546616,https://www.openstreetmap.org/node/4410546616,"https://www.google.com/maps/search/?api=1&query=43.5882964,-79.7064449"
Lash & Brow Bar,shop:beauty,,,,,,43.559366,-79.712519,node,12960035827,https://www.openstreetmap.org/node/12960035827,"https://www.google.com/maps/search/?api=1&query=43.5593657,-79.7125187"
Lavender,shop:beauty,,,,,,43.397565,-79.707847,node,9813319545,https://www.openstreetmap.org/node/9813319545,"https://www.google.com/maps/search/?api=1&query=43.3975652,-79.7078465"
Lena's Nails,shop:beauty,,,,,,43.665672,-79.738065,node,6566674506,https://www.openstreetmap.org/node/6566674506,"https://www.google.com/maps/search/?api=1&query=43.6656715,-79.7380651"
Lilly Beauty Supplies,shop:beauty,,,,,,43.727280,-79.796342,node,1870128242,https://www.openstreetmap.org/node/1870128242,"https://www.google.com/maps/search/?api=1&query=43.7272796,-79.7963421"
Lionesse Beauty Bar,shop:beauty,,,,,,43.326926,-79.820853,node,6632427713,https://www.openstreetmap.org/node/6632427713,"https://www.google.com/maps/search/?api=1&query=43.3269255,-79.8208525"
Liv Bella Tanning,shop:beauty,,422,Pearl Street,Burlington,L7R 2N1,43.326676,-79.795041,node,7471944448,https://www.openstreetmap.org/node/7471944448,"https://www.google.com/maps/search/?api=1&query=43.3266762,-79.7950412"
Lovely Nails & Spa,shop:beauty,,,,,,43.707503,-79.788283,node,6546951253,https://www.openstreetmap.org/node/6546951253,"https://www.google.com/maps/search/?api=1&query=43.7075033,-79.7882831"
Lover's Nail and Spa,shop:beauty,,,,,,43.701081,-79.779100,node,10660381189,https://www.openstreetmap.org/node/10660381189,"https://www.google.com/maps/search/?api=1&query=43.7010805,-79.7791"
LUXOR Nails & Spa,shop:beauty,+1 905 369 0606,5618,Tenth Line West,,,43.559007,-79.742726,node,10979707715,https://www.openstreetmap.org/node/10979707715,"https://www.google.com/maps/search/?api=1&query=43.5590071,-79.7427257"
Luxycure Beauty Lounge,shop:beauty,,,,,,43.650395,-79.912400,node,6535783961,https://www.openstreetmap.org/node/6535783961,"https://www.google.com/maps/search/?api=1&query=43.6503948,-79.9123997"
M Salon & Spa,shop:beauty,,,,,,43.566653,-79.775565,node,3759021224,https://www.openstreetmap.org/node/3759021224,"https://www.google.com/maps/search/?api=1&query=43.5666531,-79.7755654"
Manju's Beauty Salon,shop:beauty,+1-905-582-6103,538,Postridge Drive,,,43.490225,-79.715508,node,3410756076,https://www.openstreetmap.org/node/3410756076,"https://www.google.com/maps/search/?api=1&query=43.4902254,-79.7155079"
Michelle Belle,shop:beauty,,,,,,43.686645,-79.806730,node,6546837481,https://www.openstreetmap.org/node/6546837481,"https://www.google.com/maps/search/?api=1&query=43.6866448,-79.80673"
Mikado,shop:beauty,,,,,,43.556928,-79.700895,node,11079660562,https://www.openstreetmap.org/node/11079660562,"https://www.google.com/maps/search/?api=1&query=43.5569281,-79.7008953"
Millenium Nail Care,shop:beauty,,,,,,43.715459,-79.720907,node,6659692328,https://www.openstreetmap.org/node/6659692328,"https://www.google.com/maps/search/?api=1&query=43.7154586,-79.720907"
My Day Spa,shop:beauty,,,,,,43.695758,-79.799299,node,6546851781,https://www.openstreetmap.org/node/6546851781,"https://www.google.com/maps/search/?api=1&query=43.6957582,-79.7992989"
Nail Zone,shop:beauty,,,,,,43.539736,-79.857283,node,2866854162,https://www.openstreetmap.org/node/2866854162,"https://www.google.com/maps/search/?api=1&query=43.5397362,-79.8572826"
Nails for You,shop:beauty,,,,,,43.729455,-79.763894,node,1914225512,https://www.openstreetmap.org/node/1914225512,"https://www.google.com/maps/search/?api=1&query=43.7294553,-79.7638941"
Nails for You,shop:beauty,,,,,,43.724156,-79.814362,node,1918832324,https://www.openstreetmap.org/node/1918832324,"https://www.google.com/maps/search/?api=1&query=43.7241561,-79.8143615"
Nails for You,shop:beauty,,1015,Bronte Street South,Milton,,43.487946,-79.859345,node,3303272858,https://www.openstreetmap.org/node/3303272858,"https://www.google.com/maps/search/?api=1&query=43.4879464,-79.8593448"
Nails for You,shop:beauty,+1 9058243333,3160,Argentia Road,,,43.593013,-79.788164,node,3976482954,https://www.openstreetmap.org/node/3976482954,"https://www.google.com/maps/search/?api=1&query=43.5930131,-79.7881641"
Nails for You,shop:beauty,+1-905-333-0803,,,,,43.369511,-79.755279,node,3997758997,https://www.openstreetmap.org/node/3997758997,"https://www.google.com/maps/search/?api=1&query=43.3695107,-79.7552793"
Nails for You,shop:beauty,,2000,Appleby Line,Burlington,L7L 7H7,43.394158,-79.791610,node,4684460919,https://www.openstreetmap.org/node/4684460919,"https://www.google.com/maps/search/?api=1&query=43.3941577,-79.7916098"
Nails for You,shop:beauty,,,,,,43.714711,-79.726559,node,5478886800,https://www.openstreetmap.org/node/5478886800,"https://www.google.com/maps/search/?api=1&query=43.7147108,-79.7265595"
Nails for You,shop:beauty,,,,,,43.707961,-79.733556,node,6547908163,https://www.openstreetmap.org/node/6547908163,"https://www.google.com/maps/search/?api=1&query=43.7079614,-79.733556"
Nails for You,shop:beauty,,5100,Erin Mills Parkway,,,43.558580,-79.711601,node,6556403977,https://www.openstreetmap.org/node/6556403977,"https://www.google.com/maps/search/?api=1&query=43.5585801,-79.7116011"
Nails for You,shop:beauty,,,,,,43.667099,-79.738424,node,6566641248,https://www.openstreetmap.org/node/6566641248,"https://www.google.com/maps/search/?api=1&query=43.6670992,-79.738424"
Nails for You,shop:beauty,,,,,,43.726522,-79.797697,node,6571761661,https://www.openstreetmap.org/node/6571761661,"https://www.google.com/maps/search/?api=1&query=43.7265222,-79.797697"
Nails for You,shop:beauty,,,,,,43.517998,-79.875118,node,6628676234,https://www.openstreetmap.org/node/6628676234,"https://www.google.com/maps/search/?api=1&query=43.5179983,-79.8751177"
Nails for You,shop:beauty,,,,,,43.348145,-79.793043,node,6629362805,https://www.openstreetmap.org/node/6629362805,"https://www.google.com/maps/search/?api=1&query=43.3481454,-79.7930428"
Nails for You,shop:beauty,,,,,,43.367194,-79.821200,node,6632465372,https://www.openstreetmap.org/node/6632465372,"https://www.google.com/maps/search/?api=1&query=43.3671936,-79.8211998"
Nails for You,shop:beauty,,,,,,43.714598,-79.722549,node,6661106816,https://www.openstreetmap.org/node/6661106816,"https://www.google.com/maps/search/?api=1&query=43.7145983,-79.7225488"
Nails for You,shop:beauty,,,,,,43.664866,-79.781453,node,12810715914,https://www.openstreetmap.org/node/12810715914,"https://www.google.com/maps/search/?api=1&query=43.6648657,-79.7814526"
Nails in Style,shop:beauty,,280,Guelph Street,,,43.648496,-79.897820,node,6533199660,https://www.openstreetmap.org/node/6533199660,"https://www.google.com/maps/search/?api=1&query=43.6484962,-79.8978201"
Nancy Nails & Spa,shop:beauty,+1-905-812-2559,,,,,43.580343,-79.711647,node,529512119,https://www.openstreetmap.org/node/529512119,"https://www.google.com/maps/search/?api=1&query=43.5803426,-79.7116469"
Neetu's Beauty Salon,shop:beauty,,2384,Parkhaven Boulevard,Oakville,L6H 0E7,43.480160,-79.718830,node,10007447758,https://www.openstreetmap.org/node/10007447758,"https://www.google.com/maps/search/?api=1&query=43.48016,-79.7188305"
Nice One Nails,shop:beauty,+1-905-847-2501,,,,,43.449924,-79.757974,node,3898585069,https://www.openstreetmap.org/node/3898585069,"https://www.google.com/maps/search/?api=1&query=43.4499236,-79.757974"
Oasis Rehab Medical Spa & Wellness Centre,shop:beauty,+1-905-878-1590,,,,,43.582632,-79.717536,node,3459661437,https://www.openstreetmap.org/node/3459661437,"https://www.google.com/maps/search/?api=1&query=43.5826321,-79.7175364"
Ocean Spa & Nails,shop:beauty,,,,,,43.508755,-79.837684,node,2215544847,https://www.openstreetmap.org/node/2215544847,"https://www.google.com/maps/search/?api=1&query=43.5087551,-79.8376837"
Orchid by Yola Nails & Spa,shop:beauty,,,,,,43.543297,-79.724488,node,3976144979,https://www.openstreetmap.org/node/3976144979,"https://www.google.com/maps/search/?api=1&query=43.5432969,-79.7244883"
Paradise Nails & Spa,shop:beauty,,,,,,43.632195,-79.769219,node,1930612183,https://www.openstreetmap.org/node/1930612183,"https://www.google.com/maps/search/?api=1&query=43.6321946,-79.7692194"
Paradise Nails & Spa,shop:beauty,+1-905-785-2942,,,,,43.582652,-79.779564,node,3976482955,https://www.openstreetmap.org/node/3976482955,"https://www.google.com/maps/search/?api=1&query=43.5826518,-79.7795636"
Paris Nails,shop:beauty,,,,,,43.715365,-79.723854,node,6660982646,https://www.openstreetmap.org/node/6660982646,"https://www.google.com/maps/search/?api=1&query=43.7153649,-79.723854"
Pars hair studio & Esthetics,shop:beauty,,,,,,43.582513,-79.717363,node,3459661440,https://www.openstreetmap.org/node/3459661440,"https://www.google.com/maps/search/?api=1&query=43.582513,-79.7173632"
Pedi n Nails,shop:beauty,,,,,,43.317243,-79.910877,node,4360241384,https://www.openstreetmap.org/node/4360241384,"https://www.google.com/maps/search/?api=1&query=43.317243,-79.9108768"
Pedi N Nails,shop:beauty,,,,,,43.610377,-79.748579,node,1336833629,https://www.openstreetmap.org/node/1336833629,"https://www.google.com/maps/search/?api=1&query=43.6103773,-79.748579"
Pedi N Nails,shop:beauty,,,,,,43.557966,-79.705978,node,11079660374,https://www.openstreetmap.org/node/11079660374,"https://www.google.com/maps/search/?api=1&query=43.5579657,-79.7059782"
Pedi N Nails,shop:beauty,,,,,,43.543561,-79.867817,node,12870907545,https://www.openstreetmap.org/node/12870907545,"https://www.google.com/maps/search/?api=1&query=43.5435612,-79.8678165"
Perfect Touch Nails & Spa,shop:beauty,+1-905-690-4745,,,,,43.335361,-79.904066,node,2801015837,https://www.openstreetmap.org/node/2801015837,"https://www.google.com/maps/search/?api=1&query=43.3353605,-79.9040655"
Posh Contessa,shop:beauty,,,,,,43.338835,-79.817223,node,2168903428,https://www.openstreetmap.org/node/2168903428,"https://www.google.com/maps/search/?api=1&query=43.3388348,-79.8172227"
Pretty Nails & Spa,shop:beauty,,,,,,43.367123,-79.733975,node,3997798093,https://www.openstreetmap.org/node/3997798093,"https://www.google.com/maps/search/?api=1&query=43.3671228,-79.7339746"
Princess Nails Spa,shop:beauty,,,,,,43.725552,-79.815507,node,3193950479,https://www.openstreetmap.org/node/3193950479,"https://www.google.com/maps/search/?api=1&query=43.7255518,-79.8155068"
Pro Nail Care,shop:beauty,+1-905-693-9379,361,Main Street East,Milton,,43.516528,-79.879719,node,2206877157,https://www.openstreetmap.org/node/2206877157,"https://www.google.com/maps/search/?api=1&query=43.5165275,-79.8797188"
Queen of Queens Beauty Supply,shop:beauty,,,,,,43.714668,-79.779613,node,6547160015,https://www.openstreetmap.org/node/6547160015,"https://www.google.com/maps/search/?api=1&query=43.7146677,-79.7796129"
Radiant Beauty Supply,shop:beauty,,,,,,43.354292,-79.784520,node,3868398488,https://www.openstreetmap.org/node/3868398488,"https://www.google.com/maps/search/?api=1&query=43.3542925,-79.7845198"
Rainbow Nails & Spa,shop:beauty,,,,,,43.702463,-79.786026,node,6546873279,https://www.openstreetmap.org/node/6546873279,"https://www.google.com/maps/search/?api=1&query=43.7024629,-79.786026"
Rana & Erin Beauty Parlour,shop:beauty,+1 9052864214,6040,Glen Erin Drive,,,43.574837,-79.739117,node,12865657339,https://www.openstreetmap.org/node/12865657339,"https://www.google.com/maps/search/?api=1&query=43.5748372,-79.7391169"
Relaxation Station,shop:beauty,,,,,,43.715541,-79.721091,node,6659686735,https://www.openstreetmap.org/node/6659686735,"https://www.google.com/maps/search/?api=1&query=43.7155405,-79.7210913"
Revive Nails & Beauty,shop:beauty,+1-905-821-2459,,,,,43.581244,-79.757614,node,3944582769,https://www.openstreetmap.org/node/3944582769,"https://www.google.com/maps/search/?api=1&query=43.5812441,-79.7576137"
Royal Nails & Spa,shop:beauty,,2980,Crosscurrent Drive,,,43.594761,-79.779148,node,12740110427,https://www.openstreetmap.org/node/12740110427,"https://www.google.com/maps/search/?api=1&query=43.5947612,-79.7791481"
Sandals Tanning,shop:beauty,,,,,,43.714940,-79.780086,node,6547160023,https://www.openstreetmap.org/node/6547160023,"https://www.google.com/maps/search/?api=1&query=43.7149396,-79.7800856"
Sandy Beach Tanning,shop:beauty,,,,,,43.527145,-79.867212,node,725881784,https://www.openstreetmap.org/node/725881784,"https://www.google.com/maps/search/?api=1&query=43.5271449,-79.8672119"
Scarlet Nails & Spa,shop:beauty,,,,,,43.582942,-79.729797,node,12865649113,https://www.openstreetmap.org/node/12865649113,"https://www.google.com/maps/search/?api=1&query=43.5829423,-79.7297967"
Scorpio's,shop:beauty,,,,,,43.650392,-79.911720,node,6535783948,https://www.openstreetmap.org/node/6535783948,"https://www.google.com/maps/search/?api=1&query=43.6503923,-79.9117204"
Shine My Nails,shop:beauty,,,,,,43.526044,-79.865643,node,10934786512,https://www.openstreetmap.org/node/10934786512,"https://www.google.com/maps/search/?api=1&query=43.5260438,-79.8656426"
Skin Vitality,shop:beauty,,,,,,43.543296,-79.868916,node,1738484557,https://www.openstreetmap.org/node/1738484557,"https://www.google.com/maps/search/?api=1&query=43.5432957,-79.8689163"
Smart Nails,shop:beauty,,,,,,43.638683,-79.716635,node,3959818158,https://www.openstreetmap.org/node/3959818158,"https://www.google.com/maps/search/?api=1&query=43.6386832,-79.7166352"
Smart Nails,shop:beauty,,,,,,43.681991,-79.816081,node,6546847854,https://www.openstreetmap.org/node/6546847854,"https://www.google.com/maps/search/?api=1&query=43.6819906,-79.8160815"
Streetsville Nails,shop:beauty,,,,,,43.584282,-79.716312,node,2527507556,https://www.openstreetmap.org/node/2527507556,"https://www.google.com/maps/search/?api=1&query=43.5842819,-79.7163122"
Studio North Salon & Spa,shop:beauty,,,,,,43.730458,-79.821289,node,1913557848,https://www.openstreetmap.org/node/1913557848,"https://www.google.com/maps/search/?api=1&query=43.7304578,-79.8212894"
Sun Haven Tanning,shop:beauty,,,,,,43.379892,-79.808054,node,4084087674,https://www.openstreetmap.org/node/4084087674,"https://www.google.com/maps/search/?api=1&query=43.3798919,-79.8080538"
Sundance Spas,shop:beauty,,,,,,43.484623,-79.714450,node,1870796669,https://www.openstreetmap.org/node/1870796669,"https://www.google.com/maps/search/?api=1&query=43.4846232,-79.7144503"
Sunny Nails & Spa,shop:beauty,,,,,,43.663302,-79.731262,node,13093246271,https://www.openstreetmap.org/node/13093246271,"https://www.google.com/maps/search/?api=1&query=43.6633016,-79.7312621"
Super Ten Nails,shop:beauty,+1-905-825-9995,,,,,43.449411,-79.760896,node,3556588958,https://www.openstreetmap.org/node/3556588958,"https://www.google.com/maps/search/?api=1&query=43.4494114,-79.7608956"
Surprise Nails,shop:beauty,,,,,,43.666871,-79.739948,node,6566641273,https://www.openstreetmap.org/node/6566641273,"https://www.google.com/maps/search/?api=1&query=43.6668713,-79.7399476"
Sweet Nails & Spa,shop:beauty,+1-905-877-8388,,,,,43.629851,-79.877453,node,4341946164,https://www.openstreetmap.org/node/4341946164,"https://www.google.com/maps/search/?api=1&query=43.6298513,-79.8774532"
Talio Beauty Salon,shop:beauty,+1-905-847-9000,,,,,43.442766,-79.767519,node,3556589425,https://www.openstreetmap.org/node/3556589425,"https://www.google.com/maps/search/?api=1&query=43.4427655,-79.7675189"
Tan Temptations,shop:beauty,,,,,,43.463971,-79.742088,node,2138422530,https://www.openstreetmap.org/node/2138422530,"https://www.google.com/maps/search/?api=1&query=43.4639714,-79.7420876"
Tina's Nails & Spa,shop:beauty,,,,,,43.367686,-79.732923,node,3997798098,https://www.openstreetmap.org/node/3997798098,"https://www.google.com/maps/search/?api=1&query=43.3676861,-79.7329226"
Tip & Toe Nails,shop:beauty,,,,,,43.380121,-79.805987,node,4084087675,https://www.openstreetmap.org/node/4084087675,"https://www.google.com/maps/search/?api=1&query=43.3801209,-79.8059867"
Titi Nails & Spa,shop:beauty,+1-905-864-1888,591,Thompson Road South,Milton,,43.516847,-79.851207,node,3446671825,https://www.openstreetmap.org/node/3446671825,"https://www.google.com/maps/search/?api=1&query=43.5168473,-79.8512072"
TK Nail Bar,shop:beauty,,,,,,43.388506,-79.748397,node,2022283958,https://www.openstreetmap.org/node/2022283958,"https://www.google.com/maps/search/?api=1&query=43.3885062,-79.7483971"
TTL Nails,shop:beauty,,,,,,43.378181,-79.805605,node,4089317892,https://www.openstreetmap.org/node/4089317892,"https://www.google.com/maps/search/?api=1&query=43.3781806,-79.8056045"
Twin Nails,shop:beauty,+1-905-637-5604,3480,Fairview Street,,L7N 2R5,43.357275,-79.781456,node,10138292087,https://www.openstreetmap.org/node/10138292087,"https://www.google.com/maps/search/?api=1&query=43.3572752,-79.7814561"
Unique Touch Hair & Spa,shop:beauty,,1226,Main Street East,Milton,,43.533248,-79.861102,node,3361786017,https://www.openstreetmap.org/node/3361786017,"https://www.google.com/maps/search/?api=1&query=43.5332485,-79.8611023"
Uraban Nails & Spa,shop:beauty,+1-905-876-1577,,,,,43.507941,-79.861993,node,2199789825,https://www.openstreetmap.org/node/2199789825,"https://www.google.com/maps/search/?api=1&query=43.507941,-79.8619927"
Utopia Spa & Boutique,shop:beauty,,,,,,43.535500,-79.874781,node,2193602441,https://www.openstreetmap.org/node/2193602441,"https://www.google.com/maps/search/?api=1&query=43.5354996,-79.8747813"
Vida Spa,shop:beauty,,,,,,43.507311,-79.887231,node,2206990113,https://www.openstreetmap.org/node/2206990113,"https://www.google.com/maps/search/?api=1&query=43.5073111,-79.8872309"
VP Spa and Nails,shop:beauty,,,,,,43.442821,-79.767454,node,3556589513,https://www.openstreetmap.org/node/3556589513,"https://www.google.com/maps/search/?api=1&query=43.4428211,-79.7674536"
Xception Beauty,shop:beauty,,,,,,43.579118,-79.712797,node,2827943583,https://www.openstreetmap.org/node/2827943583,"https://www.google.com/maps/search/?api=1&query=43.579118,-79.7127968"
Y2K Nails,shop:beauty,,,,,,43.725889,-79.715105,node,6547884386,https://www.openstreetmap.org/node/6547884386,"https://www.google.com/maps/search/?api=1&query=43.7258891,-79.7151051"
Classy Bed & Bath,shop:bed,,,,,,43.715171,-79.723332,node,6663083631,https://www.openstreetmap.org/node/6663083631,"https://www.google.com/maps/search/?api=1&query=43.7151711,-79.7233319"
Sleep Country,shop:bed,,,,,,43.324843,-79.829309,node,419363336,https://www.openstreetmap.org/node/419363336,"https://www.google.com/maps/search/?api=1&query=43.3248426,-79.8293093"
Sleep Country,shop:bed,,,,,,43.552250,-79.714685,node,1517082832,https://www.openstreetmap.org/node/1517082832,"https://www.google.com/maps/search/?api=1&query=43.55225,-79.714685"
Sleep Country,shop:bed,,3105,Argentia Road,,,43.598074,-79.787143,node,1714830060,https://www.openstreetmap.org/node/1714830060,"https://www.google.com/maps/search/?api=1&query=43.598074,-79.7871428"
Sleep Country,shop:bed,,,,,,43.448466,-79.701054,node,1862970934,https://www.openstreetmap.org/node/1862970934,"https://www.google.com/maps/search/?api=1&query=43.4484659,-79.7010541"
Sleep Country,shop:bed,,,,,,43.724929,-79.813466,node,1918832397,https://www.openstreetmap.org/node/1918832397,"https://www.google.com/maps/search/?api=1&query=43.7249288,-79.8134663"
Sleep Country,shop:bed,,,,,,43.397039,-79.751863,node,1967735102,https://www.openstreetmap.org/node/1967735102,"https://www.google.com/maps/search/?api=1&query=43.3970387,-79.7518625"
Sleep Country,shop:bed,,1155,Maple Avenue,Milton,,43.538269,-79.870688,node,2199853509,https://www.openstreetmap.org/node/2199853509,"https://www.google.com/maps/search/?api=1&query=43.5382687,-79.8706884"
Sleep Country,shop:bed,,,,,,43.353853,-79.785406,node,7061164020,https://www.openstreetmap.org/node/7061164020,"https://www.google.com/maps/search/?api=1&query=43.3538535,-79.7854063"
Sleep Country,shop:bed,,,,,,43.651119,-79.903464,node,10982416103,https://www.openstreetmap.org/node/10982416103,"https://www.google.com/maps/search/?api=1&query=43.6511189,-79.9034642"
Sleep Guide Mattress,shop:bed,,,,,,43.589885,-79.723500,node,4618737947,https://www.openstreetmap.org/node/4618737947,"https://www.google.com/maps/search/?api=1&query=43.5898847,-79.7234997"
The Brick Mattress Store,shop:bed,,,,,,43.540373,-79.869611,node,1738484580,https://www.openstreetmap.org/node/1738484580,"https://www.google.com/maps/search/?api=1&query=43.5403727,-79.8696111"
The Brick Mattress Store,shop:bed,,,,,,43.405249,-79.805436,node,7059201040,https://www.openstreetmap.org/node/7059201040,"https://www.google.com/maps/search/?api=1&query=43.4052487,-79.805436"
The Brick Mattress Store,shop:bed,,,,,,43.593538,-79.787204,node,12869464377,https://www.openstreetmap.org/node/12869464377,"https://www.google.com/maps/search/?api=1&query=43.5935377,-79.7872041"
The Sleep Factory,shop:bed,,,,,,43.677600,-79.747525,node,4405232424,https://www.openstreetmap.org/node/4405232424,"https://www.google.com/maps/search/?api=1&query=43.6775998,-79.7475254"
Bicycle Works,shop:bicycle,+1-905-689-1991,316,Dundas Street East,,,43.333900,-79.892033,node,4359560880,https://www.openstreetmap.org/node/4359560880,"https://www.google.com/maps/search/?api=1&query=43.3339,-79.8920333"
Falcon Scooters,shop:bicycle,,5100,Erin Mills Parkway,,,43.558960,-79.711766,node,6556429854,https://www.openstreetmap.org/node/6556429854,"https://www.google.com/maps/search/?api=1&query=43.5589601,-79.7117658"
Mike's E-Bikes,shop:bicycle,,,,,,43.690791,-79.755466,node,13357938133,https://www.openstreetmap.org/node/13357938133,"https://www.google.com/maps/search/?api=1&query=43.6907908,-79.7554658"
Rolling Horse,shop:bicycle,,,,,,43.322475,-79.830464,node,7770697097,https://www.openstreetmap.org/node/7770697097,"https://www.google.com/maps/search/?api=1&query=43.3224747,-79.830464"
Spokes N Slopes,shop:bicycle,,,,,,43.650486,-79.914516,node,10981542047,https://www.openstreetmap.org/node/10981542047,"https://www.google.com/maps/search/?api=1&query=43.6504856,-79.9145161"
Wheels of Oakville,shop:bicycle,,,,,,43.396726,-79.709709,node,9813319542,https://www.openstreetmap.org/node/9813319542,"https://www.google.com/maps/search/?api=1&query=43.3967261,-79.7097091"
Aardvark Comics,shop:books,,,,,,43.319232,-79.835400,node,7768538720,https://www.openstreetmap.org/node/7768538720,"https://www.google.com/maps/search/?api=1&query=43.3192322,-79.8354004"
Book Nook,shop:books,,,,,,43.327534,-79.800265,node,4952046390,https://www.openstreetmap.org/node/4952046390,"https://www.google.com/maps/search/?api=1&query=43.3275345,-79.8002653"
Booked Experiences,shop:books,,,,,,43.321271,-79.834110,node,7770697088,https://www.openstreetmap.org/node/7770697088,"https://www.google.com/maps/search/?api=1&query=43.3212714,-79.8341102"
Conspiracy Comics,shop:books,,,,,,43.344897,-79.799858,node,7061158687,https://www.openstreetmap.org/node/7061158687,"https://www.google.com/maps/search/?api=1&query=43.344897,-79.7998583"
Conspiracy Comics,shop:books,,,,,,43.714790,-79.721636,node,10785540723,https://www.openstreetmap.org/node/10785540723,"https://www.google.com/maps/search/?api=1&query=43.71479,-79.7216359"
Dungeon Comics,shop:books,+1-905-637-6111,2446,New Street,,,43.337831,-79.785483,node,3609911920,https://www.openstreetmap.org/node/3609911920,"https://www.google.com/maps/search/?api=1&query=43.3378307,-79.7854832"
Family Christian Bookstore & Music,shop:books,,,,,,43.345554,-79.795681,node,3472277857,https://www.openstreetmap.org/node/3472277857,"https://www.google.com/maps/search/?api=1&query=43.345554,-79.7956814"
Indigo,shop:books,,1250,Brant Street,Burlington,,43.344493,-79.827576,node,1634780121,https://www.openstreetmap.org/node/1634780121,"https://www.google.com/maps/search/?api=1&query=43.3444925,-79.8275764"
Indigo,shop:books,,,,,,43.347362,-79.795357,node,6629362789,https://www.openstreetmap.org/node/6629362789,"https://www.google.com/maps/search/?api=1&query=43.3473617,-79.7953572"
Indigo,shop:books,,,,,,43.326400,-79.820453,node,6632427700,https://www.openstreetmap.org/node/6632427700,"https://www.google.com/maps/search/?api=1&query=43.3264002,-79.8204532"
Knowledge Bookstore,shop:books,,,,,,43.681639,-79.764334,node,12569726534,https://www.openstreetmap.org/node/12569726534,"https://www.google.com/maps/search/?api=1&query=43.6816389,-79.764334"
Ontario Christian Books,shop:books,,,,,,43.583569,-79.716084,node,2527507528,https://www.openstreetmap.org/node/2527507528,"https://www.google.com/maps/search/?api=1&query=43.5835686,-79.7160841"
Professional Book Fairs,shop:books,,,,,,43.665492,-79.737768,node,12569459400,https://www.openstreetmap.org/node/12569459400,"https://www.google.com/maps/search/?api=1&query=43.6654924,-79.7377681"
White Rabbit Books,shop:books,,118,Mill Street,Georgetown,L7G 2C5,43.649250,-79.926621,node,6234680132,https://www.openstreetmap.org/node/6234680132,"https://www.google.com/maps/search/?api=1&query=43.6492495,-79.9266209"
Angie's Bridal Boutique,shop:boutique,+1-905-589-8400,,,,,43.334293,-79.891424,node,4443096356,https://www.openstreetmap.org/node/4443096356,"https://www.google.com/maps/search/?api=1&query=43.3342931,-79.8914238"
Bulk Barn,shop:bulk,,,,,,43.525662,-79.868959,node,724833468,https://www.openstreetmap.org/node/724833468,"https://www.google.com/maps/search/?api=1&query=43.5256624,-79.8689585"
Bulk Barn,shop:bulk_food,,,,,,43.595921,-79.786810,node,1714830069,https://www.openstreetmap.org/node/1714830069,"https://www.google.com/maps/search/?api=1&query=43.5959211,-79.7868098"
A-1 Meat & Poultry,shop:butcher,,,,,,43.642800,-79.746853,node,4006780642,https://www.openstreetmap.org/node/4006780642,"https://www.google.com/maps/search/?api=1&query=43.6428001,-79.7468532"
Best Halal Meat Shop,shop:butcher,,,,,,43.702505,-79.785974,node,6546873278,https://www.openstreetmap.org/node/6546873278,"https://www.google.com/maps/search/?api=1&query=43.7025046,-79.7859737"
Ernie's Meat Market,shop:butcher,,,,,,43.373092,-79.809611,node,7061051899,https://www.openstreetmap.org/node/7061051899,"https://www.google.com/maps/search/?api=1&query=43.373092,-79.8096106"
Halal Butcher,shop:butcher,,,,,,43.582912,-79.729829,node,12865642492,https://www.openstreetmap.org/node/12865642492,"https://www.google.com/maps/search/?api=1&query=43.5829125,-79.7298294"
J & G Quality Meats,shop:butcher,+1-905-634-0196,175,Plains Road East,Burlington,L7T 2C4,43.311344,-79.847351,node,9101475911,https://www.openstreetmap.org/node/9101475911,"https://www.google.com/maps/search/?api=1&query=43.3113438,-79.8473506"
Meat Bros,shop:butcher,,,,,,43.690001,-79.835182,node,2687039454,https://www.openstreetmap.org/node/2687039454,"https://www.google.com/maps/search/?api=1&query=43.6900008,-79.8351815"
Minha Halal Meat,shop:butcher,,,,,,43.545276,-79.714132,node,2731610682,https://www.openstreetmap.org/node/2731610682,"https://www.google.com/maps/search/?api=1&query=43.5452755,-79.7141318"
Noor Halal Meat & Grocers,shop:butcher,+1-905-670-2111,,,,,43.638048,-79.728531,node,4011412243,https://www.openstreetmap.org/node/4011412243,"https://www.google.com/maps/search/?api=1&query=43.638048,-79.7285313"
Pak Halal Meat,shop:butcher,,1201,Britannia Road West,,,43.603053,-79.706896,node,3746073204,https://www.openstreetmap.org/node/3746073204,"https://www.google.com/maps/search/?api=1&query=43.6030527,-79.7068963"
Ready to Grill Foods,shop:butcher,,,,,,43.654391,-79.908372,node,10982436519,https://www.openstreetmap.org/node/10982436519,"https://www.google.com/maps/search/?api=1&query=43.6543906,-79.9083715"
Royal Meat Shop,shop:butcher,,,,,,43.683959,-79.811713,node,6546847874,https://www.openstreetmap.org/node/6546847874,"https://www.google.com/maps/search/?api=1&query=43.6839588,-79.8117129"
SL Pastry Meat & Delicatessen,shop:butcher,+1-905-286-4545,49,Queen Street South,,,43.585875,-79.719134,node,3455030546,https://www.openstreetmap.org/node/3455030546,"https://www.google.com/maps/search/?api=1&query=43.5858748,-79.7191337"
Tandoori Grill Meat Shop,shop:butcher,+1 905-846-9500,,,,,43.690115,-79.814982,node,9968776308,https://www.openstreetmap.org/node/9968776308,"https://www.google.com/maps/search/?api=1&query=43.6901152,-79.8149815"
The Savvy Butcher,shop:butcher,,,,,,43.672823,-79.821177,node,6546847843,https://www.openstreetmap.org/node/6546847843,"https://www.google.com/maps/search/?api=1&query=43.6728233,-79.8211771"
Wally's Meat Terminal,shop:butcher,+1-905-878-9922,,,,,43.520926,-79.875163,node,724833082,https://www.openstreetmap.org/node/724833082,"https://www.google.com/maps/search/?api=1&query=43.5209259,-79.8751628"
Warraich Meats,shop:butcher,,,,,,43.681382,-79.805068,node,3303286931,https://www.openstreetmap.org/node/3303286931,"https://www.google.com/maps/search/?api=1&query=43.6813819,-79.8050678"
Warraich Meats,shop:butcher,,,,,,43.658901,-79.749770,node,13022166049,https://www.openstreetmap.org/node/13022166049,"https://www.google.com/maps/search/?api=1&query=43.6589008,-79.7497702"
Charmed Aroma,shop:candles,,,,,,43.324986,-79.819607,node,6632465356,https://www.openstreetmap.org/node/6632465356,"https://www.google.com/maps/search/?api=1&query=43.3249863,-79.8196065"
Blouds Dispensary,shop:cannabis,,,,,,43.683261,-79.762331,node,12569740096,https://www.openstreetmap.org/node/12569740096,"https://www.google.com/maps/search/?api=1&query=43.6832614,-79.7623313"
Boloud Cannabis,shop:cannabis,,,,,,43.675163,-79.722538,node,9777744511,https://www.openstreetmap.org/node/9777744511,"https://www.google.com/maps/search/?api=1&query=43.6751626,-79.7225384"
Bud’s Cannabis Store,shop:cannabis,,,,,,43.515081,-79.880777,node,10934586331,https://www.openstreetmap.org/node/10934586331,"https://www.google.com/maps/search/?api=1&query=43.5150806,-79.8807772"
Canna Cabana,shop:cannabis,,2901,Eglinton Avenue West,,,43.552180,-79.716258,node,3942806134,https://www.openstreetmap.org/node/3942806134,"https://www.google.com/maps/search/?api=1&query=43.55218,-79.7162579"
Canna Cabana,shop:cannabis,,,,,,43.379478,-79.808612,node,8939486915,https://www.openstreetmap.org/node/8939486915,"https://www.google.com/maps/search/?api=1&query=43.3794777,-79.8086121"
Cannaco,shop:cannabis,,,,,,43.650234,-79.927361,node,4352737693,https://www.openstreetmap.org/node/4352737693,"https://www.google.com/maps/search/?api=1&query=43.650234,-79.9273608"
Corner Cannabis New Street,shop:cannabis,,,,,,43.339351,-79.786164,node,1619221669,https://www.openstreetmap.org/node/1619221669,"https://www.google.com/maps/search/?api=1&query=43.3393509,-79.7861645"
Fika Cannabis,shop:cannabis,,,,,,43.543542,-79.867761,node,12870907546,https://www.openstreetmap.org/node/12870907546,"https://www.google.com/maps/search/?api=1&query=43.5435417,-79.8677607"
Fika Local Cannabis,shop:cannabis,,,,,,43.551908,-79.720790,node,3762718092,https://www.openstreetmap.org/node/3762718092,"https://www.google.com/maps/search/?api=1&query=43.5519084,-79.7207902"
Grand Cannabis,shop:cannabis,,,,,,43.648644,-79.880278,node,3142821150,https://www.openstreetmap.org/node/3142821150,"https://www.google.com/maps/search/?api=1&query=43.6486437,-79.8802784"
One Plant,shop:cannabis,,,,,,43.730244,-79.764090,node,1914199461,https://www.openstreetmap.org/node/1914199461,"https://www.google.com/maps/search/?api=1&query=43.7302442,-79.7640902"
One Plant,shop:cannabis,,,,,,43.556397,-79.710004,node,13510634104,https://www.openstreetmap.org/node/13510634104,"https://www.google.com/maps/search/?api=1&query=43.5563973,-79.7100036"
One Plant Cannabis,shop:cannabis,,,,,,43.650898,-79.896367,node,10982436528,https://www.openstreetmap.org/node/10982436528,"https://www.google.com/maps/search/?api=1&query=43.650898,-79.8963675"
Pepe Cannabis Store,shop:cannabis,,892,Brant Street,Burlington,L7R 2J5,43.336005,-79.813479,node,11758728771,https://www.openstreetmap.org/node/11758728771,"https://www.google.com/maps/search/?api=1&query=43.3360054,-79.8134793"
Pop’s Cannabis,shop:cannabis,,,,,,43.583109,-79.761868,node,3410842300,https://www.openstreetmap.org/node/3410842300,"https://www.google.com/maps/search/?api=1&query=43.5831091,-79.7618683"
Relm Cannabis,shop:cannabis,,,,,,43.361284,-79.779268,node,7061209086,https://www.openstreetmap.org/node/7061209086,"https://www.google.com/maps/search/?api=1&query=43.3612836,-79.7792682"
Sage Cannabis,shop:cannabis,,,,,,43.665784,-79.736847,node,13859313393,https://www.openstreetmap.org/node/13859313393,"https://www.google.com/maps/search/?api=1&query=43.6657839,-79.7368466"
Spiritleaf,shop:cannabis,,,,,,43.354754,-79.786561,node,12291979496,https://www.openstreetmap.org/node/12291979496,"https://www.google.com/maps/search/?api=1&query=43.3547539,-79.7865611"
The Cannabis Guys,shop:cannabis,,,,,,43.636600,-79.789006,node,12870918996,https://www.openstreetmap.org/node/12870918996,"https://www.google.com/maps/search/?api=1&query=43.6365998,-79.7890058"
Tokyo Smoke,shop:cannabis,,,,,,43.631762,-79.875910,node,3812899490,https://www.openstreetmap.org/node/3812899490,"https://www.google.com/maps/search/?api=1&query=43.631762,-79.8759099"
Tokyo Smoke,shop:cannabis,,,,,,43.407987,-79.811504,node,4523356885,https://www.openstreetmap.org/node/4523356885,"https://www.google.com/maps/search/?api=1&query=43.407987,-79.8115041"
Tokyo Smoke,shop:cannabis,,,,,,43.525966,-79.865706,node,10934786514,https://www.openstreetmap.org/node/10934786514,"https://www.google.com/maps/search/?api=1&query=43.525966,-79.8657058"
Value Buds,shop:cannabis,,,,,,43.723883,-79.813992,node,1918832278,https://www.openstreetmap.org/node/1918832278,"https://www.google.com/maps/search/?api=1&query=43.7238835,-79.8139924"
Value Buds,shop:cannabis,,,,,,43.330482,-79.818757,node,10967670891,https://www.openstreetmap.org/node/10967670891,"https://www.google.com/maps/search/?api=1&query=43.3304818,-79.8187568"
#9 Auto Sales Ltd.,shop:car,,,,,,43.671211,-79.776878,node,12810724820,https://www.openstreetmap.org/node/12810724820,"https://www.google.com/maps/search/?api=1&query=43.6712115,-79.7768783"
Attrell Toyota,shop:car,,,,,,43.707597,-79.790203,node,12290804976,https://www.openstreetmap.org/node/12290804976,"https://www.google.com/maps/search/?api=1&query=43.7075974,-79.7902028"
Autofreak,shop:car,+1-905-455-6522,,,,,43.690450,-79.755235,node,887605332,https://www.openstreetmap.org/node/887605332,"https://www.google.com/maps/search/?api=1&query=43.6904498,-79.7552347"
AutoPark Georgetown,shop:car,,10,Todd Road,Georgetown,L7G 4R7,43.652151,-79.904925,node,3976570093,https://www.openstreetmap.org/node/3976570093,"https://www.google.com/maps/search/?api=1&query=43.6521508,-79.9049248"
Bramgate Pre-Owned Centre,shop:car,,,,,,43.698382,-79.747067,node,13357934951,https://www.openstreetmap.org/node/13357934951,"https://www.google.com/maps/search/?api=1&query=43.698382,-79.7470675"
Chrysler Dodge Jeep Ram,shop:car,,,,,,43.699632,-79.708886,node,4207118946,https://www.openstreetmap.org/node/4207118946,"https://www.google.com/maps/search/?api=1&query=43.6996322,-79.7088861"
Eli Fine Cars,shop:car,,,,,,43.592937,-79.728384,node,3458643208,https://www.openstreetmap.org/node/3458643208,"https://www.google.com/maps/search/?api=1&query=43.5929369,-79.7283835"
Elite Motors,shop:car,,,,,,43.320730,-79.835046,node,4044978955,https://www.openstreetmap.org/node/4044978955,"https://www.google.com/maps/search/?api=1&query=43.3207302,-79.8350461"
Leggat Discovery Ford,shop:car,,,,,,43.334770,-79.812220,node,419363381,https://www.openstreetmap.org/node/419363381,"https://www.google.com/maps/search/?api=1&query=43.3347701,-79.8122202"
McQueen Automotive,shop:car,,,,,,43.680667,-79.769509,node,378688653,https://www.openstreetmap.org/node/378688653,"https://www.google.com/maps/search/?api=1&query=43.6806675,-79.7695094"
Milton Auto Centre,shop:car,,,,,,43.523672,-79.871180,node,725881775,https://www.openstreetmap.org/node/725881775,"https://www.google.com/maps/search/?api=1&query=43.5236716,-79.8711796"
Milton Import Car Centre,shop:car,+1-905-878-5330,,,,,43.521282,-79.874755,node,2205280123,https://www.openstreetmap.org/node/2205280123,"https://www.google.com/maps/search/?api=1&query=43.5212819,-79.874755"
Norval Auto Sales,shop:car,,,,,,43.646255,-79.864021,node,4280393136,https://www.openstreetmap.org/node/4280393136,"https://www.google.com/maps/search/?api=1&query=43.6462546,-79.8640214"
Oakville Toyota,shop:car,+1-905-842-8400,2375,Wyecroft Road,Oakville,L6L 6M1,43.412080,-79.732716,node,2699056433,https://www.openstreetmap.org/node/2699056433,"https://www.google.com/maps/search/?api=1&query=43.4120804,-79.732716"
Performance Acura North Mississauga,shop:car,,860,Ivandale Drive,,,43.615798,-79.703445,node,4554709650,https://www.openstreetmap.org/node/4554709650,"https://www.google.com/maps/search/?api=1&query=43.6157977,-79.7034448"
Porsche Centre Oakville,shop:car,,,,,,43.416968,-79.731702,node,2699056434,https://www.openstreetmap.org/node/2699056434,"https://www.google.com/maps/search/?api=1&query=43.4169683,-79.7317025"
Slessor Motors,shop:car,,,,,,43.516824,-79.878858,node,725881762,https://www.openstreetmap.org/node/725881762,"https://www.google.com/maps/search/?api=1&query=43.5168242,-79.8788582"
SMIT Auto Sales,shop:car,,,,,,43.332242,-79.812389,node,7859101130,https://www.openstreetmap.org/node/7859101130,"https://www.google.com/maps/search/?api=1&query=43.3322421,-79.8123886"
South Lake Motors,shop:car,,4,Queen Street North,,,43.588259,-79.722985,node,3459385785,https://www.openstreetmap.org/node/3459385785,"https://www.google.com/maps/search/?api=1&query=43.5882591,-79.722985"
Total Automotive,shop:car,,,,,,43.687714,-79.739191,node,726953816,https://www.openstreetmap.org/node/726953816,"https://www.google.com/maps/search/?api=1&query=43.6877142,-79.7391914"
Volkswagen,shop:car,,,,,,43.348927,-79.800620,node,3179950189,https://www.openstreetmap.org/node/3179950189,"https://www.google.com/maps/search/?api=1&query=43.3489269,-79.8006196"
CarQuest  Auto Parts,shop:car_parts,,,,,,43.695662,-79.734750,node,12646678069,https://www.openstreetmap.org/node/12646678069,"https://www.google.com/maps/search/?api=1&query=43.6956625,-79.7347497"
Dependable Emergency Vehicles,shop:car_parts,,,,,,43.691248,-79.735985,node,12804901198,https://www.openstreetmap.org/node/12804901198,"https://www.google.com/maps/search/?api=1&query=43.6912478,-79.7359851"
Grab Tires,shop:car_parts,,,,,,43.694289,-79.735674,node,12321368571,https://www.openstreetmap.org/node/12321368571,"https://www.google.com/maps/search/?api=1&query=43.694289,-79.7356738"
J&D Tire,shop:car_parts,,,,,,43.521041,-79.875014,node,2205280070,https://www.openstreetmap.org/node/2205280070,"https://www.google.com/maps/search/?api=1&query=43.5210407,-79.8750139"
NAPA Auto Parts,shop:car_parts,,,,,,43.522038,-79.873936,node,725882413,https://www.openstreetmap.org/node/725882413,"https://www.google.com/maps/search/?api=1&query=43.5220384,-79.8739357"
NAPA Auto Parts,shop:car_parts,,,,,,43.653134,-79.906570,node,10982436507,https://www.openstreetmap.org/node/10982436507,"https://www.google.com/maps/search/?api=1&query=43.653134,-79.9065699"
PartSource,shop:car_parts,,1435,Plains Road East,Burlington,,43.338168,-79.817847,node,1667852613,https://www.openstreetmap.org/node/1667852613,"https://www.google.com/maps/search/?api=1&query=43.3381676,-79.8178466"
Turbo Centre,shop:car_parts,+1-905-595-0450,8044,Dixie Road,,,43.698812,-79.708495,node,6740285171,https://www.openstreetmap.org/node/6740285171,"https://www.google.com/maps/search/?api=1&query=43.6988116,-79.7084954"
WeatherTech Retail Store,shop:car_parts,,,,,,43.370366,-79.794281,node,12695131701,https://www.openstreetmap.org/node/12695131701,"https://www.google.com/maps/search/?api=1&query=43.3703664,-79.7942812"
AAMCO Transmissions,shop:car_repair,,,,,,43.687951,-79.739565,node,726953831,https://www.openstreetmap.org/node/726953831,"https://www.google.com/maps/search/?api=1&query=43.6879512,-79.739565"
Active Green + Ross,shop:car_repair,,,,,,43.708970,-79.733464,node,4931707725,https://www.openstreetmap.org/node/4931707725,"https://www.google.com/maps/search/?api=1&query=43.7089701,-79.7334641"
Active Green + Ross,shop:car_repair,,,,,,43.693975,-79.746628,node,6226609545,https://www.openstreetmap.org/node/6226609545,"https://www.google.com/maps/search/?api=1&query=43.6939753,-79.7466276"
Active Green+Ross,shop:car_repair,,,,,,43.524384,-79.901138,node,4064505064,https://www.openstreetmap.org/node/4064505064,"https://www.google.com/maps/search/?api=1&query=43.5243837,-79.9011384"
Al Autobody & Repairs,shop:car_repair,,,,,,43.694383,-79.735213,node,12321368575,https://www.openstreetmap.org/node/12321368575,"https://www.google.com/maps/search/?api=1&query=43.6943832,-79.7352128"
Atlas Auto Collision,shop:car_repair,,,,,,43.695941,-79.733835,node,12646678067,https://www.openstreetmap.org/node/12646678067,"https://www.google.com/maps/search/?api=1&query=43.6959411,-79.733835"
Auto Glass Service,shop:car_repair,,,,,,43.695998,-79.733916,node,12646678068,https://www.openstreetmap.org/node/12646678068,"https://www.google.com/maps/search/?api=1&query=43.6959984,-79.733916"
Autopro Chan's Auto Centre,shop:car_repair,+1-905-456-2313,,,,,43.679217,-79.768170,node,1618087782,https://www.openstreetmap.org/node/1618087782,"https://www.google.com/maps/search/?api=1&query=43.679217,-79.7681696"
Baje Auto Service,shop:car_repair,,,,,,43.304567,-79.856177,node,9705819324,https://www.openstreetmap.org/node/9705819324,"https://www.google.com/maps/search/?api=1&query=43.3045674,-79.8561765"
Boost Car Repairs,shop:car_repair,,,,,,43.693880,-79.752653,node,13357916416,https://www.openstreetmap.org/node/13357916416,"https://www.google.com/maps/search/?api=1&query=43.6938796,-79.7526534"
Bowtie Automotive,shop:car_repair,,,,,,43.410560,-79.732599,node,3050754113,https://www.openstreetmap.org/node/3050754113,"https://www.google.com/maps/search/?api=1&query=43.4105604,-79.732599"
Brant Transmission,shop:car_repair,,2445,Industrial Street,,,43.352858,-79.809714,node,3859936811,https://www.openstreetmap.org/node/3859936811,"https://www.google.com/maps/search/?api=1&query=43.3528581,-79.8097136"
Britannia Auto Service Centre,shop:car_repair,,2990,Britannia Road West,,,43.568794,-79.743188,node,1408892063,https://www.openstreetmap.org/node/1408892063,"https://www.google.com/maps/search/?api=1&query=43.5687936,-79.7431884"
Canadian Tire Auto Centre,shop:car_repair,,,,,,43.582297,-79.761294,node,12731971947,https://www.openstreetmap.org/node/12731971947,"https://www.google.com/maps/search/?api=1&query=43.5822971,-79.7612942"
Castrol Quick Lube,shop:car_repair,,,,,,43.648027,-79.708021,node,5695564849,https://www.openstreetmap.org/node/5695564849,"https://www.google.com/maps/search/?api=1&query=43.6480271,-79.7080208"
Coachworks Automotive,shop:car_repair,,701,Main Street East,Milton,,43.523799,-79.872016,node,2205280127,https://www.openstreetmap.org/node/2205280127,"https://www.google.com/maps/search/?api=1&query=43.5237986,-79.8720159"
Colorworks,shop:car_repair,,,,,,43.329717,-79.821283,node,10967668472,https://www.openstreetmap.org/node/10967668472,"https://www.google.com/maps/search/?api=1&query=43.3297172,-79.821283"
CSN Collision Centres,shop:car_repair,,,,,,43.524421,-79.871572,node,10934601934,https://www.openstreetmap.org/node/10934601934,"https://www.google.com/maps/search/?api=1&query=43.5244213,-79.8715716"
Daley's Auto Service,shop:car_repair,+1-905-826-1512,,,,,43.581837,-79.716368,node,3459661429,https://www.openstreetmap.org/node/3459661429,"https://www.google.com/maps/search/?api=1&query=43.5818369,-79.7163677"
DNS Auto,shop:car_repair,,,,,,43.694427,-79.734994,node,12321368577,https://www.openstreetmap.org/node/12321368577,"https://www.google.com/maps/search/?api=1&query=43.6944268,-79.7349937"
Eazy Auto Service,shop:car_repair,,,,,,43.677506,-79.768386,node,12810688724,https://www.openstreetmap.org/node/12810688724,"https://www.google.com/maps/search/?api=1&query=43.6775065,-79.7683857"
Firestone,shop:car_repair,,2345,Fairview Street,Burlington,L7R 2E3,43.344283,-79.801796,node,419363401,https://www.openstreetmap.org/node/419363401,"https://www.google.com/maps/search/?api=1&query=43.3442831,-79.8017963"
Firestone,shop:car_repair,,,,,,43.328619,-79.801383,node,621417427,https://www.openstreetmap.org/node/621417427,"https://www.google.com/maps/search/?api=1&query=43.3286186,-79.8013828"
Firestone,shop:car_repair,,,,,,43.694839,-79.747691,node,887632133,https://www.openstreetmap.org/node/887632133,"https://www.google.com/maps/search/?api=1&query=43.6948391,-79.7476908"
Fix Auto,shop:car_repair,,,,,,43.578085,-79.715514,node,8969088370,https://www.openstreetmap.org/node/8969088370,"https://www.google.com/maps/search/?api=1&query=43.5780847,-79.7155142"
George's Auto Centre,shop:car_repair,+1-905-827-2442,,,,,43.439966,-79.772498,node,4512901448,https://www.openstreetmap.org/node/4512901448,"https://www.google.com/maps/search/?api=1&query=43.4399665,-79.7724982"
Georgetown Import,shop:car_repair,,,,,,43.648434,-79.881929,node,2729703716,https://www.openstreetmap.org/node/2729703716,"https://www.google.com/maps/search/?api=1&query=43.6484338,-79.8819286"
Goodyear,shop:car_repair,,,,,,43.708770,-79.792173,node,2267222367,https://www.openstreetmap.org/node/2267222367,"https://www.google.com/maps/search/?api=1&query=43.7087695,-79.7921729"
Goodyear,shop:car_repair,,,,,,43.649561,-79.882838,node,4280399114,https://www.openstreetmap.org/node/4280399114,"https://www.google.com/maps/search/?api=1&query=43.6495611,-79.8828381"
Goodyear Select,shop:car_repair,,,,,,43.704339,-79.726075,node,3705929314,https://www.openstreetmap.org/node/3705929314,"https://www.google.com/maps/search/?api=1&query=43.7043394,-79.726075"
Great Canadian Oil Change,shop:car_repair,,,,,,43.509184,-79.888609,node,2206928301,https://www.openstreetmap.org/node/2206928301,"https://www.google.com/maps/search/?api=1&query=43.5091844,-79.8886088"
Halton Transmission,shop:car_repair,,,,,,43.519961,-79.880185,node,2197769203,https://www.openstreetmap.org/node/2197769203,"https://www.google.com/maps/search/?api=1&query=43.519961,-79.880185"
High-Tech Automotive,shop:car_repair,,,,,,43.507651,-79.887279,node,2206990121,https://www.openstreetmap.org/node/2206990121,"https://www.google.com/maps/search/?api=1&query=43.5076511,-79.8872793"
Jerry's Automotive Inc.,shop:car_repair,+1-905-637-1715,,,,,43.306722,-79.853334,node,1356004987,https://www.openstreetmap.org/node/1356004987,"https://www.google.com/maps/search/?api=1&query=43.3067224,-79.8533336"
Jiffy Lube,shop:car_repair,,,,,,43.419406,-79.717269,node,558655841,https://www.openstreetmap.org/node/558655841,"https://www.google.com/maps/search/?api=1&query=43.4194062,-79.7172687"
JP Motors Service Centre,shop:car_repair,,2279,Fairview Street,Burlington,L7R 2E3,43.343364,-79.803600,node,6287442115,https://www.openstreetmap.org/node/6287442115,"https://www.google.com/maps/search/?api=1&query=43.3433641,-79.8035999"
K Detail Plus,shop:car_repair,+1-905-333-5959,,,,,43.329476,-79.821278,node,419363359,https://www.openstreetmap.org/node/419363359,"https://www.google.com/maps/search/?api=1&query=43.3294755,-79.8212782"
KD Auto Service,shop:car_repair,,,,,,43.625719,-79.728868,node,1639665847,https://www.openstreetmap.org/node/1639665847,"https://www.google.com/maps/search/?api=1&query=43.6257192,-79.7288684"
Master Garage,shop:car_repair,,,,,,43.648006,-79.708009,node,12691951143,https://www.openstreetmap.org/node/12691951143,"https://www.google.com/maps/search/?api=1&query=43.6480057,-79.7080085"
Master Mechanic,shop:car_repair,,,,,,43.329813,-79.821347,node,7859019552,https://www.openstreetmap.org/node/7859019552,"https://www.google.com/maps/search/?api=1&query=43.3298125,-79.8213472"
Master Mechanic,shop:car_repair,+1 9058212353,6707,Winston Churchill Boulevard,,,43.582650,-79.762498,node,8968929054,https://www.openstreetmap.org/node/8968929054,"https://www.google.com/maps/search/?api=1&query=43.5826503,-79.762498"
Master Mechanic,shop:car_repair,,,,,,43.663334,-79.730444,node,13093241521,https://www.openstreetmap.org/node/13093241521,"https://www.google.com/maps/search/?api=1&query=43.6633344,-79.7304435"
McKeown Collision,shop:car_repair,,,,,,43.532346,-79.911794,node,4088621282,https://www.openstreetmap.org/node/4088621282,"https://www.google.com/maps/search/?api=1&query=43.5323463,-79.9117935"
mechaniQ,shop:car_repair,,,,,,43.577924,-79.714830,node,8969088371,https://www.openstreetmap.org/node/8969088371,"https://www.google.com/maps/search/?api=1&query=43.5779243,-79.7148299"
Meineke,shop:car_repair,,,,,,43.519701,-79.879844,node,2197769127,https://www.openstreetmap.org/node/2197769127,"https://www.google.com/maps/search/?api=1&query=43.5197014,-79.8798444"
Meineke Car Care Centre,shop:car_repair,,,,,,43.590122,-79.724651,node,3458643213,https://www.openstreetmap.org/node/3458643213,"https://www.google.com/maps/search/?api=1&query=43.5901224,-79.7246508"
Midas,shop:car_repair,,,,,,43.524742,-79.889993,node,2196585463,https://www.openstreetmap.org/node/2196585463,"https://www.google.com/maps/search/?api=1&query=43.5247424,-79.8899926"
Midas,shop:car_repair,,,,,,43.723278,-79.718035,node,3909562325,https://www.openstreetmap.org/node/3909562325,"https://www.google.com/maps/search/?api=1&query=43.7232779,-79.7180352"
Mister Transmission,shop:car_repair,,,,,,43.528573,-79.868030,node,2204624791,https://www.openstreetmap.org/node/2204624791,"https://www.google.com/maps/search/?api=1&query=43.5285733,-79.8680304"
Moga Auto Repairs,shop:car_repair,,,,,,43.694510,-79.734593,node,12321368582,https://www.openstreetmap.org/node/12321368582,"https://www.google.com/maps/search/?api=1&query=43.6945104,-79.7345925"
Mr. Lube,shop:car_repair,,,,,,43.577570,-79.733036,node,1408882205,https://www.openstreetmap.org/node/1408882205,"https://www.google.com/maps/search/?api=1&query=43.5775697,-79.7330364"
Mr. Lube,shop:car_repair,,,,,,43.465169,-79.743810,node,2138422522,https://www.openstreetmap.org/node/2138422522,"https://www.google.com/maps/search/?api=1&query=43.4651687,-79.7438098"
Mr. Lube,shop:car_repair,,1525,Main Street East,,,43.539138,-79.855621,node,2199560012,https://www.openstreetmap.org/node/2199560012,"https://www.google.com/maps/search/?api=1&query=43.5391375,-79.855621"
Mr. Lube,shop:car_repair,,,,,,43.701514,-79.741662,node,12810703867,https://www.openstreetmap.org/node/12810703867,"https://www.google.com/maps/search/?api=1&query=43.7015139,-79.7416619"
NAPA Autopro,shop:car_repair,,,,,,43.337566,-79.953326,node,3824034559,https://www.openstreetmap.org/node/3824034559,"https://www.google.com/maps/search/?api=1&query=43.3375661,-79.9533255"
NAPA AutoPro,shop:car_repair,,,,,,43.652960,-79.906239,node,10982436506,https://www.openstreetmap.org/node/10982436506,"https://www.google.com/maps/search/?api=1&query=43.6529595,-79.9062392"
New Punjab Auto Clinic,shop:car_repair,,,,,,43.695172,-79.734785,node,12646678065,https://www.openstreetmap.org/node/12646678065,"https://www.google.com/maps/search/?api=1&query=43.6951715,-79.7347854"
Oil Changers,shop:car_repair,,,,,,43.673821,-79.725297,node,2753060014,https://www.openstreetmap.org/node/2753060014,"https://www.google.com/maps/search/?api=1&query=43.6738209,-79.7252969"
PGL Truck Centre,shop:car_repair,,,,,,43.695636,-79.733687,node,12646678066,https://www.openstreetmap.org/node/12646678066,"https://www.google.com/maps/search/?api=1&query=43.6956365,-79.7336874"
Phantom Automotive,shop:car_repair,,,,,,43.694475,-79.734764,node,12321368579,https://www.openstreetmap.org/node/12321368579,"https://www.google.com/maps/search/?api=1&query=43.6944749,-79.734764"
Plains Road Auto,shop:car_repair,+1-905-637-0661,,,,,43.304765,-79.855878,node,1356836674,https://www.openstreetmap.org/node/1356836674,"https://www.google.com/maps/search/?api=1&query=43.3047648,-79.8558781"
Precision Auto Repairs,shop:car_repair,,,,,,43.694305,-79.735587,node,12321368572,https://www.openstreetmap.org/node/12321368572,"https://www.google.com/maps/search/?api=1&query=43.6943052,-79.735587"
Premium Tire & Auto Centre,shop:car_repair,,,,,,43.651143,-79.712174,node,414587714,https://www.openstreetmap.org/node/414587714,"https://www.google.com/maps/search/?api=1&query=43.6511433,-79.7121742"
Pro Oil Change,shop:car_repair,,,,,,43.535426,-79.877388,node,725881753,https://www.openstreetmap.org/node/725881753,"https://www.google.com/maps/search/?api=1&query=43.5354261,-79.8773885"
Pro Oil Change,shop:car_repair,,,,,,43.649731,-79.883748,node,4280400192,https://www.openstreetmap.org/node/4280400192,"https://www.google.com/maps/search/?api=1&query=43.6497309,-79.8837483"
Prozone Auto Collision,shop:car_repair,,,,,,43.700959,-79.744232,node,12810703866,https://www.openstreetmap.org/node/12810703866,"https://www.google.com/maps/search/?api=1&query=43.7009592,-79.7442317"
ROC Rustproofers of Canada,shop:car_repair,,,,,,43.583092,-79.762486,node,12869542907,https://www.openstreetmap.org/node/12869542907,"https://www.google.com/maps/search/?api=1&query=43.5830917,-79.7624859"
Royal Lube,shop:car_repair,,,,,,43.585156,-79.741027,node,4017888660,https://www.openstreetmap.org/node/4017888660,"https://www.google.com/maps/search/?api=1&query=43.5851556,-79.7410272"
Shift Fix Transmissions,shop:car_repair,,,,,,43.582932,-79.762502,node,12869542906,https://www.openstreetmap.org/node/12869542906,"https://www.google.com/maps/search/?api=1&query=43.5829316,-79.7625023"
SMIT Auto Body,shop:car_repair,,,,,,43.332292,-79.812309,node,7859101129,https://www.openstreetmap.org/node/7859101129,"https://www.google.com/maps/search/?api=1&query=43.3322918,-79.8123092"
Speedy,shop:car_repair,,,,,,43.354907,-79.808894,node,2953499520,https://www.openstreetmap.org/node/2953499520,"https://www.google.com/maps/search/?api=1&query=43.3549068,-79.8088945"
Speedy,shop:car_repair,,251,Queen Street East,,,43.699188,-79.744839,node,10909776060,https://www.openstreetmap.org/node/10909776060,"https://www.google.com/maps/search/?api=1&query=43.6991879,-79.7448392"
Speedy Auto Service,shop:car_repair,,,,,,43.345773,-79.796011,node,3179955378,https://www.openstreetmap.org/node/3179955378,"https://www.google.com/maps/search/?api=1&query=43.3457729,-79.7960109"
Speedy Glass,shop:car_repair,,,,,,43.329570,-79.821124,node,7859019553,https://www.openstreetmap.org/node/7859019553,"https://www.google.com/maps/search/?api=1&query=43.3295703,-79.8211238"
Speedy Glass,shop:car_repair,,,,,,43.525324,-79.870482,node,10934592497,https://www.openstreetmap.org/node/10934592497,"https://www.google.com/maps/search/?api=1&query=43.5253236,-79.8704824"
SWC Automotive,shop:car_repair,,,,,,43.333178,-79.811964,node,7859141659,https://www.openstreetmap.org/node/7859141659,"https://www.google.com/maps/search/?api=1&query=43.3331781,-79.8119643"
T & T Auto Repair,shop:car_repair,,,,,,43.607686,-79.894445,node,3812899495,https://www.openstreetmap.org/node/3812899495,"https://www.google.com/maps/search/?api=1&query=43.6076864,-79.8944446"
Tirecraft,shop:car_repair,,,,,,43.329394,-79.821644,node,7859016108,https://www.openstreetmap.org/node/7859016108,"https://www.google.com/maps/search/?api=1&query=43.3293945,-79.8216438"
Top Notch Motor,shop:car_repair,,,,,,43.698073,-79.747412,node,10909780770,https://www.openstreetmap.org/node/10909780770,"https://www.google.com/maps/search/?api=1&query=43.6980735,-79.7474118"
Top Tech Auto,shop:car_repair,,,,,,43.694323,-79.735490,node,12321368573,https://www.openstreetmap.org/node/12321368573,"https://www.google.com/maps/search/?api=1&query=43.6943232,-79.7354901"
Uni-Star Auto Collision,shop:car_repair,,,,,,43.694453,-79.734866,node,12321368578,https://www.openstreetmap.org/node/12321368578,"https://www.google.com/maps/search/?api=1&query=43.6944527,-79.734866"
Unity Pro Auto Service,shop:car_repair,+1 905 569 8400,3105,Unity Drive,,,43.539114,-79.709654,node,10592386564,https://www.openstreetmap.org/node/10592386564,"https://www.google.com/maps/search/?api=1&query=43.5391144,-79.7096542"
Valvoline Quick Lube,shop:car_repair,,,,,,43.329441,-79.821482,node,7859016110,https://www.openstreetmap.org/node/7859016110,"https://www.google.com/maps/search/?api=1&query=43.329441,-79.8214819"
Waterdown Collision,shop:car_repair,,,,,,43.313438,-79.915668,node,4360514964,https://www.openstreetmap.org/node/4360514964,"https://www.google.com/maps/search/?api=1&query=43.3134385,-79.9156679"
End of the Roll,shop:carpet,,,,,,43.344807,-79.818963,node,1964749660,https://www.openstreetmap.org/node/1964749660,"https://www.google.com/maps/search/?api=1&query=43.3448074,-79.8189632"
End of the Roll,shop:carpet,,,,,,43.704291,-79.740639,node,6226609537,https://www.openstreetmap.org/node/6226609537,"https://www.google.com/maps/search/?api=1&query=43.7042907,-79.7406394"
Omar Rugs,shop:carpet,,,,,,43.666209,-79.739103,node,6566848320,https://www.openstreetmap.org/node/6566848320,"https://www.google.com/maps/search/?api=1&query=43.6662087,-79.739103"
Omar Rugs,shop:carpet,,,,,,43.715462,-79.720997,node,6659686724,https://www.openstreetmap.org/node/6659686724,"https://www.google.com/maps/search/?api=1&query=43.7154618,-79.7209969"
Signature Rug,shop:carpet,,280,Guelph Street,,,43.648640,-79.898028,node,6533199659,https://www.openstreetmap.org/node/6533199659,"https://www.google.com/maps/search/?api=1&query=43.6486405,-79.8980276"
Sun Shine Rug,shop:carpet,,,,,,43.518063,-79.874697,node,6628676239,https://www.openstreetmap.org/node/6628676239,"https://www.google.com/maps/search/?api=1&query=43.5180632,-79.8746969"
The Carpet Palace,shop:carpet,,,,,,43.646642,-79.858891,node,2904867146,https://www.openstreetmap.org/node/2904867146,"https://www.google.com/maps/search/?api=1&query=43.646642,-79.858891"
Habitat for Humanity ReStore,shop:charity,,700,Main Street East,Milton,,43.523097,-79.871667,node,724838253,https://www.openstreetmap.org/node/724838253,"https://www.google.com/maps/search/?api=1&query=43.5230972,-79.871667"
The Salvation Army,shop:charity,,,,,,43.517234,-79.877992,node,724847057,https://www.openstreetmap.org/node/724847057,"https://www.google.com/maps/search/?api=1&query=43.517234,-79.8779922"
The Salvation Army,shop:charity,,,,,,43.700319,-79.742254,node,6226609526,https://www.openstreetmap.org/node/6226609526,"https://www.google.com/maps/search/?api=1&query=43.7003194,-79.7422538"
The Salvation Army,shop:charity,,,,,,43.353159,-79.788203,node,7061164015,https://www.openstreetmap.org/node/7061164015,"https://www.google.com/maps/search/?api=1&query=43.3531591,-79.7882034"
The Salvation Army,shop:charity,,,,,,43.332267,-79.896316,node,7092015761,https://www.openstreetmap.org/node/7092015761,"https://www.google.com/maps/search/?api=1&query=43.3322673,-79.8963163"
The Salvation Army,shop:charity,,,,,,43.650056,-79.925483,node,10981538506,https://www.openstreetmap.org/node/10981538506,"https://www.google.com/maps/search/?api=1&query=43.6500565,-79.9254834"
Mill Street Cheese Market,shop:cheese,,,,,,43.650298,-79.926972,node,10981528812,https://www.openstreetmap.org/node/10981528812,"https://www.google.com/maps/search/?api=1&query=43.6502976,-79.9269717"
City Drug Mart Pharmacy,shop:chemist,+1 905-457-2400,,,,,43.700960,-79.778938,node,10660381192,https://www.openstreetmap.org/node/10660381192,"https://www.google.com/maps/search/?api=1&query=43.7009595,-79.7789385"
Fandor Pharmacy,shop:chemist,,,,,,43.689917,-79.814637,node,9968776309,https://www.openstreetmap.org/node/9968776309,"https://www.google.com/maps/search/?api=1&query=43.6899174,-79.8146371"
Dip n dip Chocolate Cafe,shop:chocolate,,,,,,43.391375,-79.787899,node,7059152362,https://www.openstreetmap.org/node/7059152362,"https://www.google.com/maps/search/?api=1&query=43.3913752,-79.7878988"
Laura Secord,shop:chocolate,,,,,,43.715149,-79.722181,node,2077031200,https://www.openstreetmap.org/node/2077031200,"https://www.google.com/maps/search/?api=1&query=43.7151486,-79.7221807"
Laura Secord,shop:chocolate,,5100,Erin Mills Parkway,,,43.558820,-79.711454,node,6556575941,https://www.openstreetmap.org/node/6556575941,"https://www.google.com/maps/search/?api=1&query=43.5588203,-79.7114539"
Laura Secord,shop:chocolate,,,,,,43.348547,-79.793292,node,6629362824,https://www.openstreetmap.org/node/6629362824,"https://www.google.com/maps/search/?api=1&query=43.3485474,-79.7932923"
Lindt,shop:chocolate,,,,,,43.397617,-79.749536,node,1967735084,https://www.openstreetmap.org/node/1967735084,"https://www.google.com/maps/search/?api=1&query=43.3976173,-79.7495364"
Lindt,shop:chocolate,,,,,,43.574235,-79.830838,node,6655586775,https://www.openstreetmap.org/node/6655586775,"https://www.google.com/maps/search/?api=1&query=43.5742351,-79.8308377"
Michael Hill,shop:chocolate,,,,,,43.575260,-79.831475,node,6655614302,https://www.openstreetmap.org/node/6655614302,"https://www.google.com/maps/search/?api=1&query=43.5752599,-79.8314751"
Purdys Chocolatier,shop:chocolate,,,,,,43.715032,-79.722689,node,2077031206,https://www.openstreetmap.org/node/2077031206,"https://www.google.com/maps/search/?api=1&query=43.7150324,-79.7226894"
Purdys Chocolatier,shop:chocolate,,5100,Erin Mills Parkway,,,43.558193,-79.711909,node,6557896317,https://www.openstreetmap.org/node/6557896317,"https://www.google.com/maps/search/?api=1&query=43.5581926,-79.7119092"
Purdys Chocolatier,shop:chocolate,,,,,,43.325732,-79.820260,node,6632429814,https://www.openstreetmap.org/node/6632429814,"https://www.google.com/maps/search/?api=1&query=43.3257319,-79.8202601"
Walker's Chocolates,shop:chocolate,,,,,,43.354617,-79.784055,node,3868398493,https://www.openstreetmap.org/node/3868398493,"https://www.google.com/maps/search/?api=1&query=43.3546172,-79.7840549"
European Time,shop:clock,,,,,,43.394220,-79.711112,node,385027428,https://www.openstreetmap.org/node/385027428,"https://www.google.com/maps/search/?api=1&query=43.3942197,-79.7111116"
Abercrombie & Fitch,shop:clothes,,,,,,43.576141,-79.828407,node,6655572398,https://www.openstreetmap.org/node/6655572398,"https://www.google.com/maps/search/?api=1&query=43.5761414,-79.8284066"
Addition Elle,shop:clothes,,,,,,43.397856,-79.751891,node,1967735103,https://www.openstreetmap.org/node/1967735103,"https://www.google.com/maps/search/?api=1&query=43.3978557,-79.7518911"
Addition Elle,shop:clothes,,,,,,43.324781,-79.819077,node,6632429830,https://www.openstreetmap.org/node/6632429830,"https://www.google.com/maps/search/?api=1&query=43.3247805,-79.819077"
Aerie,shop:clothes,+1 905-634-3965,,,,,43.325057,-79.819336,node,6632429821,https://www.openstreetmap.org/node/6632429821,"https://www.google.com/maps/search/?api=1&query=43.3250573,-79.8193358"
Aerie,shop:clothes,,,,,,43.576237,-79.829313,node,6655589988,https://www.openstreetmap.org/node/6655589988,"https://www.google.com/maps/search/?api=1&query=43.5762368,-79.8293126"
Alia N TanJay,shop:clothes,,280,Guelph Street,,,43.648675,-79.899051,node,6533178851,https://www.openstreetmap.org/node/6533178851,"https://www.google.com/maps/search/?api=1&query=43.6486746,-79.8990511"
Alia N TanJay,shop:clothes,,,,,,43.517755,-79.875006,node,6628676226,https://www.openstreetmap.org/node/6628676226,"https://www.google.com/maps/search/?api=1&query=43.5177551,-79.8750059"
Alia N TanJay,shop:clothes,,,,,,43.348856,-79.792858,node,6629375203,https://www.openstreetmap.org/node/6629375203,"https://www.google.com/maps/search/?api=1&query=43.3488558,-79.7928585"
Alia N TanJay,shop:clothes,,,,,,43.715217,-79.722590,node,6661106819,https://www.openstreetmap.org/node/6661106819,"https://www.google.com/maps/search/?api=1&query=43.7152174,-79.7225898"
AllSaints,shop:clothes,,,,,,43.574558,-79.830422,node,6655586778,https://www.openstreetmap.org/node/6655586778,"https://www.google.com/maps/search/?api=1&query=43.5745581,-79.8304219"
American Eagle Outfitters,shop:clothes,,,,,,43.716200,-79.722441,node,2077031182,https://www.openstreetmap.org/node/2077031182,"https://www.google.com/maps/search/?api=1&query=43.7162004,-79.7224412"
American Eagle Outfitters,shop:clothes,,,,,,43.326919,-79.820753,node,6632427694,https://www.openstreetmap.org/node/6632427694,"https://www.google.com/maps/search/?api=1&query=43.3269191,-79.8207528"
American Eagle Outfitters,shop:clothes,,,,,,43.576015,-79.829226,node,6655571879,https://www.openstreetmap.org/node/6655571879,"https://www.google.com/maps/search/?api=1&query=43.5760155,-79.8292259"
Anita Urban Fashion,shop:clothes,,,,,,43.683833,-79.812203,node,1922035130,https://www.openstreetmap.org/node/1922035130,"https://www.google.com/maps/search/?api=1&query=43.6838327,-79.8122028"
Anna Bella,shop:clothes,,5100,Erin Mills Parkway,,,43.559187,-79.712044,node,6556405152,https://www.openstreetmap.org/node/6556405152,"https://www.google.com/maps/search/?api=1&query=43.5591874,-79.7120443"
Anna Bella,shop:clothes,,,,,,43.326938,-79.820671,node,6632463415,https://www.openstreetmap.org/node/6632463415,"https://www.google.com/maps/search/?api=1&query=43.3269378,-79.8206711"
Anna Bella,shop:clothes,,,,,,43.575433,-79.828734,node,6655491679,https://www.openstreetmap.org/node/6655491679,"https://www.google.com/maps/search/?api=1&query=43.5754327,-79.8287345"
Anna Bella,shop:clothes,,,,,,43.715144,-79.722889,node,6660982638,https://www.openstreetmap.org/node/6660982638,"https://www.google.com/maps/search/?api=1&query=43.7151442,-79.7228889"
Appolon Fine Men’s Wear,shop:clothes,,,,,,43.715893,-79.721696,node,6659697181,https://www.openstreetmap.org/node/6659697181,"https://www.google.com/maps/search/?api=1&query=43.7158935,-79.7216964"
Arc'teryx,shop:clothes,,,,,,43.575613,-79.831298,node,6655614291,https://www.openstreetmap.org/node/6655614291,"https://www.google.com/maps/search/?api=1&query=43.5756126,-79.8312979"
Ardene,shop:clothes,,,,,,43.715996,-79.721725,node,5323098537,https://www.openstreetmap.org/node/5323098537,"https://www.google.com/maps/search/?api=1&query=43.7159962,-79.7217251"
Ardene,shop:clothes,,280,Guelph Street,,,43.648498,-79.897489,node,6533199663,https://www.openstreetmap.org/node/6533199663,"https://www.google.com/maps/search/?api=1&query=43.648498,-79.8974894"
Ardene,shop:clothes,,5100,Erin Mills Parkway,,,43.559157,-79.712394,node,6556429846,https://www.openstreetmap.org/node/6556429846,"https://www.google.com/maps/search/?api=1&query=43.5591575,-79.7123939"
Ardene,shop:clothes,,,,,,43.666585,-79.738383,node,6566641253,https://www.openstreetmap.org/node/6566641253,"https://www.google.com/maps/search/?api=1&query=43.6665846,-79.7383833"
Ardene,shop:clothes,,,,,,43.666435,-79.738120,node,6566641255,https://www.openstreetmap.org/node/6566641255,"https://www.google.com/maps/search/?api=1&query=43.6664348,-79.7381196"
Ardene,shop:clothes,,,,,,43.518032,-79.874443,node,6628654171,https://www.openstreetmap.org/node/6628654171,"https://www.google.com/maps/search/?api=1&query=43.5180322,-79.8744428"
Ardene,shop:clothes,,,,,,43.348209,-79.793766,node,6629362814,https://www.openstreetmap.org/node/6629362814,"https://www.google.com/maps/search/?api=1&query=43.3482089,-79.7937664"
Ardene,shop:clothes,,,,,,43.326753,-79.820655,node,6632427695,https://www.openstreetmap.org/node/6632427695,"https://www.google.com/maps/search/?api=1&query=43.3267533,-79.8206549"
Aritzia,shop:clothes,,,,,,43.716445,-79.722141,node,3849949560,https://www.openstreetmap.org/node/3849949560,"https://www.google.com/maps/search/?api=1&query=43.716445,-79.7221412"
Aritzia,shop:clothes,,,,,,43.325576,-79.820636,node,6632429817,https://www.openstreetmap.org/node/6632429817,"https://www.google.com/maps/search/?api=1&query=43.3255762,-79.820636"
Aritzia,shop:clothes,,,,,,43.575451,-79.831635,node,6655614293,https://www.openstreetmap.org/node/6655614293,"https://www.google.com/maps/search/?api=1&query=43.5754508,-79.8316353"
Armani,shop:clothes,,,,,,43.576177,-79.830551,node,6655590005,https://www.openstreetmap.org/node/6655590005,"https://www.google.com/maps/search/?api=1&query=43.5761773,-79.8305507"
Armani Exchange,shop:clothes,,,,,,43.576331,-79.830344,node,6655590003,https://www.openstreetmap.org/node/6655590003,"https://www.google.com/maps/search/?api=1&query=43.5763313,-79.8303443"
At Eaze,shop:clothes,,,,,,43.715269,-79.722981,node,6663083628,https://www.openstreetmap.org/node/6663083628,"https://www.google.com/maps/search/?api=1&query=43.7152686,-79.7229809"
Aylia Couture Divine Stitches,shop:clothes,,5100,Erin Mills Parkway,,,43.558356,-79.711038,node,6556405148,https://www.openstreetmap.org/node/6556405148,"https://www.google.com/maps/search/?api=1&query=43.5583556,-79.7110379"
Balenciaga,shop:clothes,,,,,,43.575709,-79.831121,node,6655614289,https://www.openstreetmap.org/node/6655614289,"https://www.google.com/maps/search/?api=1&query=43.5757086,-79.8311207"
Banana Republic,shop:clothes,,,,,,43.325706,-79.819827,node,6632465340,https://www.openstreetmap.org/node/6632465340,"https://www.google.com/maps/search/?api=1&query=43.3257058,-79.8198271"
Banana Republic,shop:clothes,,,,,,43.574878,-79.829300,node,6655621197,https://www.openstreetmap.org/node/6655621197,"https://www.google.com/maps/search/?api=1&query=43.5748776,-79.8293003"
Bikini Village,shop:clothes,,,,,,43.326492,-79.820815,node,6632463439,https://www.openstreetmap.org/node/6632463439,"https://www.google.com/maps/search/?api=1&query=43.3264921,-79.8208146"
Blazers for Men,shop:clothes,,,,,,43.445738,-79.704249,node,3303284546,https://www.openstreetmap.org/node/3303284546,"https://www.google.com/maps/search/?api=1&query=43.4457376,-79.7042486"
Bluenotes,shop:clothes,,,,,,43.715779,-79.721443,node,2077031184,https://www.openstreetmap.org/node/2077031184,"https://www.google.com/maps/search/?api=1&query=43.715779,-79.7214432"
Bluenotes,shop:clothes,,280,Guelph Street,,,43.648764,-79.897827,node,6533216829,https://www.openstreetmap.org/node/6533216829,"https://www.google.com/maps/search/?api=1&query=43.6487642,-79.897827"
Bluenotes,shop:clothes,,5100,Erin Mills Parkway,,,43.558361,-79.711837,node,6556405151,https://www.openstreetmap.org/node/6556405151,"https://www.google.com/maps/search/?api=1&query=43.5583607,-79.711837"
Bluenotes,shop:clothes,,,,,,43.666405,-79.737638,node,6566674498,https://www.openstreetmap.org/node/6566674498,"https://www.google.com/maps/search/?api=1&query=43.6664051,-79.7376377"
Bluenotes,shop:clothes,,,,,,43.348218,-79.793407,node,6629362804,https://www.openstreetmap.org/node/6629362804,"https://www.google.com/maps/search/?api=1&query=43.3482184,-79.793407"
Bluenotes,shop:clothes,,,,,,43.324867,-79.819157,node,6632429829,https://www.openstreetmap.org/node/6632429829,"https://www.google.com/maps/search/?api=1&query=43.3248668,-79.8191571"
Boathouse,shop:clothes,,5100,Erin Mills Parkway,,,43.559036,-79.712381,node,6556405161,https://www.openstreetmap.org/node/6556405161,"https://www.google.com/maps/search/?api=1&query=43.5590365,-79.7123811"
Boathouse,shop:clothes,,,,,,43.325673,-79.820199,node,6632429820,https://www.openstreetmap.org/node/6632429820,"https://www.google.com/maps/search/?api=1&query=43.3256725,-79.8201985"
Boathouse,shop:clothes,,,,,,43.716126,-79.722524,node,6661062698,https://www.openstreetmap.org/node/6661062698,"https://www.google.com/maps/search/?api=1&query=43.7161256,-79.722524"
Bonnie Togs,shop:clothes,,,,,,43.540514,-79.869132,node,1738484544,https://www.openstreetmap.org/node/1738484544,"https://www.google.com/maps/search/?api=1&query=43.5405137,-79.8691319"
Branded Burlington,shop:clothes,,418,Pearl Street,Burlington,L7R 2N1,43.326611,-79.794956,node,7376314474,https://www.openstreetmap.org/node/7376314474,"https://www.google.com/maps/search/?api=1&query=43.3266105,-79.7949557"
Brunello Cucinelli,shop:clothes,,,,,,43.576602,-79.830019,node,12247180976,https://www.openstreetmap.org/node/12247180976,"https://www.google.com/maps/search/?api=1&query=43.5766021,-79.8300191"
Burberry,shop:clothes,,,,,,43.574483,-79.830663,node,6655586777,https://www.openstreetmap.org/node/6655586777,"https://www.google.com/maps/search/?api=1&query=43.5744825,-79.8306625"
Bushes Menswear,shop:clothes,,,,,,43.325286,-79.797005,node,1715140801,https://www.openstreetmap.org/node/1715140801,"https://www.google.com/maps/search/?api=1&query=43.3252859,-79.7970053"
BWCollective,shop:clothes,,,,,,43.576738,-79.828964,node,6655572408,https://www.openstreetmap.org/node/6655572408,"https://www.google.com/maps/search/?api=1&query=43.5767383,-79.8289644"
Calvin Klein,shop:clothes,,,,,,43.575149,-79.829051,node,6655491677,https://www.openstreetmap.org/node/6655491677,"https://www.google.com/maps/search/?api=1&query=43.575149,-79.829051"
Carter's,shop:clothes,,,,,,43.715431,-79.722344,node,6662840556,https://www.openstreetmap.org/node/6662840556,"https://www.google.com/maps/search/?api=1&query=43.7154313,-79.722344"
Carter's OshKosh,shop:clothes,,,,,,43.732894,-79.765944,node,1914199440,https://www.openstreetmap.org/node/1914199440,"https://www.google.com/maps/search/?api=1&query=43.7328936,-79.7659435"
Carter's OshKosh,shop:clothes,,280,Guelph Street,,,43.648898,-79.898408,node,6533178859,https://www.openstreetmap.org/node/6533178859,"https://www.google.com/maps/search/?api=1&query=43.648898,-79.8984083"
Carter's OshKosh,shop:clothes,,5100,Erin Mills Parkway,,,43.558365,-79.710930,node,6556389814,https://www.openstreetmap.org/node/6556389814,"https://www.google.com/maps/search/?api=1&query=43.5583645,-79.71093"
Carter's OshKosh,shop:clothes,,,,,,43.576523,-79.828628,node,6655572405,https://www.openstreetmap.org/node/6655572405,"https://www.google.com/maps/search/?api=1&query=43.5765226,-79.8286278"
Cavery,shop:clothes,,5100,Erin Mills Parkway,,,43.558929,-79.712007,node,6556571749,https://www.openstreetmap.org/node/6556571749,"https://www.google.com/maps/search/?api=1&query=43.5589291,-79.7120072"
Cavery,shop:clothes,,,,,,43.666753,-79.738442,node,6566641244,https://www.openstreetmap.org/node/6566641244,"https://www.google.com/maps/search/?api=1&query=43.6667535,-79.7384421"
Cavery,shop:clothes,,,,,,43.325493,-79.819972,node,6632452568,https://www.openstreetmap.org/node/6632452568,"https://www.google.com/maps/search/?api=1&query=43.3254932,-79.819972"
Cavery Fashions,shop:clothes,,,,,,43.715939,-79.723151,node,6663083621,https://www.openstreetmap.org/node/6663083621,"https://www.google.com/maps/search/?api=1&query=43.7159392,-79.7231509"
Change Lingerie,shop:clothes,,,,,,43.348428,-79.795089,node,6629331173,https://www.openstreetmap.org/node/6629331173,"https://www.google.com/maps/search/?api=1&query=43.3484279,-79.7950889"
Chic Couture,shop:clothes,,,,,,43.715128,-79.723139,node,6660982639,https://www.openstreetmap.org/node/6660982639,"https://www.google.com/maps/search/?api=1&query=43.7151285,-79.7231393"
Chico's,shop:clothes,,,,,,43.326552,-79.820536,node,6632427702,https://www.openstreetmap.org/node/6632427702,"https://www.google.com/maps/search/?api=1&query=43.3265521,-79.8205364"
City Looks,shop:clothes,,5100,Erin Mills Parkway,,,43.558596,-79.711504,node,6556403978,https://www.openstreetmap.org/node/6556403978,"https://www.google.com/maps/search/?api=1&query=43.5585963,-79.7115036"
Cleo,shop:clothes,,,,,,43.543043,-79.869201,node,1738484554,https://www.openstreetmap.org/node/1738484554,"https://www.google.com/maps/search/?api=1&query=43.5430428,-79.869201"
Cleo,shop:clothes,,280,Guelph Street,,,43.648455,-79.898465,node,6533178855,https://www.openstreetmap.org/node/6533178855,"https://www.google.com/maps/search/?api=1&query=43.6484547,-79.8984645"
Cleo,shop:clothes,,5100,Erin Mills Parkway,,,43.559359,-79.712185,node,6556429845,https://www.openstreetmap.org/node/6556429845,"https://www.google.com/maps/search/?api=1&query=43.5593593,-79.7121845"
Cleo,shop:clothes,,,,,,43.348066,-79.793603,node,6629362807,https://www.openstreetmap.org/node/6629362807,"https://www.google.com/maps/search/?api=1&query=43.3480656,-79.7936032"
Cleo,shop:clothes,,,,,,43.325409,-79.820005,node,6632465361,https://www.openstreetmap.org/node/6632465361,"https://www.google.com/maps/search/?api=1&query=43.3254094,-79.820005"
Cleo,shop:clothes,,,,,,43.715839,-79.721367,node,6662840563,https://www.openstreetmap.org/node/6662840563,"https://www.google.com/maps/search/?api=1&query=43.7158389,-79.7213672"
Cleo,shop:clothes,,,,,,43.407901,-79.811665,node,7060654437,https://www.openstreetmap.org/node/7060654437,"https://www.google.com/maps/search/?api=1&query=43.4079012,-79.8116646"
Coco's Couture,shop:clothes,,,,,,43.665804,-79.738021,node,6566674514,https://www.openstreetmap.org/node/6566674514,"https://www.google.com/maps/search/?api=1&query=43.6658035,-79.7380212"
Columbia,shop:clothes,+1-905-878-7582,13580,Steeles Avenue,Halton Hills,L7G 0J1,43.576250,-79.828161,node,6655572399,https://www.openstreetmap.org/node/6655572399,"https://www.google.com/maps/search/?api=1&query=43.5762496,-79.8281611"
Dancewear Burlington,shop:clothes,,,,,,43.353042,-79.768807,node,3609664320,https://www.openstreetmap.org/node/3609664320,"https://www.google.com/maps/search/?api=1&query=43.3530422,-79.7688074"
Danier,shop:clothes,,,,,,43.574788,-79.829960,node,6655586782,https://www.openstreetmap.org/node/6655586782,"https://www.google.com/maps/search/?api=1&query=43.5747876,-79.82996"
David-Andrew Gentlemen Clothiers,shop:clothes,,,,,,43.686486,-79.760487,node,2295977880,https://www.openstreetmap.org/node/2295977880,"https://www.google.com/maps/search/?api=1&query=43.686486,-79.7604868"
David's Bridal,shop:clothes,,3105,Argentia Road,,,43.598212,-79.786721,node,1714830086,https://www.openstreetmap.org/node/1714830086,"https://www.google.com/maps/search/?api=1&query=43.598212,-79.7867209"
Denise,shop:clothes,,,,,,43.326420,-79.820768,node,6632463438,https://www.openstreetmap.org/node/6632463438,"https://www.google.com/maps/search/?api=1&query=43.3264203,-79.8207684"
Designer Depot,shop:clothes,,,,,,43.715796,-79.724025,node,11181799658,https://www.openstreetmap.org/node/11181799658,"https://www.google.com/maps/search/?api=1&query=43.7157964,-79.7240246"
Diesel,shop:clothes,,,,,,43.575787,-79.828711,node,6655572396,https://www.openstreetmap.org/node/6655572396,"https://www.google.com/maps/search/?api=1&query=43.5757872,-79.8287115"
Ditto's Boutique,shop:clothes,,26B,Main Street East,Milton,,43.509114,-79.887298,node,2216850820,https://www.openstreetmap.org/node/2216850820,"https://www.google.com/maps/search/?api=1&query=43.5091136,-79.8872978"
Dress People,shop:clothes,,,,,,43.347911,-79.793834,node,6629362809,https://www.openstreetmap.org/node/6629362809,"https://www.google.com/maps/search/?api=1&query=43.3479107,-79.7938339"
Dynamite,shop:clothes,,,,,,43.325247,-79.819394,node,6632465344,https://www.openstreetmap.org/node/6632465344,"https://www.google.com/maps/search/?api=1&query=43.3252466,-79.8193941"
Dynamite,shop:clothes,,,,,,43.575035,-79.830489,node,12247229609,https://www.openstreetmap.org/node/12247229609,"https://www.google.com/maps/search/?api=1&query=43.575035,-79.8304887"
Eh Canada,shop:clothes,,5100,Erin Mills Parkway,,,43.557697,-79.712316,node,6556405153,https://www.openstreetmap.org/node/6556405153,"https://www.google.com/maps/search/?api=1&query=43.5576972,-79.7123159"
Fairweather,shop:clothes,,5100,Erin Mills Parkway,,,43.558417,-79.711105,node,6556389818,https://www.openstreetmap.org/node/6556389818,"https://www.google.com/maps/search/?api=1&query=43.5584173,-79.7111048"
Fairweather,shop:clothes,,,,,,43.348136,-79.793874,node,6629362813,https://www.openstreetmap.org/node/6629362813,"https://www.google.com/maps/search/?api=1&query=43.3481361,-79.7938743"
Fairweather,shop:clothes,,,,,,43.715002,-79.722938,node,6660982634,https://www.openstreetmap.org/node/6660982634,"https://www.google.com/maps/search/?api=1&query=43.7150016,-79.7229379"
Fashion Studio,shop:clothes,,,,,,43.517841,-79.875144,node,6628676227,https://www.openstreetmap.org/node/6628676227,"https://www.google.com/maps/search/?api=1&query=43.5178406,-79.8751441"
Forever 21,shop:clothes,,,,,,43.716853,-79.722818,node,12863277566,https://www.openstreetmap.org/node/12863277566,"https://www.google.com/maps/search/?api=1&query=43.716853,-79.7228184"
Forever Summer Swimsuits & Beachwear,shop:clothes,,,,,,43.325365,-79.797104,node,7859167168,https://www.openstreetmap.org/node/7859167168,"https://www.google.com/maps/search/?api=1&query=43.3253651,-79.7971036"
Gap,shop:clothes,,,,,,43.325567,-79.820055,node,6632452569,https://www.openstreetmap.org/node/6632452569,"https://www.google.com/maps/search/?api=1&query=43.3255672,-79.8200552"
Gap,shop:clothes,,,,,,43.575970,-79.829641,node,6655589985,https://www.openstreetmap.org/node/6655589985,"https://www.google.com/maps/search/?api=1&query=43.57597,-79.829641"
Gap Kids,shop:clothes,,,,,,43.325657,-79.819904,node,4353906931,https://www.openstreetmap.org/node/4353906931,"https://www.google.com/maps/search/?api=1&query=43.3256571,-79.819904"
Garage,shop:clothes,,,,,,43.398460,-79.751256,node,1968499455,https://www.openstreetmap.org/node/1968499455,"https://www.google.com/maps/search/?api=1&query=43.3984604,-79.7512561"
Garage,shop:clothes,,5100,Erin Mills Parkway,,,43.558206,-79.712233,node,6556389830,https://www.openstreetmap.org/node/6556389830,"https://www.google.com/maps/search/?api=1&query=43.5582059,-79.7122333"
Garage,shop:clothes,,,,,,43.325169,-79.819450,node,6632429822,https://www.openstreetmap.org/node/6632429822,"https://www.google.com/maps/search/?api=1&query=43.3251693,-79.8194498"
Garage,shop:clothes,,,,,,43.574999,-79.830549,node,6655614317,https://www.openstreetmap.org/node/6655614317,"https://www.google.com/maps/search/?api=1&query=43.5749989,-79.8305489"
Garage,shop:clothes,,,,,,43.715902,-79.721417,node,6659697162,https://www.openstreetmap.org/node/6659697162,"https://www.google.com/maps/search/?api=1&query=43.715902,-79.7214165"
George Richards,shop:clothes,,,,,,43.395817,-79.750148,node,1967735100,https://www.openstreetmap.org/node/1967735100,"https://www.google.com/maps/search/?api=1&query=43.3958169,-79.7501482"
Gerry Lush Gentleman's Clother,shop:clothes,,,,,,43.304180,-79.856814,node,1356849116,https://www.openstreetmap.org/node/1356849116,"https://www.google.com/maps/search/?api=1&query=43.3041804,-79.856814"
Gerry Weber,shop:clothes,,,,,,43.326407,-79.799101,node,1715140818,https://www.openstreetmap.org/node/1715140818,"https://www.google.com/maps/search/?api=1&query=43.326407,-79.799101"
Gilani,shop:clothes,,,,,,43.715329,-79.723080,node,6663083627,https://www.openstreetmap.org/node/6663083627,"https://www.google.com/maps/search/?api=1&query=43.7153287,-79.7230805"
GJ's Couture,shop:clothes,,,,,,43.688251,-79.804867,node,6546837471,https://www.openstreetmap.org/node/6546837471,"https://www.google.com/maps/search/?api=1&query=43.6882508,-79.8048672"
Gold Vintage,shop:clothes,,,,,,43.650371,-79.912072,node,6535783957,https://www.openstreetmap.org/node/6535783957,"https://www.google.com/maps/search/?api=1&query=43.6503705,-79.9120724"
Gopika's,shop:clothes,,5100,Erin Mills Parkway,,,43.558145,-79.712355,node,6556571729,https://www.openstreetmap.org/node/6556571729,"https://www.google.com/maps/search/?api=1&query=43.5581446,-79.7123552"
Gucci,shop:clothes,,,,,,43.575964,-79.830384,node,6655589998,https://www.openstreetmap.org/node/6655589998,"https://www.google.com/maps/search/?api=1&query=43.5759642,-79.8303844"
Guess,shop:clothes,,,,,,43.732750,-79.765697,node,1914199476,https://www.openstreetmap.org/node/1914199476,"https://www.google.com/maps/search/?api=1&query=43.7327502,-79.7656967"
Guess,shop:clothes,,,,,,43.398144,-79.751586,node,1967735077,https://www.openstreetmap.org/node/1967735077,"https://www.google.com/maps/search/?api=1&query=43.3981439,-79.7515861"
Guess,shop:clothes,,,,,,43.716505,-79.722000,node,3849949567,https://www.openstreetmap.org/node/3849949567,"https://www.google.com/maps/search/?api=1&query=43.7165053,-79.7219996"
Guess,shop:clothes,,,,,,43.574975,-79.831176,node,6655614304,https://www.openstreetmap.org/node/6655614304,"https://www.google.com/maps/search/?api=1&query=43.5749749,-79.8311758"
H&M,shop:clothes,,,,,,43.716367,-79.722705,node,3849949568,https://www.openstreetmap.org/node/3849949568,"https://www.google.com/maps/search/?api=1&query=43.7163672,-79.7227052"
H&M,shop:clothes,,5100,Erin Mills Parkway,,,43.557985,-79.711967,node,6556389825,https://www.openstreetmap.org/node/6556389825,"https://www.google.com/maps/search/?api=1&query=43.557985,-79.711967"
H&M,shop:clothes,,,,,,43.324933,-79.819732,node,6632429840,https://www.openstreetmap.org/node/6632429840,"https://www.google.com/maps/search/?api=1&query=43.3249329,-79.8197317"
Helly Hansen,shop:clothes,,,,,,43.576645,-79.829635,node,12247180973,https://www.openstreetmap.org/node/12247180973,"https://www.google.com/maps/search/?api=1&query=43.5766446,-79.8296355"
Hollister,shop:clothes,,,,,,43.716361,-79.722105,node,6662840577,https://www.openstreetmap.org/node/6662840577,"https://www.google.com/maps/search/?api=1&query=43.7163605,-79.722105"
Hollywood Fashions,shop:clothes,,,,,,43.666080,-79.738563,node,6566848325,https://www.openstreetmap.org/node/6566848325,"https://www.google.com/maps/search/?api=1&query=43.6660799,-79.7385633"
Hot Topic,shop:clothes,,,,,,43.715869,-79.723101,node,5483759865,https://www.openstreetmap.org/node/5483759865,"https://www.google.com/maps/search/?api=1&query=43.7158691,-79.7231006"
Hot Topic,shop:clothes,,,,,,43.325572,-79.819823,node,6632429823,https://www.openstreetmap.org/node/6632429823,"https://www.google.com/maps/search/?api=1&query=43.3255717,-79.8198226"
Hugo Boss,shop:clothes,,,,,,43.575642,-79.830740,node,6655614296,https://www.openstreetmap.org/node/6655614296,"https://www.google.com/maps/search/?api=1&query=43.5756416,-79.8307402"
Hugo Outlet,shop:clothes,,,,,,43.575731,-79.828413,node,6655572388,https://www.openstreetmap.org/node/6655572388,"https://www.google.com/maps/search/?api=1&query=43.5757313,-79.8284128"
Image Fashions,shop:clothes,,,,,,43.665729,-79.737885,node,6566674513,https://www.openstreetmap.org/node/6566674513,"https://www.google.com/maps/search/?api=1&query=43.6657291,-79.7378846"
International Clothiers,shop:clothes,,,,,,43.714823,-79.722942,node,3852186208,https://www.openstreetmap.org/node/3852186208,"https://www.google.com/maps/search/?api=1&query=43.7148234,-79.7229424"
Into Fashion,shop:clothes,,,,,,43.665840,-79.738083,node,6566674515,https://www.openstreetmap.org/node/6566674515,"https://www.google.com/maps/search/?api=1&query=43.6658404,-79.7380828"
Isabelle Lis,shop:clothes,,,,,,43.665555,-79.737553,node,6566646182,https://www.openstreetmap.org/node/6566646182,"https://www.google.com/maps/search/?api=1&query=43.6655548,-79.7375529"
J. Michaels,shop:clothes,,,,,,43.326777,-79.820973,node,6632463434,https://www.openstreetmap.org/node/6632463434,"https://www.google.com/maps/search/?api=1&query=43.3267767,-79.8209733"
J'Adore,shop:clothes,,,,,,43.348320,-79.793255,node,6629362810,https://www.openstreetmap.org/node/6629362810,"https://www.google.com/maps/search/?api=1&query=43.3483203,-79.7932553"
J’Apparelle,shop:clothes,,,,,,43.665497,-79.737474,node,12610700352,https://www.openstreetmap.org/node/12610700352,"https://www.google.com/maps/search/?api=1&query=43.665497,-79.7374737"
Jack & Jones,shop:clothes,,,,,,43.716523,-79.722407,node,3852186210,https://www.openstreetmap.org/node/3852186210,"https://www.google.com/maps/search/?api=1&query=43.7165234,-79.7224072"
Joe Fresh,shop:clothes,,,,,,43.651517,-79.906343,node,2392212241,https://www.openstreetmap.org/node/2392212241,"https://www.google.com/maps/search/?api=1&query=43.6515175,-79.9063432"
Joe Fresh,shop:clothes,,,,,,43.366054,-79.822721,node,3415274306,https://www.openstreetmap.org/node/3415274306,"https://www.google.com/maps/search/?api=1&query=43.3660536,-79.8227213"
Jones New York,shop:clothes,,,,,,43.445840,-79.702727,node,3303289212,https://www.openstreetmap.org/node/3303289212,"https://www.google.com/maps/search/?api=1&query=43.44584,-79.7027274"
Julie's,shop:clothes,,,,,,43.327149,-79.820781,node,6632463413,https://www.openstreetmap.org/node/6632463413,"https://www.google.com/maps/search/?api=1&query=43.3271493,-79.8207809"
Jupe,shop:clothes,,,,,,43.334617,-79.891706,node,3437843257,https://www.openstreetmap.org/node/3437843257,"https://www.google.com/maps/search/?api=1&query=43.334617,-79.8917055"
Jus B' Gauze Fashions,shop:clothes,,,,,,43.353810,-79.769772,node,3422254796,https://www.openstreetmap.org/node/3422254796,"https://www.google.com/maps/search/?api=1&query=43.3538104,-79.769772"
Just Cozy,shop:clothes,,5100,Erin Mills Parkway,,,43.558305,-79.711921,node,6556389823,https://www.openstreetmap.org/node/6556389823,"https://www.google.com/maps/search/?api=1&query=43.5583051,-79.7119214"
Justice,shop:clothes,,,,,,43.324909,-79.819073,node,6632465349,https://www.openstreetmap.org/node/6632465349,"https://www.google.com/maps/search/?api=1&query=43.3249087,-79.8190729"
JV Clothing,shop:clothes,,280,Guelph Street,,,43.648772,-79.897960,node,6533216827,https://www.openstreetmap.org/node/6533216827,"https://www.google.com/maps/search/?api=1&query=43.6487716,-79.8979605"
Karl Lagerfeld,shop:clothes,,,,,,43.575520,-79.828622,node,6655491680,https://www.openstreetmap.org/node/6655491680,"https://www.google.com/maps/search/?api=1&query=43.5755202,-79.8286219"
Kate Spade New York,shop:clothes,,,,,,43.574624,-79.830848,node,6655586776,https://www.openstreetmap.org/node/6655586776,"https://www.google.com/maps/search/?api=1&query=43.5746235,-79.8308483"
Keekee & Rose,shop:clothes,,,,,,43.334339,-79.891473,node,3464174968,https://www.openstreetmap.org/node/3464174968,"https://www.google.com/maps/search/?api=1&query=43.3343385,-79.891473"
KHCustoms,shop:clothes,,587,Thompson Road South,Milton,,43.516889,-79.851272,node,3446671818,https://www.openstreetmap.org/node/3446671818,"https://www.google.com/maps/search/?api=1&query=43.5168888,-79.8512721"
Kit + Ace,shop:clothes,,,,,,43.574357,-79.830993,node,13869500733,https://www.openstreetmap.org/node/13869500733,"https://www.google.com/maps/search/?api=1&query=43.5743566,-79.8309932"
Knix,shop:clothes,,,,,,43.574524,-79.830018,node,6655621190,https://www.openstreetmap.org/node/6655621190,"https://www.google.com/maps/search/?api=1&query=43.5745242,-79.8300178"
Kohinoor Fashion Studio,shop:clothes,+1-905-875-2253,9121,Derry Road West,Milton,,43.517628,-79.851078,node,2271751983,https://www.openstreetmap.org/node/2271751983,"https://www.google.com/maps/search/?api=1&query=43.5176279,-79.8510778"
L&J Bridal Boutique,shop:clothes,,,,,,43.686929,-79.759034,node,13357880993,https://www.openstreetmap.org/node/13357880993,"https://www.google.com/maps/search/?api=1&query=43.6869292,-79.7590344"
La Bichette,shop:clothes,,,,,,43.348586,-79.793881,node,6629375216,https://www.openstreetmap.org/node/6629375216,"https://www.google.com/maps/search/?api=1&query=43.348586,-79.7938814"
La Canadienne,shop:clothes,,,,,,43.574727,-79.829631,node,6655621192,https://www.openstreetmap.org/node/6655621192,"https://www.google.com/maps/search/?api=1&query=43.574727,-79.8296307"
La Senza,shop:clothes,,,,,,43.326240,-79.820661,node,6632463441,https://www.openstreetmap.org/node/6632463441,"https://www.google.com/maps/search/?api=1&query=43.3262399,-79.8206605"
La Senza,shop:clothes,,,,,,43.715307,-79.722360,node,6660982626,https://www.openstreetmap.org/node/6660982626,"https://www.google.com/maps/search/?api=1&query=43.7153074,-79.7223596"
La Vie en Rose,shop:clothes,,,,,,43.733246,-79.766512,node,1914199484,https://www.openstreetmap.org/node/1914199484,"https://www.google.com/maps/search/?api=1&query=43.7332463,-79.7665121"
La Vie en Rose,shop:clothes,,,,,,43.398582,-79.750847,node,1967735108,https://www.openstreetmap.org/node/1967735108,"https://www.google.com/maps/search/?api=1&query=43.3985819,-79.7508471"
La Vie en Rose,shop:clothes,,5100,Erin Mills Parkway,,,43.558035,-79.712221,node,6556389829,https://www.openstreetmap.org/node/6556389829,"https://www.google.com/maps/search/?api=1&query=43.558035,-79.7122211"
La Vie en Rose,shop:clothes,,,,,,43.325449,-79.819580,node,6632465342,https://www.openstreetmap.org/node/6632465342,"https://www.google.com/maps/search/?api=1&query=43.3254485,-79.8195801"
La Vie en Rose,shop:clothes,,,,,,43.576208,-79.828520,node,6655572400,https://www.openstreetmap.org/node/6655572400,"https://www.google.com/maps/search/?api=1&query=43.5762078,-79.8285205"
La Vie en Rose,shop:clothes,,,,,,43.716139,-79.722948,node,6663083616,https://www.openstreetmap.org/node/6663083616,"https://www.google.com/maps/search/?api=1&query=43.7161394,-79.7229479"
Labels,shop:clothes,,,,,,43.398373,-79.750577,node,1080021866,https://www.openstreetmap.org/node/1080021866,"https://www.google.com/maps/search/?api=1&query=43.3983731,-79.7505766"
Labels,shop:clothes,,,,,,43.665988,-79.736956,node,6566646174,https://www.openstreetmap.org/node/6566646174,"https://www.google.com/maps/search/?api=1&query=43.6659882,-79.7369556"
Labels,shop:clothes,,,,,,43.715819,-79.722869,node,6661062702,https://www.openstreetmap.org/node/6661062702,"https://www.google.com/maps/search/?api=1&query=43.7158186,-79.7228691"
Lacoste,shop:clothes,,,,,,43.574255,-79.830506,node,6655621185,https://www.openstreetmap.org/node/6655621185,"https://www.google.com/maps/search/?api=1&query=43.5742547,-79.8305057"
Lana's Boutique,shop:clothes,,,,,,43.393918,-79.711295,node,4020068175,https://www.openstreetmap.org/node/4020068175,"https://www.google.com/maps/search/?api=1&query=43.3939175,-79.7112951"
Laura,shop:clothes,,,,,,43.397312,-79.752061,node,1967735104,https://www.openstreetmap.org/node/1967735104,"https://www.google.com/maps/search/?api=1&query=43.3973117,-79.7520608"
Laura,shop:clothes,,5100,Erin Mills Parkway,,,43.557627,-79.711908,node,6556389826,https://www.openstreetmap.org/node/6556389826,"https://www.google.com/maps/search/?api=1&query=43.557627,-79.7119081"
Laura,shop:clothes,,,,,,43.715632,-79.723092,node,6661062703,https://www.openstreetmap.org/node/6661062703,"https://www.google.com/maps/search/?api=1&query=43.7156319,-79.723092"
Le Château,shop:clothes,,280,Guelph Street,,,43.648780,-79.898104,node,6533216828,https://www.openstreetmap.org/node/6533216828,"https://www.google.com/maps/search/?api=1&query=43.6487795,-79.8981037"
Le Château,shop:clothes,,,,,,43.518161,-79.874329,node,6628654170,https://www.openstreetmap.org/node/6628654170,"https://www.google.com/maps/search/?api=1&query=43.5181605,-79.874329"
Le Château,shop:clothes,,,,,,43.325238,-79.819735,node,6632452565,https://www.openstreetmap.org/node/6632452565,"https://www.google.com/maps/search/?api=1&query=43.3252377,-79.8197348"
Le Château,shop:clothes,,,,,,43.715607,-79.722172,node,6662840557,https://www.openstreetmap.org/node/6662840557,"https://www.google.com/maps/search/?api=1&query=43.7156072,-79.7221715"
Levi's,shop:clothes,+1-905-636-7192,13580,Steeles Avenue,Halton Hills,L7G 5G2,43.574876,-79.829782,node,6655586783,https://www.openstreetmap.org/node/6655586783,"https://www.google.com/maps/search/?api=1&query=43.5748762,-79.829782"
Lids,shop:clothes,,5100,Erin Mills Parkway,,,43.559064,-79.711725,node,6556575932,https://www.openstreetmap.org/node/6556575932,"https://www.google.com/maps/search/?api=1&query=43.559064,-79.7117248"
Lids,shop:clothes,,,,,,43.325669,-79.820400,node,6632429816,https://www.openstreetmap.org/node/6632429816,"https://www.google.com/maps/search/?api=1&query=43.3256692,-79.8204003"
Lids,shop:clothes,,,,,,43.575734,-79.829568,node,6655571882,https://www.openstreetmap.org/node/6655571882,"https://www.google.com/maps/search/?api=1&query=43.5757337,-79.8295679"
Lids,shop:clothes,,,,,,43.715056,-79.722285,node,6661106817,https://www.openstreetmap.org/node/6661106817,"https://www.google.com/maps/search/?api=1&query=43.7150556,-79.7222849"
Limited,shop:clothes,,,,,,43.715159,-79.722663,node,6661106820,https://www.openstreetmap.org/node/6661106820,"https://www.google.com/maps/search/?api=1&query=43.7151587,-79.7226628"
Lululemon,shop:clothes,,,,,,43.326507,-79.821127,node,6632427709,https://www.openstreetmap.org/node/6632427709,"https://www.google.com/maps/search/?api=1&query=43.3265071,-79.8211274"
Lululemon,shop:clothes,,,,,,43.576822,-79.829744,node,12247180977,https://www.openstreetmap.org/node/12247180977,"https://www.google.com/maps/search/?api=1&query=43.5768215,-79.8297438"
M Boutique,shop:clothes,,,,,,43.325013,-79.819171,node,6632465348,https://www.openstreetmap.org/node/6632465348,"https://www.google.com/maps/search/?api=1&query=43.325013,-79.8191715"
Mackage,shop:clothes,,,,,,43.576437,-79.830226,node,6655590001,https://www.openstreetmap.org/node/6655590001,"https://www.google.com/maps/search/?api=1&query=43.5764374,-79.8302257"
Maje,shop:clothes,,,,,,43.575553,-79.830930,node,6655614297,https://www.openstreetmap.org/node/6655614297,"https://www.google.com/maps/search/?api=1&query=43.5755534,-79.8309297"
Marc Jacobs,shop:clothes,,,,,,43.574606,-79.830333,node,6655586779,https://www.openstreetmap.org/node/6655586779,"https://www.google.com/maps/search/?api=1&query=43.5746056,-79.8303334"
Marissa’s Apparel,shop:clothes,,,,,,43.686728,-79.758777,node,12810733879,https://www.openstreetmap.org/node/12810733879,"https://www.google.com/maps/search/?api=1&query=43.6867276,-79.7587772"
Mark's,shop:clothes,,,,,,43.397179,-79.748902,node,1080021917,https://www.openstreetmap.org/node/1080021917,"https://www.google.com/maps/search/?api=1&query=43.3971785,-79.7489018"
Maurices,shop:clothes,,280,Guelph Street,,,43.648834,-79.898884,node,6533178867,https://www.openstreetmap.org/node/6533178867,"https://www.google.com/maps/search/?api=1&query=43.6488341,-79.8988842"
Max Mara,shop:clothes,,,,,,43.576505,-79.830146,node,6655590000,https://www.openstreetmap.org/node/6655590000,"https://www.google.com/maps/search/?api=1&query=43.5765054,-79.8301456"
Mega Childrens Wear,shop:clothes,,,,,,43.666035,-79.738754,node,6566848328,https://www.openstreetmap.org/node/6566848328,"https://www.google.com/maps/search/?api=1&query=43.6660354,-79.7387544"
Melanie Lyne,shop:clothes,,5100,Erin Mills Parkway,,,43.557668,-79.712172,node,6556389827,https://www.openstreetmap.org/node/6556389827,"https://www.google.com/maps/search/?api=1&query=43.5576682,-79.7121723"
Melanie Lyne,shop:clothes,,,,,,43.325799,-79.820051,node,6632429809,https://www.openstreetmap.org/node/6632429809,"https://www.google.com/maps/search/?api=1&query=43.3257992,-79.8200506"
Melanie Lyne,shop:clothes,,,,,,43.716194,-79.722313,node,6662840579,https://www.openstreetmap.org/node/6662840579,"https://www.google.com/maps/search/?api=1&query=43.716194,-79.7223126"
Melanie Lyne,shop:clothes,,,,,,43.715498,-79.723275,node,12863277215,https://www.openstreetmap.org/node/12863277215,"https://www.google.com/maps/search/?api=1&query=43.7154984,-79.7232752"
Mexx,shop:clothes,,,,,,43.539648,-79.872966,node,1738484565,https://www.openstreetmap.org/node/1738484565,"https://www.google.com/maps/search/?api=1&query=43.5396478,-79.8729656"
Mexx Kids,shop:clothes,,,,,,43.539669,-79.872813,node,1738484564,https://www.openstreetmap.org/node/1738484564,"https://www.google.com/maps/search/?api=1&query=43.5396692,-79.8728128"
Michael Kors,shop:clothes,,,,,,43.326523,-79.820706,node,6632427705,https://www.openstreetmap.org/node/6632427705,"https://www.google.com/maps/search/?api=1&query=43.3265225,-79.8207062"
Michael Kors Mens,shop:clothes,,,,,,43.574653,-79.830238,node,6655586780,https://www.openstreetmap.org/node/6655586780,"https://www.google.com/maps/search/?api=1&query=43.574653,-79.8302378"
Michael Kors Outlet,shop:clothes,,,,,,43.574804,-79.829455,node,6655621196,https://www.openstreetmap.org/node/6655621196,"https://www.google.com/maps/search/?api=1&query=43.574804,-79.8294547"
Millennium Wear,shop:clothes,,,,,,43.666672,-79.738571,node,6566641252,https://www.openstreetmap.org/node/6566641252,"https://www.google.com/maps/search/?api=1&query=43.6666716,-79.7385709"
Mirella's Ladies Boutique,shop:clothes,,453,Brant Street,Burlington,L7R 2G3,43.326881,-79.799271,node,7454474889,https://www.openstreetmap.org/node/7454474889,"https://www.google.com/maps/search/?api=1&query=43.3268815,-79.7992711"
Miss Fashion,shop:clothes,,,,,,43.583089,-79.729636,node,12865642496,https://www.openstreetmap.org/node/12865642496,"https://www.google.com/maps/search/?api=1&query=43.5830891,-79.7296361"
Moda,shop:clothes,,5100,Erin Mills Parkway,,,43.559030,-79.712020,node,6556571747,https://www.openstreetmap.org/node/6556571747,"https://www.google.com/maps/search/?api=1&query=43.5590304,-79.7120196"
Modella's Ladywear,shop:clothes,,,,,,43.326765,-79.799125,node,1715140835,https://www.openstreetmap.org/node/1715140835,"https://www.google.com/maps/search/?api=1&query=43.3267654,-79.7991253"
Monique's,shop:clothes,,,,,,43.714807,-79.722573,node,6661106812,https://www.openstreetmap.org/node/6661106812,"https://www.google.com/maps/search/?api=1&query=43.7148075,-79.7225733"
Moniques Collections,shop:clothes,,,,,,43.666128,-79.738647,node,6566848324,https://www.openstreetmap.org/node/6566848324,"https://www.google.com/maps/search/?api=1&query=43.6661279,-79.7386465"
Monsieur Dupont,shop:clothes,,5100,Erin Mills Parkway,,,43.558733,-79.711993,node,6556429851,https://www.openstreetmap.org/node/6556429851,"https://www.google.com/maps/search/?api=1&query=43.5587333,-79.7119934"
Moores,shop:clothes,,,,,,43.595559,-79.789855,node,1714830139,https://www.openstreetmap.org/node/1714830139,"https://www.google.com/maps/search/?api=1&query=43.5955591,-79.7898549"
Moores,shop:clothes,,,,,,43.447429,-79.703264,node,1862970933,https://www.openstreetmap.org/node/1862970933,"https://www.google.com/maps/search/?api=1&query=43.4474289,-79.7032643"
Moores,shop:clothes,,,,,,43.732015,-79.764388,node,1914199432,https://www.openstreetmap.org/node/1914199432,"https://www.google.com/maps/search/?api=1&query=43.7320148,-79.7643883"
Moores,shop:clothes,,,,,,43.732126,-79.764575,node,1914199463,https://www.openstreetmap.org/node/1914199463,"https://www.google.com/maps/search/?api=1&query=43.7321259,-79.7645753"
Moores,shop:clothes,,,,,,43.354330,-79.786784,node,3868398484,https://www.openstreetmap.org/node/3868398484,"https://www.google.com/maps/search/?api=1&query=43.3543298,-79.7867844"
Moose Knuckles,shop:clothes,,,,,,43.574478,-79.831086,node,6655586774,https://www.openstreetmap.org/node/6655586774,"https://www.google.com/maps/search/?api=1&query=43.5744779,-79.8310859"
Mr. Big & Tall,shop:clothes,,,,,,43.539753,-79.872394,node,1738484567,https://www.openstreetmap.org/node/1738484567,"https://www.google.com/maps/search/?api=1&query=43.5397529,-79.8723943"
Nana Couture,shop:clothes,,,,,,43.580461,-79.711790,node,529512115,https://www.openstreetmap.org/node/529512115,"https://www.google.com/maps/search/?api=1&query=43.5804605,-79.7117899"
Nayha Clothing Co.,shop:clothes,,,,,,43.666272,-79.737718,node,13859313398,https://www.openstreetmap.org/node/13859313398,"https://www.google.com/maps/search/?api=1&query=43.6662719,-79.7377185"
Nike,shop:clothes,,13850,Steeles Avenue West,,,43.575694,-79.829959,node,6655571884,https://www.openstreetmap.org/node/6655571884,"https://www.google.com/maps/search/?api=1&query=43.5756945,-79.8299585"
Northern Reflections,shop:clothes,,,,,,43.412374,-79.706481,node,2796900869,https://www.openstreetmap.org/node/2796900869,"https://www.google.com/maps/search/?api=1&query=43.4123743,-79.7064815"
Northern Reflections,shop:clothes,,280,Guelph Street,,,43.648651,-79.898243,node,6533199647,https://www.openstreetmap.org/node/6533199647,"https://www.google.com/maps/search/?api=1&query=43.6486506,-79.8982428"
Northern Reflections,shop:clothes,,,,,,43.518315,-79.874380,node,6628676249,https://www.openstreetmap.org/node/6628676249,"https://www.google.com/maps/search/?api=1&query=43.5183153,-79.8743798"
Northern Reflections,shop:clothes,,,,,,43.348438,-79.793445,node,6629362823,https://www.openstreetmap.org/node/6629362823,"https://www.google.com/maps/search/?api=1&query=43.3484382,-79.7934452"
Northern Reflections,shop:clothes,,,,,,43.326940,-79.821064,node,6632463430,https://www.openstreetmap.org/node/6632463430,"https://www.google.com/maps/search/?api=1&query=43.3269403,-79.8210642"
Northern Reflections,shop:clothes,,,,,,43.715231,-79.723030,node,6660982637,https://www.openstreetmap.org/node/6660982637,"https://www.google.com/maps/search/?api=1&query=43.7152312,-79.7230302"
Northern Reflections,shop:clothes,,,,,,43.559223,-79.712394,node,12960014742,https://www.openstreetmap.org/node/12960014742,"https://www.google.com/maps/search/?api=1&query=43.5592226,-79.712394"
Nubucks Canada,shop:clothes,,5100,Erin Mills Parkway,,,43.557602,-79.712309,node,6556571725,https://www.openstreetmap.org/node/6556571725,"https://www.google.com/maps/search/?api=1&query=43.5576021,-79.712309"
Oak + Fort,shop:clothes,,,,,,43.575085,-79.830935,node,6655614310,https://www.openstreetmap.org/node/6655614310,"https://www.google.com/maps/search/?api=1&query=43.5750852,-79.8309351"
Off The Bench,shop:clothes,,,,,,43.665768,-79.737960,node,13859313390,https://www.openstreetmap.org/node/13859313390,"https://www.google.com/maps/search/?api=1&query=43.6657675,-79.7379603"
Old Navy,shop:clothes,,5100,Erin Mills Parkway,,,43.558403,-79.712538,node,6556571732,https://www.openstreetmap.org/node/6556571732,"https://www.google.com/maps/search/?api=1&query=43.5584033,-79.7125381"
Old Navy,shop:clothes,,,,,,43.348518,-79.795174,node,6629395291,https://www.openstreetmap.org/node/6629395291,"https://www.google.com/maps/search/?api=1&query=43.348518,-79.7951738"
Old Navy,shop:clothes,,,,,,43.575320,-79.831981,node,6655614305,https://www.openstreetmap.org/node/6655614305,"https://www.google.com/maps/search/?api=1&query=43.5753198,-79.8319809"
Paisleys & Bia's,shop:clothes,+1-905-876-2417,537,Thompson Road South,Milton,,43.517048,-79.851524,node,3446671820,https://www.openstreetmap.org/node/3446671820,"https://www.google.com/maps/search/?api=1&query=43.5170483,-79.8515239"
Paparazzi,shop:clothes,,,,,,43.715911,-79.721283,node,6662840564,https://www.openstreetmap.org/node/6662840564,"https://www.google.com/maps/search/?api=1&query=43.7159108,-79.7212825"
Peggy's,shop:clothes,,,,,,43.412389,-79.706006,node,2796930372,https://www.openstreetmap.org/node/2796930372,"https://www.google.com/maps/search/?api=1&query=43.4123888,-79.7060057"
Penningtons,shop:clothes,,,,,,43.707329,-79.733487,node,6547908159,https://www.openstreetmap.org/node/6547908159,"https://www.google.com/maps/search/?api=1&query=43.7073288,-79.7334869"
Persona,shop:clothes,,,,,,43.665204,-79.736828,node,6566646158,https://www.openstreetmap.org/node/6566646158,"https://www.google.com/maps/search/?api=1&query=43.6652043,-79.7368284"
Pink,shop:clothes,,,,,,43.326145,-79.820608,node,6632463442,https://www.openstreetmap.org/node/6632463442,"https://www.google.com/maps/search/?api=1&query=43.3261446,-79.8206082"
Pink,shop:clothes,,,,,,43.715670,-79.720775,node,6659686728,https://www.openstreetmap.org/node/6659686728,"https://www.google.com/maps/search/?api=1&query=43.7156698,-79.7207751"
Plato's Closet,shop:clothes,,,,,,43.518212,-79.873561,node,6628654169,https://www.openstreetmap.org/node/6628654169,"https://www.google.com/maps/search/?api=1&query=43.5182121,-79.8735606"
Point Zero,shop:clothes,,,,,,43.716060,-79.722604,node,6661062699,https://www.openstreetmap.org/node/6661062699,"https://www.google.com/maps/search/?api=1&query=43.7160604,-79.7226036"
Polo Ralph Lauren,shop:clothes,,,,,,43.575348,-79.830395,node,6655614308,https://www.openstreetmap.org/node/6655614308,"https://www.google.com/maps/search/?api=1&query=43.575348,-79.8303954"
Pop-Up Project,shop:clothes,,,,,,43.715649,-79.723327,node,6661062690,https://www.openstreetmap.org/node/6661062690,"https://www.google.com/maps/search/?api=1&query=43.7156495,-79.7233274"
Prada,shop:clothes,,,,,,43.576242,-79.830049,node,6655589996,https://www.openstreetmap.org/node/6655589996,"https://www.google.com/maps/search/?api=1&query=43.5762421,-79.8300485"
Psycho Bunny,shop:clothes,,,,,,43.575333,-79.831324,node,12247249290,https://www.openstreetmap.org/node/12247249290,"https://www.google.com/maps/search/?api=1&query=43.5753328,-79.8313236"
Puma,shop:clothes,,,,,,43.576350,-79.828777,node,6655572402,https://www.openstreetmap.org/node/6655572402,"https://www.google.com/maps/search/?api=1&query=43.5763497,-79.8287767"
Ragstop,shop:clothes,,,,,,43.557537,-79.712159,node,12960067082,https://www.openstreetmap.org/node/12960067082,"https://www.google.com/maps/search/?api=1&query=43.5575367,-79.7121588"
Raw Quest,shop:clothes,,,,,,43.581299,-79.712956,node,3452961420,https://www.openstreetmap.org/node/3452961420,"https://www.google.com/maps/search/?api=1&query=43.5812986,-79.7129563"
Reitmans,shop:clothes,,,,,,43.542878,-79.869390,node,1738484572,https://www.openstreetmap.org/node/1738484572,"https://www.google.com/maps/search/?api=1&query=43.5428779,-79.8693902"
Reitmans,shop:clothes,,,,,,43.733060,-79.766153,node,1914199501,https://www.openstreetmap.org/node/1914199501,"https://www.google.com/maps/search/?api=1&query=43.7330602,-79.7661527"
Reitmans,shop:clothes,,,,,,43.482811,-79.721705,node,3412091328,https://www.openstreetmap.org/node/3412091328,"https://www.google.com/maps/search/?api=1&query=43.4828109,-79.7217053"
Reitmans,shop:clothes,,280,Guelph Street,,,43.648664,-79.898854,node,6533178852,https://www.openstreetmap.org/node/6533178852,"https://www.google.com/maps/search/?api=1&query=43.6486638,-79.898854"
Reitmans,shop:clothes,,5100,Erin Mills Parkway,,,43.557799,-79.712193,node,6556389828,https://www.openstreetmap.org/node/6556389828,"https://www.google.com/maps/search/?api=1&query=43.5577994,-79.7121927"
Reitmans,shop:clothes,,,,,,43.348149,-79.793500,node,6629362806,https://www.openstreetmap.org/node/6629362806,"https://www.google.com/maps/search/?api=1&query=43.3481488,-79.7935004"
Reitmans,shop:clothes,,,,,,43.716098,-79.721598,node,6662840569,https://www.openstreetmap.org/node/6662840569,"https://www.google.com/maps/search/?api=1&query=43.7160982,-79.7215984"
Ricki's,shop:clothes,,,,,,43.482878,-79.721792,node,3412091329,https://www.openstreetmap.org/node/3412091329,"https://www.google.com/maps/search/?api=1&query=43.4828781,-79.7217923"
Ricki's,shop:clothes,,,,,,43.407870,-79.811530,node,4523356884,https://www.openstreetmap.org/node/4523356884,"https://www.google.com/maps/search/?api=1&query=43.40787,-79.81153"
Ricki's,shop:clothes,,,,,,43.715720,-79.721999,node,6662840559,https://www.openstreetmap.org/node/6662840559,"https://www.google.com/maps/search/?api=1&query=43.7157197,-79.7219989"
Rikki's,shop:clothes,,,,,,43.543132,-79.869107,node,1738484573,https://www.openstreetmap.org/node/1738484573,"https://www.google.com/maps/search/?api=1&query=43.5431321,-79.8691073"
Roots,shop:clothes,,,,,,43.716746,-79.722204,node,5283031886,https://www.openstreetmap.org/node/5283031886,"https://www.google.com/maps/search/?api=1&query=43.7167455,-79.7222039"
Roots,shop:clothes,,5100,Erin Mills Parkway,,,43.557805,-79.712331,node,6556571726,https://www.openstreetmap.org/node/6556571726,"https://www.google.com/maps/search/?api=1&query=43.5578053,-79.7123306"
Roots,shop:clothes,,,,,,43.326533,-79.820428,node,6632463422,https://www.openstreetmap.org/node/6632463422,"https://www.google.com/maps/search/?api=1&query=43.3265332,-79.8204279"
Roots,shop:clothes,,,,,,43.574693,-79.829767,node,12247227027,https://www.openstreetmap.org/node/12247227027,"https://www.google.com/maps/search/?api=1&query=43.5746932,-79.8297667"
Roots 73 Outlet Store,shop:clothes,,,,,,43.539720,-79.872550,node,1738484574,https://www.openstreetmap.org/node/1738484574,"https://www.google.com/maps/search/?api=1&query=43.5397198,-79.8725498"
Roots of Kashmir,shop:clothes,,5100,Erin Mills Parkway,,,43.558665,-79.711320,node,6557896295,https://www.openstreetmap.org/node/6557896295,"https://www.google.com/maps/search/?api=1&query=43.5586651,-79.7113205"
Rudsak,shop:clothes,,,,,,43.575499,-79.831041,node,6655614298,https://www.openstreetmap.org/node/6655614298,"https://www.google.com/maps/search/?api=1&query=43.5754988,-79.8310406"
Rush St. for Men,shop:clothes,,,,,,43.665564,-79.737874,node,6566674508,https://www.openstreetmap.org/node/6566674508,"https://www.google.com/maps/search/?api=1&query=43.6655639,-79.737874"
RW&CO.,shop:clothes,,,,,,43.715081,-79.722622,node,2077031209,https://www.openstreetmap.org/node/2077031209,"https://www.google.com/maps/search/?api=1&query=43.7150806,-79.7226225"
RW&CO.,shop:clothes,,5100,Erin Mills Parkway,,,43.558428,-79.712428,node,6556389842,https://www.openstreetmap.org/node/6556389842,"https://www.google.com/maps/search/?api=1&query=43.5584284,-79.7124284"
RW&CO.,shop:clothes,,,,,,43.324909,-79.819542,node,6632465355,https://www.openstreetmap.org/node/6632465355,"https://www.google.com/maps/search/?api=1&query=43.3249087,-79.8195425"
RW&CO.,shop:clothes,,,,,,43.574415,-79.831041,node,13869500734,https://www.openstreetmap.org/node/13869500734,"https://www.google.com/maps/search/?api=1&query=43.5744145,-79.8310405"
Saint Laurent,shop:clothes,,,,,,43.575797,-79.830944,node,6655614287,https://www.openstreetmap.org/node/6655614287,"https://www.google.com/maps/search/?api=1&query=43.5757967,-79.8309436"
Sandro-Paris,shop:clothes,,,,,,43.575424,-79.831156,node,6655614299,https://www.openstreetmap.org/node/6655614299,"https://www.google.com/maps/search/?api=1&query=43.575424,-79.8311562"
Scrivners,shop:clothes,,,,,,43.325505,-79.797253,node,1617384791,https://www.openstreetmap.org/node/1617384791,"https://www.google.com/maps/search/?api=1&query=43.3255055,-79.7972528"
Second Time Around,shop:clothes,,,,,,43.333608,-79.892905,node,2594728397,https://www.openstreetmap.org/node/2594728397,"https://www.google.com/maps/search/?api=1&query=43.3336079,-79.8929045"
Shapings,shop:clothes,,,,,,43.320605,-79.833717,node,7770159421,https://www.openstreetmap.org/node/7770159421,"https://www.google.com/maps/search/?api=1&query=43.320605,-79.8337166"
Shop 20,shop:clothes,,,,,,43.714962,-79.722966,node,6663083639,https://www.openstreetmap.org/node/6663083639,"https://www.google.com/maps/search/?api=1&query=43.7149618,-79.7229664"
Silks,shop:clothes,,,,,,43.715466,-79.721164,node,6659697158,https://www.openstreetmap.org/node/6659697158,"https://www.google.com/maps/search/?api=1&query=43.7154665,-79.7211644"
Silks,shop:clothes,,,,,,43.715235,-79.722425,node,12863264910,https://www.openstreetmap.org/node/12863264910,"https://www.google.com/maps/search/?api=1&query=43.7152353,-79.7224254"
Smart Set,shop:clothes,,,,,,43.539695,-79.872697,node,1738484575,https://www.openstreetmap.org/node/1738484575,"https://www.google.com/maps/search/?api=1&query=43.5396945,-79.8726973"
Society,shop:clothes,,,,,,43.665183,-79.737254,node,6566646165,https://www.openstreetmap.org/node/6566646165,"https://www.google.com/maps/search/?api=1&query=43.6651835,-79.7372537"
Society,shop:clothes,,,,,,43.715276,-79.723379,node,6660982641,https://www.openstreetmap.org/node/6660982641,"https://www.google.com/maps/search/?api=1&query=43.7152757,-79.7233793"
Sorel,shop:clothes,,,,,,43.576415,-79.828447,node,12247258643,https://www.openstreetmap.org/node/12247258643,"https://www.google.com/maps/search/?api=1&query=43.5764148,-79.8284473"
SOUL Underground,shop:clothes,,,,,,43.716048,-79.720807,node,6659697169,https://www.openstreetmap.org/node/6659697169,"https://www.google.com/maps/search/?api=1&query=43.7160475,-79.7208071"
Stars Men's Shop,shop:clothes,,,,,,43.715735,-79.721626,node,6659697159,https://www.openstreetmap.org/node/6659697159,"https://www.google.com/maps/search/?api=1&query=43.7157349,-79.7216255"
Stava's,shop:clothes,,,,,,43.715616,-79.721641,node,6662840560,https://www.openstreetmap.org/node/6662840560,"https://www.google.com/maps/search/?api=1&query=43.7156157,-79.7216406"
Stitches,shop:clothes,,,,,,43.518819,-79.873557,node,4436953097,https://www.openstreetmap.org/node/4436953097,"https://www.google.com/maps/search/?api=1&query=43.5188185,-79.8735573"
Stockhomme,shop:clothes,,5100,Erin Mills Parkway,,,43.558410,-79.711179,node,6556571746,https://www.openstreetmap.org/node/6556571746,"https://www.google.com/maps/search/?api=1&query=43.5584101,-79.7111792"
Strauss Mens Wear,shop:clothes,,,,,,43.327049,-79.821117,node,6632463431,https://www.openstreetmap.org/node/6632463431,"https://www.google.com/maps/search/?api=1&query=43.327049,-79.8211165"
Sukhmani's Boutique,shop:clothes,,,,,,43.637972,-79.728615,node,4011412246,https://www.openstreetmap.org/node/4011412246,"https://www.google.com/maps/search/?api=1&query=43.6379722,-79.728615"
Suzy Le Château,shop:clothes,,5100,Erin Mills Parkway,,,43.558406,-79.711249,node,10158245436,https://www.openstreetmap.org/node/10158245436,"https://www.google.com/maps/search/?api=1&query=43.558406,-79.7112488"
Suzy Shier,shop:clothes,,,,,,43.666654,-79.738272,node,6566641241,https://www.openstreetmap.org/node/6566641241,"https://www.google.com/maps/search/?api=1&query=43.6666539,-79.7382717"
Suzy Shier,shop:clothes,,,,,,43.517913,-79.874979,node,6628676232,https://www.openstreetmap.org/node/6628676232,"https://www.google.com/maps/search/?api=1&query=43.5179128,-79.8749794"
Suzy Shier,shop:clothes,,,,,,43.326592,-79.820747,node,6632427706,https://www.openstreetmap.org/node/6632427706,"https://www.google.com/maps/search/?api=1&query=43.326592,-79.8207469"
Suzy Shier,shop:clothes,,,,,,43.715156,-79.722295,node,6660982632,https://www.openstreetmap.org/node/6660982632,"https://www.google.com/maps/search/?api=1&query=43.7151564,-79.7222948"
T-Shirt Time,shop:clothes,,5100,Erin Mills Parkway,,,43.558801,-79.712339,node,6556389844,https://www.openstreetmap.org/node/6556389844,"https://www.google.com/maps/search/?api=1&query=43.558801,-79.712339"
T-Shirt Time,shop:clothes,,5100,Erin Mills Parkway,,,43.558352,-79.711187,node,6557896302,https://www.openstreetmap.org/node/6557896302,"https://www.google.com/maps/search/?api=1&query=43.5583522,-79.7111867"
T-Shirt Time,shop:clothes,,,,,,43.715128,-79.723268,node,6663083630,https://www.openstreetmap.org/node/6663083630,"https://www.google.com/maps/search/?api=1&query=43.7151281,-79.7232677"
The Children's Place,shop:clothes,,,,,,43.397666,-79.752117,node,1967735101,https://www.openstreetmap.org/node/1967735101,"https://www.google.com/maps/search/?api=1&query=43.3976663,-79.7521172"
The Children's Place,shop:clothes,,5100,Erin Mills Parkway,,,43.558694,-79.711043,node,6557896298,https://www.openstreetmap.org/node/6557896298,"https://www.google.com/maps/search/?api=1&query=43.5586939,-79.711043"
The Children's Place,shop:clothes,,,,,,43.348044,-79.793991,node,6629362812,https://www.openstreetmap.org/node/6629362812,"https://www.google.com/maps/search/?api=1&query=43.3480443,-79.7939914"
The Children's Place,shop:clothes,,,,,,43.575181,-79.830755,node,6655614309,https://www.openstreetmap.org/node/6655614309,"https://www.google.com/maps/search/?api=1&query=43.5751814,-79.8307546"
The Children's Place,shop:clothes,,,,,,43.715463,-79.722171,node,6660982624,https://www.openstreetmap.org/node/6660982624,"https://www.google.com/maps/search/?api=1&query=43.7154625,-79.7221705"
The Fashion Network,shop:clothes,,,,,,43.713800,-79.746075,node,6547925943,https://www.openstreetmap.org/node/6547925943,"https://www.google.com/maps/search/?api=1&query=43.7138005,-79.7460754"
The North Face,shop:clothes,,,,,,43.574803,-79.830921,node,6655614312,https://www.openstreetmap.org/node/6655614312,"https://www.google.com/maps/search/?api=1&query=43.5748032,-79.830921"
The Spot,shop:clothes,,,,,,43.715372,-79.721272,node,6659686738,https://www.openstreetmap.org/node/6659686738,"https://www.google.com/maps/search/?api=1&query=43.7153723,-79.7212722"
Tia Choudhry,shop:clothes,,,,,,43.675663,-79.822479,node,7141388469,https://www.openstreetmap.org/node/7141388469,"https://www.google.com/maps/search/?api=1&query=43.675663,-79.8224793"
Tilley,shop:clothes,,,,,,43.574288,-79.830913,node,13869500732,https://www.openstreetmap.org/node/13869500732,"https://www.google.com/maps/search/?api=1&query=43.5742882,-79.8309133"
Timberland,shop:clothes,,,,,,43.574726,-79.830096,node,6655586781,https://www.openstreetmap.org/node/6655586781,"https://www.google.com/maps/search/?api=1&query=43.5747261,-79.8300962"
Tip Top Tailors,shop:clothes,,,,,,43.540554,-79.868938,node,1738484582,https://www.openstreetmap.org/node/1738484582,"https://www.google.com/maps/search/?api=1&query=43.5405539,-79.8689375"
Tip Top Tailors,shop:clothes,,5100,Erin Mills Parkway,,,43.557730,-79.711846,node,6557896323,https://www.openstreetmap.org/node/6557896323,"https://www.google.com/maps/search/?api=1&query=43.5577304,-79.711846"
Tip Top Tailors,shop:clothes,,,,,,43.348904,-79.792788,node,6629375202,https://www.openstreetmap.org/node/6629375202,"https://www.google.com/maps/search/?api=1&query=43.3489039,-79.7927877"
Tip Top Tailors,shop:clothes,,,,,,43.715323,-79.722112,node,6660982631,https://www.openstreetmap.org/node/6660982631,"https://www.google.com/maps/search/?api=1&query=43.7153231,-79.7221124"
Tip Top Tailors,shop:clothes,,,,,,43.729483,-79.766596,node,12897686721,https://www.openstreetmap.org/node/12897686721,"https://www.google.com/maps/search/?api=1&query=43.7294825,-79.7665957"
Tommy Bahama,shop:clothes,,,,,,43.576325,-79.829213,node,6655589989,https://www.openstreetmap.org/node/6655589989,"https://www.google.com/maps/search/?api=1&query=43.5763252,-79.8292135"
Tommy Hilfiger,shop:clothes,,,,,,43.398145,-79.750258,node,1080021857,https://www.openstreetmap.org/node/1080021857,"https://www.google.com/maps/search/?api=1&query=43.3981446,-79.7502575"
Tommy Hilfiger,shop:clothes,,,,,,43.731196,-79.765278,node,1914199519,https://www.openstreetmap.org/node/1914199519,"https://www.google.com/maps/search/?api=1&query=43.7311958,-79.7652783"
Tommy Hilfiger,shop:clothes,,,,,,43.575228,-79.829901,node,6655614313,https://www.openstreetmap.org/node/6655614313,"https://www.google.com/maps/search/?api=1&query=43.5752284,-79.8299009"
Tommy Hilfiger Women & Kids,shop:clothes,,,,,,43.576530,-79.829719,node,6655589993,https://www.openstreetmap.org/node/6655589993,"https://www.google.com/maps/search/?api=1&query=43.57653,-79.8297189"
Top Ten,shop:clothes,,,,,,43.716431,-79.721994,node,3849949561,https://www.openstreetmap.org/node/3849949561,"https://www.google.com/maps/search/?api=1&query=43.716431,-79.7219943"
Torrid,shop:clothes,,,,,,43.716275,-79.722198,node,6662840578,https://www.openstreetmap.org/node/6662840578,"https://www.google.com/maps/search/?api=1&query=43.716275,-79.7221983"
Tory Burch,shop:clothes,,,,,,43.574417,-79.830225,node,6655621188,https://www.openstreetmap.org/node/6655621188,"https://www.google.com/maps/search/?api=1&query=43.5744167,-79.8302251"
Trendz by B,shop:clothes,+1-905-636-9103,1256,Main Street East,Milton,,43.533913,-79.860389,node,3348659223,https://www.openstreetmap.org/node/3348659223,"https://www.google.com/maps/search/?api=1&query=43.5339132,-79.8603893"
Trespass,shop:clothes,,,,,,43.576462,-79.828538,node,12247258642,https://www.openstreetmap.org/node/12247258642,"https://www.google.com/maps/search/?api=1&query=43.576462,-79.828538"
True Religion,shop:clothes,,,,,,43.575583,-79.828951,node,6655572392,https://www.openstreetmap.org/node/6655572392,"https://www.google.com/maps/search/?api=1&query=43.5755834,-79.8289505"
Tuxedo Royale,shop:clothes,,,,,,43.715058,-79.723163,node,6663083637,https://www.openstreetmap.org/node/6663083637,"https://www.google.com/maps/search/?api=1&query=43.715058,-79.7231626"
Twice the Fun,shop:clothes,,,,,,43.358086,-79.782595,node,7061175372,https://www.openstreetmap.org/node/7061175372,"https://www.google.com/maps/search/?api=1&query=43.3580858,-79.782595"
Uniforms Shoes,shop:clothes,,,,,,43.345880,-79.796124,node,3179956590,https://www.openstreetmap.org/node/3179956590,"https://www.google.com/maps/search/?api=1&query=43.3458799,-79.7961236"
Uniqlo,shop:clothes,,,,,,43.716452,-79.721950,node,12863277960,https://www.openstreetmap.org/node/12863277960,"https://www.google.com/maps/search/?api=1&query=43.716452,-79.7219499"
Urban Behavior,shop:clothes,,,,,,43.732680,-79.765536,node,1914199538,https://www.openstreetmap.org/node/1914199538,"https://www.google.com/maps/search/?api=1&query=43.7326804,-79.7655358"
Urban Kids,shop:clothes,,,,,,43.666592,-79.738134,node,6566674520,https://www.openstreetmap.org/node/6566674520,"https://www.google.com/maps/search/?api=1&query=43.6665918,-79.7381341"
Urban Kids,shop:clothes,,,,,,43.715361,-79.722432,node,6662840555,https://www.openstreetmap.org/node/6662840555,"https://www.google.com/maps/search/?api=1&query=43.7153611,-79.7224318"
Urban Planet,shop:clothes,,,,,,43.396600,-79.751141,node,1967735090,https://www.openstreetmap.org/node/1967735090,"https://www.google.com/maps/search/?api=1&query=43.3966003,-79.7511411"
Urban Planet,shop:clothes,,,,,,43.716980,-79.722458,node,2077031219,https://www.openstreetmap.org/node/2077031219,"https://www.google.com/maps/search/?api=1&query=43.7169795,-79.7224576"
Urban Planet,shop:clothes,,5100,Erin Mills Parkway,,,43.558315,-79.712515,node,6556571731,https://www.openstreetmap.org/node/6556571731,"https://www.google.com/maps/search/?api=1&query=43.5583148,-79.7125151"
Urban Planet,shop:clothes,,,,,,43.665264,-79.737015,node,6566646171,https://www.openstreetmap.org/node/6566646171,"https://www.google.com/maps/search/?api=1&query=43.6652645,-79.7370151"
Urban Planet,shop:clothes,,,,,,43.574752,-79.831330,node,6655614311,https://www.openstreetmap.org/node/6655614311,"https://www.google.com/maps/search/?api=1&query=43.5747519,-79.8313297"
Urban Planet,shop:clothes,,,,,,43.716741,-79.722043,node,12863282424,https://www.openstreetmap.org/node/12863282424,"https://www.google.com/maps/search/?api=1&query=43.716741,-79.7220426"
Urban Theka Clothing,shop:clothes,,,,,,43.715235,-79.723297,node,12863237361,https://www.openstreetmap.org/node/12863237361,"https://www.google.com/maps/search/?api=1&query=43.7152351,-79.7232973"
Verona Suits,shop:clothes,,,,,,43.716007,-79.723089,node,6663083620,https://www.openstreetmap.org/node/6663083620,"https://www.google.com/maps/search/?api=1&query=43.7160069,-79.7230889"
Versace,shop:clothes,,,,,,43.576382,-79.830284,node,6655590002,https://www.openstreetmap.org/node/6655590002,"https://www.google.com/maps/search/?api=1&query=43.5763816,-79.8302842"
Victoria's Secret,shop:clothes,,,,,,43.325238,-79.819836,node,6632465359,https://www.openstreetmap.org/node/6632465359,"https://www.google.com/maps/search/?api=1&query=43.325238,-79.8198358"
Watch Us Fashions,shop:clothes,,,,,,43.440476,-79.718708,node,2292634419,https://www.openstreetmap.org/node/2292634419,"https://www.google.com/maps/search/?api=1&query=43.4404758,-79.7187077"
Water Lily,shop:clothes,,,,,,43.715010,-79.723067,node,6663083638,https://www.openstreetmap.org/node/6663083638,"https://www.google.com/maps/search/?api=1&query=43.7150099,-79.7230668"
West 49,shop:clothes,,,,,,43.537990,-79.872909,node,2199911469,https://www.openstreetmap.org/node/2199911469,"https://www.google.com/maps/search/?api=1&query=43.53799,-79.8729094"
West 49,shop:clothes,,,,,,43.714942,-79.722532,node,6660982633,https://www.openstreetmap.org/node/6660982633,"https://www.google.com/maps/search/?api=1&query=43.7149416,-79.7225317"
White House Black Market,shop:clothes,,,,,,43.326609,-79.820570,node,6632427698,https://www.openstreetmap.org/node/6632427698,"https://www.google.com/maps/search/?api=1&query=43.3266089,-79.8205704"
WI Wlkn,shop:clothes,,,,,,43.715955,-79.722726,node,6661062700,https://www.openstreetmap.org/node/6661062700,"https://www.google.com/maps/search/?api=1&query=43.7159555,-79.7227257"
Woven,shop:clothes,,,,,,43.326513,-79.795082,node,13612052648,https://www.openstreetmap.org/node/13612052648,"https://www.google.com/maps/search/?api=1&query=43.3265135,-79.7950822"
Zacks,shop:clothes,,,,,,43.326854,-79.821015,node,6632463433,https://www.openstreetmap.org/node/6632463433,"https://www.google.com/maps/search/?api=1&query=43.326854,-79.8210149"
Zacks,shop:clothes,,,,,,43.559076,-79.712033,node,12960035829,https://www.openstreetmap.org/node/12960035829,"https://www.google.com/maps/search/?api=1&query=43.5590757,-79.7120331"
Zaki's Boutique,shop:clothes,,,,,,43.586276,-79.741097,node,4017888666,https://www.openstreetmap.org/node/4017888666,"https://www.google.com/maps/search/?api=1&query=43.5862756,-79.7410966"
Zara,shop:clothes,,,,,,43.325906,-79.820377,node,6632427710,https://www.openstreetmap.org/node/6632427710,"https://www.google.com/maps/search/?api=1&query=43.3259062,-79.8203768"
Zumiez,shop:clothes,,,,,,43.324574,-79.819249,node,6632465352,https://www.openstreetmap.org/node/6632465352,"https://www.google.com/maps/search/?api=1&query=43.3245738,-79.8192487"
Zumiez,shop:clothes,,,,,,43.576945,-79.829300,node,6655571874,https://www.openstreetmap.org/node/6655571874,"https://www.google.com/maps/search/?api=1&query=43.5769452,-79.8292997"
Bean Wise,shop:coffee,,,,,,43.609583,-79.700536,node,3745807642,https://www.openstreetmap.org/node/3745807642,"https://www.google.com/maps/search/?api=1&query=43.609583,-79.7005356"
Kaptain K's Coffee Pods,shop:coffee,,136,Guelph Street,,,43.650388,-79.911622,node,6535783950,https://www.openstreetmap.org/node/6535783950,"https://www.google.com/maps/search/?api=1&query=43.650388,-79.9116218"
Nespresso,shop:coffee,,,,,,43.325353,-79.819625,node,6632429826,https://www.openstreetmap.org/node/6632429826,"https://www.google.com/maps/search/?api=1&query=43.3253531,-79.8196254"
Taste Of Colombia Corp,shop:coffee,,67,Bronte Road,Oakville,L6L 3B7,43.394170,-79.710484,node,7246422427,https://www.openstreetmap.org/node/7246422427,"https://www.google.com/maps/search/?api=1&query=43.3941699,-79.7104843"
Canada Computers,shop:computer,,,,,,43.393126,-79.794099,node,1650018783,https://www.openstreetmap.org/node/1650018783,"https://www.google.com/maps/search/?api=1&query=43.3931264,-79.7940994"
Canada Computers,shop:computer,,,,,,43.706143,-79.735121,node,6226609539,https://www.openstreetmap.org/node/6226609539,"https://www.google.com/maps/search/?api=1&query=43.7061429,-79.7351208"
Computer Host,shop:computer,,,,,,43.718053,-79.742954,node,6547928861,https://www.openstreetmap.org/node/6547928861,"https://www.google.com/maps/search/?api=1&query=43.7180528,-79.7429545"
Computer Xpress,shop:computer,+1-905-336-3988,,,,,43.356868,-79.842373,node,2698208720,https://www.openstreetmap.org/node/2698208720,"https://www.google.com/maps/search/?api=1&query=43.3568678,-79.8423729"
Crave Systems,shop:computer,,156,Main Street East,Milton,,43.511826,-79.884411,node,2216850834,https://www.openstreetmap.org/node/2216850834,"https://www.google.com/maps/search/?api=1&query=43.5118257,-79.8844108"
Simple Computer Solutions,shop:computer,,,,,,43.528349,-79.867730,node,2204624814,https://www.openstreetmap.org/node/2204624814,"https://www.google.com/maps/search/?api=1&query=43.5283487,-79.8677297"
Sonoggi Computers,shop:computer,,,,,,43.339565,-79.817436,node,1667852614,https://www.openstreetmap.org/node/1667852614,"https://www.google.com/maps/search/?api=1&query=43.3395651,-79.8174363"
Tech Source Canada,shop:computer,,,,,,43.697458,-79.748184,node,6226551366,https://www.openstreetmap.org/node/6226551366,"https://www.google.com/maps/search/?api=1&query=43.6974584,-79.7481837"
Candy Planet,shop:confectionery,,5100,Erin Mills Parkway,,,43.558688,-79.711137,node,6557896297,https://www.openstreetmap.org/node/6557896297,"https://www.google.com/maps/search/?api=1&query=43.5586884,-79.7111372"
Little Bit of Britain,shop:confectionery,,,,,,43.580404,-79.757727,node,3944582765,https://www.openstreetmap.org/node/3944582765,"https://www.google.com/maps/search/?api=1&query=43.5804036,-79.757727"
Sugar Shock,shop:confectionery,,,,,,43.649330,-79.926488,node,10981528820,https://www.openstreetmap.org/node/10981528820,"https://www.google.com/maps/search/?api=1&query=43.6493298,-79.926488"
7 Star Convenience,shop:convenience,,,,,,43.726098,-79.812867,node,1918832275,https://www.openstreetmap.org/node/1918832275,"https://www.google.com/maps/search/?api=1&query=43.7260976,-79.8128674"
7-Eleven,shop:convenience,,,,,,43.585456,-79.741225,node,1408860249,https://www.openstreetmap.org/node/1408860249,"https://www.google.com/maps/search/?api=1&query=43.5854564,-79.7412245"
77 Convenience,shop:convenience,,,,,,43.562184,-79.752504,node,4013812811,https://www.openstreetmap.org/node/4013812811,"https://www.google.com/maps/search/?api=1&query=43.5621843,-79.7525039"
99 cent Depot,shop:convenience,,,,,,43.675815,-79.772146,node,582766210,https://www.openstreetmap.org/node/582766210,"https://www.google.com/maps/search/?api=1&query=43.6758146,-79.7721456"
Abbey Market,shop:convenience,,1500,Upper Middle Road West,Oakville,,43.437098,-79.740896,node,1960821080,https://www.openstreetmap.org/node/1960821080,"https://www.google.com/maps/search/?api=1&query=43.4370983,-79.7408963"
ABC Convenience,shop:convenience,,,,,,43.681705,-79.765589,node,12810676821,https://www.openstreetmap.org/node/12810676821,"https://www.google.com/maps/search/?api=1&query=43.681705,-79.7655887"
Adam's Convenience,shop:convenience,,,,,,43.515185,-79.881280,node,2206877128,https://www.openstreetmap.org/node/2206877128,"https://www.google.com/maps/search/?api=1&query=43.5151849,-79.8812799"
AJs The Grocery,shop:convenience,,,,,,43.507347,-79.887187,node,2206990132,https://www.openstreetmap.org/node/2206990132,"https://www.google.com/maps/search/?api=1&query=43.5073466,-79.8871867"
Anytime Convenience,shop:convenience,,,,,,43.369147,-79.755438,node,3997758978,https://www.openstreetmap.org/node/3997758978,"https://www.google.com/maps/search/?api=1&query=43.3691475,-79.7554382"
Arnies,shop:convenience,,,,,,43.582805,-79.759458,node,3410784108,https://www.openstreetmap.org/node/3410784108,"https://www.google.com/maps/search/?api=1&query=43.5828051,-79.7594583"
AVO Convenience,shop:convenience,,,,,,43.726872,-79.797375,node,1870140351,https://www.openstreetmap.org/node/1870140351,"https://www.google.com/maps/search/?api=1&query=43.7268725,-79.7973752"
Becker's,shop:convenience,,2025,Upper Middle Road,Burlington,,43.358337,-79.843527,node,288347927,https://www.openstreetmap.org/node/288347927,"https://www.google.com/maps/search/?api=1&query=43.3583371,-79.8435269"
Becker's,shop:convenience,,,,,,43.354790,-79.769070,node,3760804708,https://www.openstreetmap.org/node/3760804708,"https://www.google.com/maps/search/?api=1&query=43.3547897,-79.7690702"
Becker's,shop:convenience,,,,,,43.595119,-79.769273,node,12740118586,https://www.openstreetmap.org/node/12740118586,"https://www.google.com/maps/search/?api=1&query=43.5951193,-79.7692729"
Best One Grocer & Convenience,shop:convenience,,,,,,43.702552,-79.785921,node,6546873277,https://www.openstreetmap.org/node/6546873277,"https://www.google.com/maps/search/?api=1&query=43.7025521,-79.7859214"
Big Bazaar,shop:convenience,,5602,Tenth Line West,,,43.558623,-79.744057,node,1667743976,https://www.openstreetmap.org/node/1667743976,"https://www.google.com/maps/search/?api=1&query=43.5586232,-79.7440571"
Big Bear Food Mart,shop:convenience,,,,,,43.367187,-79.754553,node,3997758980,https://www.openstreetmap.org/node/3997758980,"https://www.google.com/maps/search/?api=1&query=43.3671871,-79.754553"
Botro's Convenience,shop:convenience,,5602,Tenth Line West,,,43.558321,-79.743538,node,10979707722,https://www.openstreetmap.org/node/10979707722,"https://www.google.com/maps/search/?api=1&query=43.5583212,-79.7435384"
Brampton Mini Mart,shop:convenience,,,,,,43.707431,-79.788173,node,6546951255,https://www.openstreetmap.org/node/6546951255,"https://www.google.com/maps/search/?api=1&query=43.7074306,-79.7881731"
Brant Smoke & Gift,shop:convenience,,,,,,43.356604,-79.841977,node,2698208712,https://www.openstreetmap.org/node/2698208712,"https://www.google.com/maps/search/?api=1&query=43.3566041,-79.8419775"
BVD,shop:convenience,,,,,,43.534068,-79.914242,node,12870927144,https://www.openstreetmap.org/node/12870927144,"https://www.google.com/maps/search/?api=1&query=43.5340682,-79.9142418"
Canadian Tire,shop:convenience,,,,,,43.649992,-79.888669,node,4280402747,https://www.openstreetmap.org/node/4280402747,"https://www.google.com/maps/search/?api=1&query=43.6499917,-79.8886689"
Candy Crust Convenience,shop:convenience,,,,,,43.540479,-79.704752,node,3975839449,https://www.openstreetmap.org/node/3975839449,"https://www.google.com/maps/search/?api=1&query=43.5404789,-79.7047519"
Choices Convenience,shop:convenience,,,,,,43.653877,-79.931668,node,3192309603,https://www.openstreetmap.org/node/3192309603,"https://www.google.com/maps/search/?api=1&query=43.6538771,-79.9316681"
Cigars Etc.,shop:convenience,,2000,Appleby Line,Burlington,L7L 7H7,43.394244,-79.791738,node,3732147422,https://www.openstreetmap.org/node/3732147422,"https://www.google.com/maps/search/?api=1&query=43.3942436,-79.7917376"
Circle K,shop:convenience,,,,,,43.636283,-79.717986,node,1409297928,https://www.openstreetmap.org/node/1409297928,"https://www.google.com/maps/search/?api=1&query=43.6362832,-79.7179858"
Circle K,shop:convenience,,,,,,43.648671,-79.881257,node,1616740059,https://www.openstreetmap.org/node/1616740059,"https://www.google.com/maps/search/?api=1&query=43.6486708,-79.8812571"
Circle K,shop:convenience,,,,,,43.538694,-79.856571,node,1738462391,https://www.openstreetmap.org/node/1738462391,"https://www.google.com/maps/search/?api=1&query=43.5386942,-79.8565713"
Circle K,shop:convenience,,,,,,43.734307,-79.707851,node,2202646147,https://www.openstreetmap.org/node/2202646147,"https://www.google.com/maps/search/?api=1&query=43.7343073,-79.7078505"
Circle K,shop:convenience,,,,,,43.417992,-79.717103,node,2796749572,https://www.openstreetmap.org/node/2796749572,"https://www.google.com/maps/search/?api=1&query=43.417992,-79.7171027"
Circle K,shop:convenience,,,,,,43.709820,-79.772990,node,10940864147,https://www.openstreetmap.org/node/10940864147,"https://www.google.com/maps/search/?api=1&query=43.7098203,-79.77299"
Circle K,shop:convenience,,6005,Derry Road,Milton,,43.486952,-79.883773,node,11257716684,https://www.openstreetmap.org/node/11257716684,"https://www.google.com/maps/search/?api=1&query=43.486952,-79.8837725"
Circle K,shop:convenience,,,,,,43.646014,-79.754588,node,12810593495,https://www.openstreetmap.org/node/12810593495,"https://www.google.com/maps/search/?api=1&query=43.6460137,-79.7545877"
Circle K,shop:convenience,,,,,,43.577955,-79.733330,node,12865631679,https://www.openstreetmap.org/node/12865631679,"https://www.google.com/maps/search/?api=1&query=43.5779552,-79.7333305"
City Convenience,shop:convenience,,,,,,43.693246,-79.768250,node,887581944,https://www.openstreetmap.org/node/887581944,"https://www.google.com/maps/search/?api=1&query=43.693246,-79.7682498"
Conestoga Convenience,shop:convenience,,,,,,43.714340,-79.779243,node,6547160008,https://www.openstreetmap.org/node/6547160008,"https://www.google.com/maps/search/?api=1&query=43.7143395,-79.7792434"
Convenience,shop:convenience,,,,,,43.610689,-79.750266,node,1336826611,https://www.openstreetmap.org/node/1336826611,"https://www.google.com/maps/search/?api=1&query=43.6106893,-79.7502658"
Convenience K,shop:convenience,,,,,,43.378240,-79.805541,node,3979902388,https://www.openstreetmap.org/node/3979902388,"https://www.google.com/maps/search/?api=1&query=43.3782396,-79.8055414"
Convenience Store,shop:convenience,,,,,,43.417827,-79.715525,node,2796749573,https://www.openstreetmap.org/node/2796749573,"https://www.google.com/maps/search/?api=1&query=43.4178267,-79.7155254"
CornerStore,shop:convenience,,,,,,43.695146,-79.797411,node,4281109978,https://www.openstreetmap.org/node/4281109978,"https://www.google.com/maps/search/?api=1&query=43.6951465,-79.7974107"
CornerStore,shop:convenience,,,,,,43.665466,-79.733154,node,9008445439,https://www.openstreetmap.org/node/9008445439,"https://www.google.com/maps/search/?api=1&query=43.6654663,-79.7331539"
Dairy Plus,shop:convenience,+1-416-894-2220,184,Main Street South,,L6W 2E2,43.676741,-79.746750,node,10218386946,https://www.openstreetmap.org/node/10218386946,"https://www.google.com/maps/search/?api=1&query=43.6767408,-79.7467503"
Daisy Mart,shop:convenience,,,,,,43.571739,-79.754402,node,1408903289,https://www.openstreetmap.org/node/1408903289,"https://www.google.com/maps/search/?api=1&query=43.5717393,-79.7544021"
Daisy Mart,shop:convenience,,,,,,43.440373,-79.719690,node,2292634410,https://www.openstreetmap.org/node/2292634410,"https://www.google.com/maps/search/?api=1&query=43.4403731,-79.71969"
Daisy Mart,shop:convenience,,,,,,43.726383,-79.832011,node,3317149182,https://www.openstreetmap.org/node/3317149182,"https://www.google.com/maps/search/?api=1&query=43.7263829,-79.8320115"
Daisy Mart,shop:convenience,,,,,,43.359811,-79.935018,node,4751789475,https://www.openstreetmap.org/node/4751789475,"https://www.google.com/maps/search/?api=1&query=43.3598109,-79.9350181"
Daisy Mart,shop:convenience,,,,,,43.703255,-79.784678,node,6546952090,https://www.openstreetmap.org/node/6546952090,"https://www.google.com/maps/search/?api=1&query=43.7032551,-79.7846782"
Danton Convenience,shop:convenience,,,,,,43.586771,-79.773280,node,1583425840,https://www.openstreetmap.org/node/1583425840,"https://www.google.com/maps/search/?api=1&query=43.5867707,-79.7732804"
Delrex Variety,shop:convenience,,260,Guelph Street,Georgetown,,43.649024,-79.899227,node,5757546447,https://www.openstreetmap.org/node/5757546447,"https://www.google.com/maps/search/?api=1&query=43.6490236,-79.8992271"
Derry Convenience,shop:convenience,,,,,,43.583330,-79.778898,node,3976482944,https://www.openstreetmap.org/node/3976482944,"https://www.google.com/maps/search/?api=1&query=43.5833301,-79.7788983"
Esso,shop:convenience,,,,,,43.663412,-79.730359,node,13093241523,https://www.openstreetmap.org/node/13093241523,"https://www.google.com/maps/search/?api=1&query=43.663412,-79.7303588"
Evan's Variety,shop:convenience,,,,,,43.589855,-79.723455,node,4618737948,https://www.openstreetmap.org/node/4618737948,"https://www.google.com/maps/search/?api=1&query=43.5898555,-79.7234554"
Extra's Convenience,shop:convenience,,,,,,43.701911,-79.755343,node,6226632756,https://www.openstreetmap.org/node/6226632756,"https://www.google.com/maps/search/?api=1&query=43.7019106,-79.7553429"
Extra's Gift & Smoke's,shop:convenience,,,,,,43.713822,-79.746148,node,6547925942,https://www.openstreetmap.org/node/6547925942,"https://www.google.com/maps/search/?api=1&query=43.7138216,-79.7461478"
Farah's Food Mart,shop:convenience,,,,,,43.508192,-79.861700,node,2199778666,https://www.openstreetmap.org/node/2199778666,"https://www.google.com/maps/search/?api=1&query=43.5081918,-79.8617004"
Flowertown Variety,shop:convenience,,,,,,43.682146,-79.779787,node,378527341,https://www.openstreetmap.org/node/378527341,"https://www.google.com/maps/search/?api=1&query=43.6821461,-79.7797867"
For Your Convenience,shop:convenience,+1-905-332-0888,2238,Mountainside Drive,Burlington,L7P 1B5,43.349147,-79.816976,node,1766409141,https://www.openstreetmap.org/node/1766409141,"https://www.google.com/maps/search/?api=1&query=43.349147,-79.8169761"
Friendz Convenience,shop:convenience,,,,,,43.649168,-79.890066,node,6535774126,https://www.openstreetmap.org/node/6535774126,"https://www.google.com/maps/search/?api=1&query=43.6491682,-79.8900662"
Gem West Indian Grocery,shop:convenience,,,,,,43.726050,-79.714915,node,6547884392,https://www.openstreetmap.org/node/6547884392,"https://www.google.com/maps/search/?api=1&query=43.72605,-79.7149146"
George's Convenience,shop:convenience,,,,,,43.656140,-79.814011,node,4002007389,https://www.openstreetmap.org/node/4002007389,"https://www.google.com/maps/search/?api=1&query=43.6561404,-79.8140109"
George's Convenience,shop:convenience,,,,,,43.695835,-79.799401,node,6546851779,https://www.openstreetmap.org/node/6546851779,"https://www.google.com/maps/search/?api=1&query=43.6958348,-79.7994009"
Gore Variety & Cigars,shop:convenience,,,,,,43.325121,-79.795130,node,7859183662,https://www.openstreetmap.org/node/7859183662,"https://www.google.com/maps/search/?api=1&query=43.325121,-79.7951299"
Happy Market,shop:convenience,,,,,,43.709937,-79.810693,node,2498602785,https://www.openstreetmap.org/node/2498602785,"https://www.google.com/maps/search/?api=1&query=43.7099368,-79.8106925"
Hasty Market,shop:convenience,,,,,,43.651006,-79.758434,node,582758760,https://www.openstreetmap.org/node/582758760,"https://www.google.com/maps/search/?api=1&query=43.6510057,-79.7584343"
Hasty Market,shop:convenience,,,,,,43.391810,-79.790510,node,1541725334,https://www.openstreetmap.org/node/1541725334,"https://www.google.com/maps/search/?api=1&query=43.3918104,-79.7905097"
Hasty Market,shop:convenience,+1 905-970-1300,,,,,43.730679,-79.790098,node,1918750480,https://www.openstreetmap.org/node/1918750480,"https://www.google.com/maps/search/?api=1&query=43.7306794,-79.7900978"
Hasty Market,shop:convenience,,,,,,43.579288,-79.770722,node,3976326756,https://www.openstreetmap.org/node/3976326756,"https://www.google.com/maps/search/?api=1&query=43.5792878,-79.7707224"
Hasty Market,shop:convenience,,,,,,43.675387,-79.805834,node,4004214045,https://www.openstreetmap.org/node/4004214045,"https://www.google.com/maps/search/?api=1&query=43.6753875,-79.8058341"
Hasty Market,shop:convenience,,,,,,43.698034,-79.799416,node,4088350417,https://www.openstreetmap.org/node/4088350417,"https://www.google.com/maps/search/?api=1&query=43.698034,-79.7994157"
Hasty Market,shop:convenience,,,,,,43.466045,-79.746378,node,4868553925,https://www.openstreetmap.org/node/4868553925,"https://www.google.com/maps/search/?api=1&query=43.4660445,-79.746378"
Hasty Market,shop:convenience,,136,Guelph Street,,,43.650386,-79.911512,node,6535783952,https://www.openstreetmap.org/node/6535783952,"https://www.google.com/maps/search/?api=1&query=43.650386,-79.9115118"
Hasty Market,shop:convenience,,,,,,43.713449,-79.728010,node,6547874067,https://www.openstreetmap.org/node/6547874067,"https://www.google.com/maps/search/?api=1&query=43.7134487,-79.7280099"
Hasty Market,shop:convenience,,,,,,43.725767,-79.715260,node,6547884388,https://www.openstreetmap.org/node/6547884388,"https://www.google.com/maps/search/?api=1&query=43.725767,-79.71526"
Hasty Market,shop:convenience,,,,,,43.717771,-79.742599,node,6547928857,https://www.openstreetmap.org/node/6547928857,"https://www.google.com/maps/search/?api=1&query=43.7177707,-79.7425991"
Hasty Market,shop:convenience,,,,,,43.306363,-79.854674,node,9705793798,https://www.openstreetmap.org/node/9705793798,"https://www.google.com/maps/search/?api=1&query=43.3063628,-79.854674"
Hasty Market,shop:convenience,,,,,,43.569085,-79.841617,node,10934077074,https://www.openstreetmap.org/node/10934077074,"https://www.google.com/maps/search/?api=1&query=43.5690855,-79.8416174"
Heritage Corner,shop:convenience,,,,,,43.429653,-79.746486,node,1726334695,https://www.openstreetmap.org/node/1726334695,"https://www.google.com/maps/search/?api=1&query=43.4296533,-79.7464861"
Hert's Convenience,shop:convenience,,,,,,43.565656,-79.729710,node,1667789348,https://www.openstreetmap.org/node/1667789348,"https://www.google.com/maps/search/?api=1&query=43.5656559,-79.7297097"
Hopedale Convenience,shop:convenience,,,,,,43.412161,-79.705786,node,2796919572,https://www.openstreetmap.org/node/2796919572,"https://www.google.com/maps/search/?api=1&query=43.4121614,-79.7057861"
INS Market,shop:convenience,,,,,,43.558276,-79.712474,node,12960057588,https://www.openstreetmap.org/node/12960057588,"https://www.google.com/maps/search/?api=1&query=43.5582756,-79.7124739"
Jai&J's Convenience Store,shop:convenience,,,,,,43.658828,-79.749833,node,582757565,https://www.openstreetmap.org/node/582757565,"https://www.google.com/maps/search/?api=1&query=43.6588284,-79.7498326"
Kitchen Food Fair,shop:convenience,,,,,,43.672987,-79.820865,node,2486831783,https://www.openstreetmap.org/node/2486831783,"https://www.google.com/maps/search/?api=1&query=43.6729869,-79.8208652"
Kitchen Food Fair,shop:convenience,,,,,,43.638008,-79.728577,node,4011412239,https://www.openstreetmap.org/node/4011412239,"https://www.google.com/maps/search/?api=1&query=43.6380076,-79.7285773"
Kitchen Food Fair Convenience,shop:convenience,,,,,,43.450472,-79.758723,node,441992356,https://www.openstreetmap.org/node/441992356,"https://www.google.com/maps/search/?api=1&query=43.4504717,-79.7587229"
Kitchen Food Fair Convenience,shop:convenience,,,,,,43.508353,-79.863507,node,2195678692,https://www.openstreetmap.org/node/2195678692,"https://www.google.com/maps/search/?api=1&query=43.5083529,-79.8635067"
Kitchen Food Fair Convenience,shop:convenience,,,,,,43.665391,-79.780639,node,11417804797,https://www.openstreetmap.org/node/11417804797,"https://www.google.com/maps/search/?api=1&query=43.6653906,-79.7806386"
Kwick Stop Convenience,shop:convenience,+1-905-285-5150,,,,,43.562798,-79.710377,node,3942706538,https://www.openstreetmap.org/node/3942706538,"https://www.google.com/maps/search/?api=1&query=43.5627982,-79.7103774"
Mac's,shop:convenience,,,,,,43.442900,-79.767361,node,3556588960,https://www.openstreetmap.org/node/3556588960,"https://www.google.com/maps/search/?api=1&query=43.4429,-79.767361"
Mac's,shop:convenience,,,,,,43.621681,-79.743630,node,4006810066,https://www.openstreetmap.org/node/4006810066,"https://www.google.com/maps/search/?api=1&query=43.6216813,-79.7436296"
Main St. Convenience & Cigar,shop:convenience,,,,,,43.517647,-79.877816,node,724846993,https://www.openstreetmap.org/node/724846993,"https://www.google.com/maps/search/?api=1&query=43.5176471,-79.877816"
Main's Milk,shop:convenience,,,,,,43.696227,-79.774353,node,4281112122,https://www.openstreetmap.org/node/4281112122,"https://www.google.com/maps/search/?api=1&query=43.6962269,-79.7743527"
Maple Convenience & Dollar,shop:convenience,,,,,,43.330948,-79.819382,node,7859013326,https://www.openstreetmap.org/node/7859013326,"https://www.google.com/maps/search/?api=1&query=43.3309479,-79.8193817"
Maplewood Market,shop:convenience,,796,Brant Street,,,43.333648,-79.810157,node,7859097015,https://www.openstreetmap.org/node/7859097015,"https://www.google.com/maps/search/?api=1&query=43.3336482,-79.8101566"
Mercies African Supermarket,shop:convenience,,,,,,43.683867,-79.812263,node,1922035047,https://www.openstreetmap.org/node/1922035047,"https://www.google.com/maps/search/?api=1&query=43.6838666,-79.8122634"
Milton Convenience,shop:convenience,,,,,,43.518193,-79.878235,node,2196044473,https://www.openstreetmap.org/node/2196044473,"https://www.google.com/maps/search/?api=1&query=43.5181927,-79.8782352"
Milton Latino,shop:convenience,,1250,Main Street East,Milton,,43.533781,-79.860523,node,3348659235,https://www.openstreetmap.org/node/3348659235,"https://www.google.com/maps/search/?api=1&query=43.5337813,-79.860523"
Milton Latino,shop:convenience,+1-905-636-0101,,,,,43.526873,-79.887261,node,3756784244,https://www.openstreetmap.org/node/3756784244,"https://www.google.com/maps/search/?api=1&query=43.5268729,-79.8872612"
Mini Mart,shop:convenience,,,,,,43.394521,-79.711995,node,4020068168,https://www.openstreetmap.org/node/4020068168,"https://www.google.com/maps/search/?api=1&query=43.3945214,-79.7119948"
Mini Mart,shop:convenience,,,,,,43.597374,-79.734325,node,5180391881,https://www.openstreetmap.org/node/5180391881,"https://www.google.com/maps/search/?api=1&query=43.5973743,-79.7343251"
Mommy's Best Variety,shop:convenience,+1-905-878-4889,,,,,43.523796,-79.873021,node,2866670664,https://www.openstreetmap.org/node/2866670664,"https://www.google.com/maps/search/?api=1&query=43.5237957,-79.8730215"
Mount Pleasant Variety,shop:convenience,,17,Sidford Road,,,43.676456,-79.822909,node,2833729753,https://www.openstreetmap.org/node/2833729753,"https://www.google.com/maps/search/?api=1&query=43.6764558,-79.8229088"
MR. Convenience,shop:convenience,,,,,,43.592270,-79.703816,node,3957175561,https://www.openstreetmap.org/node/3957175561,"https://www.google.com/maps/search/?api=1&query=43.5922695,-79.7038164"
Mr. India Grocers,shop:convenience,,,,,,43.545303,-79.714275,node,2731610684,https://www.openstreetmap.org/node/2731610684,"https://www.google.com/maps/search/?api=1&query=43.545303,-79.7142747"
Munchies,shop:convenience,,,,,,43.676361,-79.746438,node,10218386945,https://www.openstreetmap.org/node/10218386945,"https://www.google.com/maps/search/?api=1&query=43.6763608,-79.7464385"
N.E. Mart,shop:convenience,,,,,,43.384282,-79.802033,node,1558716156,https://www.openstreetmap.org/node/1558716156,"https://www.google.com/maps/search/?api=1&query=43.3842825,-79.8020331"
Neighbours,shop:convenience,,,,,,43.379062,-79.807018,node,12695026490,https://www.openstreetmap.org/node/12695026490,"https://www.google.com/maps/search/?api=1&query=43.3790622,-79.807018"
Neighbours,shop:convenience,,6536,Winston Churchill Boulevard,,,43.578483,-79.758913,node,12869565726,https://www.openstreetmap.org/node/12869565726,"https://www.google.com/maps/search/?api=1&query=43.5784826,-79.7589131"
Neyagawa Convenience,shop:convenience,,,,,,43.465318,-79.742832,node,2138422584,https://www.openstreetmap.org/node/2138422584,"https://www.google.com/maps/search/?api=1&query=43.4653176,-79.742832"
Norval Convenience,shop:convenience,,525,Guelph Street,Norval,,43.647025,-79.858571,node,484164261,https://www.openstreetmap.org/node/484164261,"https://www.google.com/maps/search/?api=1&query=43.6470253,-79.8585709"
On the Run,shop:convenience,,,,,,43.346422,-79.797704,node,1969234530,https://www.openstreetmap.org/node/1969234530,"https://www.google.com/maps/search/?api=1&query=43.3464219,-79.7977036"
On the Run,shop:convenience,,,,,,43.733760,-79.708261,node,3814739949,https://www.openstreetmap.org/node/3814739949,"https://www.google.com/maps/search/?api=1&query=43.7337603,-79.708261"
Pari's Mount Pleasant Convenience,shop:convenience,,60,Commuter Drive,,,43.675782,-79.821832,node,3942783759,https://www.openstreetmap.org/node/3942783759,"https://www.google.com/maps/search/?api=1&query=43.6757825,-79.8218318"
Petro-Canada,shop:convenience,,,,,,43.668824,-79.738145,node,849241853,https://www.openstreetmap.org/node/849241853,"https://www.google.com/maps/search/?api=1&query=43.6688244,-79.7381449"
Petro-Canada,shop:convenience,,,,,,43.338142,-79.786299,node,3611828687,https://www.openstreetmap.org/node/3611828687,"https://www.google.com/maps/search/?api=1&query=43.3381423,-79.7862994"
Petro-Canada,shop:convenience,,,,,,43.702044,-79.758875,node,9330599052,https://www.openstreetmap.org/node/9330599052,"https://www.google.com/maps/search/?api=1&query=43.7020439,-79.7588748"
Petro-Canada,shop:convenience,,,,,,43.355155,-79.809179,node,11813556765,https://www.openstreetmap.org/node/11813556765,"https://www.google.com/maps/search/?api=1&query=43.3551548,-79.8091794"
Petro-Canada,shop:convenience,,,,,,43.574653,-79.835303,node,12247190819,https://www.openstreetmap.org/node/12247190819,"https://www.google.com/maps/search/?api=1&query=43.574653,-79.8353035"
Petro-Canada,shop:convenience,,,,,,43.703612,-79.741544,node,12810693290,https://www.openstreetmap.org/node/12810693290,"https://www.google.com/maps/search/?api=1&query=43.703612,-79.7415444"
Pik N Go Shoppe,shop:convenience,,,,,,43.723691,-79.813725,node,1918832255,https://www.openstreetmap.org/node/1918832255,"https://www.google.com/maps/search/?api=1&query=43.7236907,-79.813725"
Pit Stop,shop:convenience,,,,,,43.732955,-79.823238,node,11417804838,https://www.openstreetmap.org/node/11417804838,"https://www.google.com/maps/search/?api=1&query=43.7329546,-79.8232376"
Preston's Food Market,shop:convenience,,,,,,43.667624,-79.926921,node,4307703064,https://www.openstreetmap.org/node/4307703064,"https://www.google.com/maps/search/?api=1&query=43.6676244,-79.9269212"
Quick Pick Convenience,shop:convenience,,,,,,43.727416,-79.796637,node,1870128248,https://www.openstreetmap.org/node/1870128248,"https://www.google.com/maps/search/?api=1&query=43.7274162,-79.7966371"
Quick to Go Convenience,shop:convenience,,,,,,43.658555,-79.726914,node,13093231627,https://www.openstreetmap.org/node/13093231627,"https://www.google.com/maps/search/?api=1&query=43.6585554,-79.7269141"
Quik Pik Convenience,shop:convenience,,,,,,43.650262,-79.909021,node,10981542065,https://www.openstreetmap.org/node/10981542065,"https://www.google.com/maps/search/?api=1&query=43.650262,-79.909021"
Rabba,shop:convenience,,,,,,43.528267,-79.837214,node,2217870592,https://www.openstreetmap.org/node/2217870592,"https://www.google.com/maps/search/?api=1&query=43.5282669,-79.8372144"
Rabba Fine Foods,shop:convenience,,,,,,43.720067,-79.715944,node,2130311909,https://www.openstreetmap.org/node/2130311909,"https://www.google.com/maps/search/?api=1&query=43.720067,-79.7159443"
Ravi's West Indian Grocery,shop:convenience,,,,,,43.688184,-79.804760,node,6546837469,https://www.openstreetmap.org/node/6546837469,"https://www.google.com/maps/search/?api=1&query=43.6881839,-79.8047599"
Real Convenience Mart,shop:convenience,,,,,,43.367641,-79.732905,node,419372334,https://www.openstreetmap.org/node/419372334,"https://www.google.com/maps/search/?api=1&query=43.3676405,-79.7329051"
Ricomart,shop:convenience,,480,Gordon Krantz Avenue,,L9e1z2,43.473803,-79.865498,node,13938730602,https://www.openstreetmap.org/node/13938730602,"https://www.google.com/maps/search/?api=1&query=43.4738031,-79.8654979"
Ruth Convenience Store,shop:convenience,,,,,,43.722923,-79.787131,node,10783431407,https://www.openstreetmap.org/node/10783431407,"https://www.google.com/maps/search/?api=1&query=43.7229228,-79.7871306"
Sam's Convenience & Flowers,shop:convenience,,,,,,43.582997,-79.717815,node,3459661443,https://www.openstreetmap.org/node/3459661443,"https://www.google.com/maps/search/?api=1&query=43.5829966,-79.7178151"
Select,shop:convenience,,,,,,43.724621,-79.742195,node,2818786111,https://www.openstreetmap.org/node/2818786111,"https://www.google.com/maps/search/?api=1&query=43.7246205,-79.7421948"
Shell Select,shop:convenience,,,,,,43.357641,-79.810687,node,3283313892,https://www.openstreetmap.org/node/3283313892,"https://www.google.com/maps/search/?api=1&query=43.3576412,-79.8106868"
Shell Select,shop:convenience,,,,,,43.661654,-79.728213,node,5695525013,https://www.openstreetmap.org/node/5695525013,"https://www.google.com/maps/search/?api=1&query=43.6616536,-79.7282135"
Sheridan Convenience,shop:convenience,,,,,,43.402825,-79.730283,node,4019939341,https://www.openstreetmap.org/node/4019939341,"https://www.google.com/maps/search/?api=1&query=43.4028248,-79.7302833"
Shiv Convenience,shop:convenience,,,,,,43.588340,-79.706509,node,4410546618,https://www.openstreetmap.org/node/4410546618,"https://www.google.com/maps/search/?api=1&query=43.5883401,-79.7065093"
Six Penny Mini Mart,shop:convenience,,,,,,43.337374,-79.786822,node,3607373498,https://www.openstreetmap.org/node/3607373498,"https://www.google.com/maps/search/?api=1&query=43.3373736,-79.7868223"
Smit Convenience,shop:convenience,,,,,,43.638716,-79.716600,node,3959818159,https://www.openstreetmap.org/node/3959818159,"https://www.google.com/maps/search/?api=1&query=43.6387157,-79.7166005"
Smoke and Gifts,shop:convenience,,,,,,43.508773,-79.837736,node,2215544934,https://www.openstreetmap.org/node/2215544934,"https://www.google.com/maps/search/?api=1&query=43.5087735,-79.837736"
SnackExpress,shop:convenience,,,,,,43.704395,-79.787485,node,4293210043,https://www.openstreetmap.org/node/4293210043,"https://www.google.com/maps/search/?api=1&query=43.7043955,-79.7874846"
Stop & Go Food Market,shop:convenience,,2901,Eglinton Avenue West,,,43.552456,-79.716727,node,3942806133,https://www.openstreetmap.org/node/3942806133,"https://www.google.com/maps/search/?api=1&query=43.5524557,-79.7167271"
Ted's Variety,shop:convenience,,,,,,43.367088,-79.734037,node,3997798096,https://www.openstreetmap.org/node/3997798096,"https://www.google.com/maps/search/?api=1&query=43.3670879,-79.7340368"
The Chase Convenience,shop:convenience,,,,,,43.564977,-79.700857,node,7713827251,https://www.openstreetmap.org/node/7713827251,"https://www.google.com/maps/search/?api=1&query=43.5649767,-79.7008573"
The Mart,shop:convenience,,,,,,43.566775,-79.775421,node,3759021226,https://www.openstreetmap.org/node/3759021226,"https://www.google.com/maps/search/?api=1&query=43.5667747,-79.775421"
The Verve,shop:convenience,,,,,,43.387206,-79.782146,node,2669546092,https://www.openstreetmap.org/node/2669546092,"https://www.google.com/maps/search/?api=1&query=43.3872065,-79.7821464"
The Wandering Scott British Shop,shop:convenience,,,,,,43.354673,-79.769182,node,3760804717,https://www.openstreetmap.org/node/3760804717,"https://www.google.com/maps/search/?api=1&query=43.3546726,-79.7691823"
Tyandaga Corner Store,shop:convenience,,,,,,43.340778,-79.837982,node,2951624433,https://www.openstreetmap.org/node/2951624433,"https://www.google.com/maps/search/?api=1&query=43.3407781,-79.8379825"
United Food Mart,shop:convenience,,,,,,43.557253,-79.700766,node,3986560078,https://www.openstreetmap.org/node/3986560078,"https://www.google.com/maps/search/?api=1&query=43.5572533,-79.7007664"
Variety Convenience Store,shop:convenience,,,,,,43.630820,-79.900312,node,7129265644,https://www.openstreetmap.org/node/7129265644,"https://www.google.com/maps/search/?api=1&query=43.6308203,-79.9003123"
Vicky & Tim's Convenience,shop:convenience,,,,,,43.704976,-79.726176,node,10822992493,https://www.openstreetmap.org/node/10822992493,"https://www.google.com/maps/search/?api=1&query=43.7049764,-79.7261764"
Village Market,shop:convenience,,,,,,43.517051,-79.927884,node,3733367095,https://www.openstreetmap.org/node/3733367095,"https://www.google.com/maps/search/?api=1&query=43.5170514,-79.9278841"
Waypoint Erin Mills,shop:convenience,,,,,,43.553841,-79.712887,node,12960000208,https://www.openstreetmap.org/node/12960000208,"https://www.google.com/maps/search/?api=1&query=43.5538406,-79.7128873"
West End Smoke Shoppe,shop:convenience,+1-905-878-7755,137,Main Street East,,,43.511635,-79.884963,node,2206928284,https://www.openstreetmap.org/node/2206928284,"https://www.google.com/maps/search/?api=1&query=43.5116355,-79.8849631"
West Oaks Convenience Store,shop:convenience,,,,,,43.451732,-79.738836,node,3637301914,https://www.openstreetmap.org/node/3637301914,"https://www.google.com/maps/search/?api=1&query=43.4517322,-79.7388359"
Windwood Convenience,shop:convenience,,,,,,43.576149,-79.748977,node,2098231220,https://www.openstreetmap.org/node/2098231220,"https://www.google.com/maps/search/?api=1&query=43.5761495,-79.7489773"
Young's Mini Market,shop:convenience,,,,,,43.605941,-79.728270,node,4015804208,https://www.openstreetmap.org/node/4015804208,"https://www.google.com/maps/search/?api=1&query=43.6059413,-79.7282701"
Zahra Mart Halal Meat & Food Convenience,shop:convenience,,9149,Derry Road West,Milton,,43.517925,-79.850751,node,2271751918,https://www.openstreetmap.org/node/2271751918,"https://www.google.com/maps/search/?api=1&query=43.5179255,-79.8507514"
Zway Quick Mart,shop:convenience,,,,,,43.339522,-79.817103,node,2951559833,https://www.openstreetmap.org/node/2951559833,"https://www.google.com/maps/search/?api=1&query=43.3395216,-79.8171025"
Copy & Mail,shop:copyshop,,,,,,43.727503,-79.796819,node,1870128270,https://www.openstreetmap.org/node/1870128270,"https://www.google.com/maps/search/?api=1&query=43.7275035,-79.7968195"
FedEx Office,shop:copyshop,,,,,,43.368577,-79.754671,node,3635872073,https://www.openstreetmap.org/node/3635872073,"https://www.google.com/maps/search/?api=1&query=43.3685765,-79.7546705"
Fine Copy & Sign,shop:copyshop,,,,,,43.593894,-79.729526,node,3458643209,https://www.openstreetmap.org/node/3458643209,"https://www.google.com/maps/search/?api=1&query=43.5938945,-79.7295259"
Post Plus,shop:copyshop,,,,,,43.702447,-79.786320,node,6546873282,https://www.openstreetmap.org/node/6546873282,"https://www.google.com/maps/search/?api=1&query=43.7024474,-79.7863197"
Print Xpress,shop:copyshop,,,,,,43.557164,-79.700773,node,11079660564,https://www.openstreetmap.org/node/11079660564,"https://www.google.com/maps/search/?api=1&query=43.5571645,-79.7007733"
Print2Go,shop:copyshop,,,,,,43.663833,-79.731923,node,13093244503,https://www.openstreetmap.org/node/13093244503,"https://www.google.com/maps/search/?api=1&query=43.6638331,-79.7319229"
Queen Printing Center,shop:copyshop,+1-905-567-4900,,,,,43.584255,-79.716269,node,2527507538,https://www.openstreetmap.org/node/2527507538,"https://www.google.com/maps/search/?api=1&query=43.5842551,-79.7162688"
The UPS Store,shop:copyshop,,,,,,43.517792,-79.877517,node,724847052,https://www.openstreetmap.org/node/724847052,"https://www.google.com/maps/search/?api=1&query=43.5177919,-79.8775169"
The UPS Store,shop:copyshop,,,,,,43.450184,-79.702323,node,1916034254,https://www.openstreetmap.org/node/1916034254,"https://www.google.com/maps/search/?api=1&query=43.4501838,-79.7023234"
The UPS Store,shop:copyshop,,,,,,43.581103,-79.757622,node,3944582784,https://www.openstreetmap.org/node/3944582784,"https://www.google.com/maps/search/?api=1&query=43.5811034,-79.7576221"
The UPS Store,shop:copyshop,,,,,,43.632982,-79.770531,node,4004464053,https://www.openstreetmap.org/node/4004464053,"https://www.google.com/maps/search/?api=1&query=43.6329821,-79.7705312"
The UPS Store,shop:copyshop,,,,,,43.681731,-79.815787,node,6546847850,https://www.openstreetmap.org/node/6546847850,"https://www.google.com/maps/search/?api=1&query=43.6817307,-79.8157865"
The UPS Store,shop:copyshop,,,,,,43.390935,-79.788472,node,7059152364,https://www.openstreetmap.org/node/7059152364,"https://www.google.com/maps/search/?api=1&query=43.390935,-79.7884723"
The UPS Store,shop:copyshop,,,,,,43.367615,-79.826831,node,7061058091,https://www.openstreetmap.org/node/7061058091,"https://www.google.com/maps/search/?api=1&query=43.3676153,-79.8268315"
The UPS Store,shop:copyshop,,,,,,43.331531,-79.898590,node,7196261782,https://www.openstreetmap.org/node/7196261782,"https://www.google.com/maps/search/?api=1&query=43.3315311,-79.8985901"
The UPS Store,shop:copyshop,,,,,,43.330982,-79.819435,node,7859013325,https://www.openstreetmap.org/node/7859013325,"https://www.google.com/maps/search/?api=1&query=43.330982,-79.8194355"
The UPS Store,shop:copyshop,,,,,,43.650269,-79.908875,node,10981542066,https://www.openstreetmap.org/node/10981542066,"https://www.google.com/maps/search/?api=1&query=43.6502686,-79.908875"
The UPS Store,shop:copyshop,,,,,,43.662745,-79.727645,node,13093233406,https://www.openstreetmap.org/node/13093233406,"https://www.google.com/maps/search/?api=1&query=43.6627451,-79.727645"
UPS Store,shop:copyshop,,,,,,43.393865,-79.710507,node,9813319541,https://www.openstreetmap.org/node/9813319541,"https://www.google.com/maps/search/?api=1&query=43.393865,-79.7105071"
Alcon Canada,shop:cosmetics,,,Meadowpine Boulevard,,,43.601674,-79.783455,node,4923568321,https://www.openstreetmap.org/node/4923568321,"https://www.google.com/maps/search/?api=1&query=43.6016742,-79.7834551"
Bath & Body Works,shop:cosmetics,,,,,,43.715420,-79.721974,node,3849949562,https://www.openstreetmap.org/node/3849949562,"https://www.google.com/maps/search/?api=1&query=43.7154196,-79.7219739"
Bath & Body Works,shop:cosmetics,,5100,Erin Mills Parkway,,,43.557884,-79.712332,node,6556405158,https://www.openstreetmap.org/node/6556405158,"https://www.google.com/maps/search/?api=1&query=43.5578836,-79.7123321"
Bath & Body Works,shop:cosmetics,,,,,,43.326338,-79.820722,node,6632463440,https://www.openstreetmap.org/node/6632463440,"https://www.google.com/maps/search/?api=1&query=43.3263385,-79.8207222"
Bath & Body Works,shop:cosmetics,,,,,,43.576717,-79.829877,node,12247180972,https://www.openstreetmap.org/node/12247180972,"https://www.google.com/maps/search/?api=1&query=43.5767173,-79.8298774"
Caryl Baker Visage,shop:cosmetics,,5100,Erin Mills Parkway,,,43.558561,-79.711782,node,6556389815,https://www.openstreetmap.org/node/6556389815,"https://www.google.com/maps/search/?api=1&query=43.5585613,-79.7117825"
Caryl Baker Visage,shop:cosmetics,,,,,,43.325427,-79.819920,node,6632452567,https://www.openstreetmap.org/node/6632452567,"https://www.google.com/maps/search/?api=1&query=43.3254271,-79.8199197"
Caryl Baker Visage,shop:cosmetics,,,,,,43.715446,-79.721690,node,6659686741,https://www.openstreetmap.org/node/6659686741,"https://www.google.com/maps/search/?api=1&query=43.7154465,-79.7216902"
Cloré Beauty Supply,shop:cosmetics,,,,,,43.731931,-79.764260,node,1914199422,https://www.openstreetmap.org/node/1914199422,"https://www.google.com/maps/search/?api=1&query=43.7319314,-79.7642596"
EcoFillosophy,shop:cosmetics,,,,,,43.393869,-79.710659,node,9813319540,https://www.openstreetmap.org/node/9813319540,"https://www.google.com/maps/search/?api=1&query=43.3938689,-79.7106586"
Kiehl's,shop:cosmetics,,,,,,43.325541,-79.819671,node,6632465341,https://www.openstreetmap.org/node/6632465341,"https://www.google.com/maps/search/?api=1&query=43.3255409,-79.8196705"
Kristals,shop:cosmetics,,5100,Erin Mills Parkway,,,43.558383,-79.711583,node,6556389821,https://www.openstreetmap.org/node/6556389821,"https://www.google.com/maps/search/?api=1&query=43.5583827,-79.7115826"
L'Occitane,shop:cosmetics,,,,,,43.326435,-79.820655,node,6632427704,https://www.openstreetmap.org/node/6632427704,"https://www.google.com/maps/search/?api=1&query=43.326435,-79.8206549"
L'Occitane,shop:cosmetics,,,,,,43.575368,-79.831259,node,6655614300,https://www.openstreetmap.org/node/6655614300,"https://www.google.com/maps/search/?api=1&query=43.5753682,-79.8312594"
MAC Cosmetics,shop:cosmetics,,,,,,43.715954,-79.723028,node,6661062695,https://www.openstreetmap.org/node/6661062695,"https://www.google.com/maps/search/?api=1&query=43.7159542,-79.7230283"
Merle Norman,shop:cosmetics,,,,,,43.715388,-79.723157,node,6663083626,https://www.openstreetmap.org/node/6663083626,"https://www.google.com/maps/search/?api=1&query=43.715388,-79.7231567"
Oro Gold Cosmetics,shop:cosmetics,,,,,,43.715727,-79.721495,node,6662840562,https://www.openstreetmap.org/node/6662840562,"https://www.google.com/maps/search/?api=1&query=43.7157266,-79.7214948"
Parfum.ca,shop:cosmetics,,,,,,43.715736,-79.723227,node,6661062688,https://www.openstreetmap.org/node/6661062688,"https://www.google.com/maps/search/?api=1&query=43.7157361,-79.7232268"
Press on Nails,shop:cosmetics,,,,,,43.558855,-79.711696,node,12960035830,https://www.openstreetmap.org/node/12960035830,"https://www.google.com/maps/search/?api=1&query=43.5588555,-79.7116959"
Saje,shop:cosmetics,,,,,,43.326434,-79.820366,node,6632463423,https://www.openstreetmap.org/node/6632463423,"https://www.google.com/maps/search/?api=1&query=43.3264343,-79.8203661"
Saje,shop:cosmetics,,,,,,43.715690,-79.723281,node,6661062689,https://www.openstreetmap.org/node/6661062689,"https://www.google.com/maps/search/?api=1&query=43.7156898,-79.7232806"
Sephora,shop:cosmetics,,,,,,43.326033,-79.820536,node,6632463443,https://www.openstreetmap.org/node/6632463443,"https://www.google.com/maps/search/?api=1&query=43.3260326,-79.8205358"
Sephora,shop:cosmetics,,,,,,43.716007,-79.722550,node,6662840580,https://www.openstreetmap.org/node/6662840580,"https://www.google.com/maps/search/?api=1&query=43.7160074,-79.7225498"
The Body Shop,shop:cosmetics,,,,,,43.715320,-79.721981,node,3849723173,https://www.openstreetmap.org/node/3849723173,"https://www.google.com/maps/search/?api=1&query=43.7153198,-79.7219805"
The Body Shop,shop:cosmetics,,5100,Erin Mills Parkway,,,43.558328,-79.711700,node,6557896306,https://www.openstreetmap.org/node/6557896306,"https://www.google.com/maps/search/?api=1&query=43.5583276,-79.7116997"
The Body Shop,shop:cosmetics,,,,,,43.325362,-79.819954,node,6632465360,https://www.openstreetmap.org/node/6632465360,"https://www.google.com/maps/search/?api=1&query=43.3253625,-79.8199541"
The Body Shop,shop:cosmetics,,,,,,43.575357,-79.829201,node,6655572389,https://www.openstreetmap.org/node/6655572389,"https://www.google.com/maps/search/?api=1&query=43.5753571,-79.8292012"
The Cosmetics Company,shop:cosmetics,,,,,,43.575687,-79.828834,node,6655572394,https://www.openstreetmap.org/node/6655572394,"https://www.google.com/maps/search/?api=1&query=43.5756871,-79.8288335"
The Palace Beauty Supplies Inc.,shop:cosmetics,,,,,,43.685589,-79.760494,node,12569730672,https://www.openstreetmap.org/node/12569730672,"https://www.google.com/maps/search/?api=1&query=43.6855893,-79.7604937"
The Soap Tree,shop:cosmetics,,5100,Erin Mills Parkway,,,43.558858,-79.712091,node,6556429849,https://www.openstreetmap.org/node/6556429849,"https://www.google.com/maps/search/?api=1&query=43.5588585,-79.712091"
White Barn,shop:cosmetics,,,,,,43.715348,-79.721858,node,6659686742,https://www.openstreetmap.org/node/6659686742,"https://www.google.com/maps/search/?api=1&query=43.7153478,-79.7218583"
Young Living Essential Oils,shop:cosmetics,,,,,,43.657337,-79.725577,node,13093255430,https://www.openstreetmap.org/node/13093255430,"https://www.google.com/maps/search/?api=1&query=43.6573367,-79.7255772"
Celys LatinAmerican Handicrafts,shop:craft,,,,,,43.393915,-79.711731,node,385027430,https://www.openstreetmap.org/node/385027430,"https://www.google.com/maps/search/?api=1&query=43.3939152,-79.7117311"
Michaels,shop:craft,,3105,Argentia Road,,,43.597931,-79.788047,node,1714830133,https://www.openstreetmap.org/node/1714830133,"https://www.google.com/maps/search/?api=1&query=43.5979314,-79.7880467"
Michaels,shop:craft,,,,,,43.540470,-79.873314,node,2199853445,https://www.openstreetmap.org/node/2199853445,"https://www.google.com/maps/search/?api=1&query=43.5404702,-79.8733143"
Michaels,shop:craft,,,,,,43.449600,-79.700887,node,3303229271,https://www.openstreetmap.org/node/3303229271,"https://www.google.com/maps/search/?api=1&query=43.4496,-79.700887"
Michaels,shop:craft,,2311,Appleby Line,Burlington,L7L 0J3,43.403587,-79.802494,node,3500013765,https://www.openstreetmap.org/node/3500013765,"https://www.google.com/maps/search/?api=1&query=43.4035869,-79.8024938"
Michaels,shop:craft,,,,,,43.342706,-79.829383,node,7061727761,https://www.openstreetmap.org/node/7061727761,"https://www.google.com/maps/search/?api=1&query=43.3427057,-79.8293832"
The Barn Door Studio,shop:craft,,363,Main Street East,Milton,,43.516566,-79.879684,node,3359511892,https://www.openstreetmap.org/node/3359511892,"https://www.google.com/maps/search/?api=1&query=43.5165657,-79.8796841"
Foodstuffs,shop:deli,,,,,,43.649376,-79.925761,node,10981531101,https://www.openstreetmap.org/node/10981531101,"https://www.google.com/maps/search/?api=1&query=43.6493762,-79.9257612"
Marhaba Halal Meat,shop:deli,+1-905-824-3030,,,,,43.579341,-79.770655,node,3976328260,https://www.openstreetmap.org/node/3976328260,"https://www.google.com/maps/search/?api=1&query=43.5793411,-79.7706549"
Mediterranean Meat & Deli,shop:deli,+1-905-821-8787,,,,,43.589689,-79.723234,node,3458643212,https://www.openstreetmap.org/node/3458643212,"https://www.google.com/maps/search/?api=1&query=43.5896892,-79.7232341"
Wisla European Delicatessen,shop:deli,,,,,,43.557016,-79.756571,node,2014557053,https://www.openstreetmap.org/node/2014557053,"https://www.google.com/maps/search/?api=1&query=43.557016,-79.7565706"
Urban Denture Clinic,shop:denture,,625,Holly Avenue,Milton,,43.510894,-79.854979,node,2230280074,https://www.openstreetmap.org/node/2230280074,"https://www.google.com/maps/search/?api=1&query=43.5108941,-79.8549791"
Giant Tiger,shop:department_store,,40,Steeles Avenue West,,L6Y 1N9,43.666106,-79.735386,node,431140502,https://www.openstreetmap.org/node/431140502,"https://www.google.com/maps/search/?api=1&query=43.6661064,-79.7353862"
Giant Tiger,shop:department_store,,,,,,43.695482,-79.769964,node,649898382,https://www.openstreetmap.org/node/649898382,"https://www.google.com/maps/search/?api=1&query=43.695482,-79.7699637"
Giant Tiger,shop:department_store,,,,,,43.366753,-79.821845,node,4360798979,https://www.openstreetmap.org/node/4360798979,"https://www.google.com/maps/search/?api=1&query=43.3667534,-79.8218449"
Marshalls,shop:department_store,,,,,,43.609080,-79.701073,node,2470577506,https://www.openstreetmap.org/node/2470577506,"https://www.google.com/maps/search/?api=1&query=43.6090801,-79.7010729"
Marshalls,shop:department_store,,,,,,43.409807,-79.809543,node,7060654436,https://www.openstreetmap.org/node/7060654436,"https://www.google.com/maps/search/?api=1&query=43.4098069,-79.8095429"
Marshalls,shop:department_store,,,,,,43.728455,-79.764898,node,12897603786,https://www.openstreetmap.org/node/12897603786,"https://www.google.com/maps/search/?api=1&query=43.728455,-79.7648984"
Marshalls,shop:department_store,,,,,,43.557105,-79.711719,node,12960001938,https://www.openstreetmap.org/node/12960001938,"https://www.google.com/maps/search/?api=1&query=43.557105,-79.7117186"
Winners,shop:department_store,,75,Nipissing Road,Milton,,43.519937,-79.874634,node,724832998,https://www.openstreetmap.org/node/724832998,"https://www.google.com/maps/search/?api=1&query=43.5199373,-79.8746335"
Winners,shop:department_store,,,,,,43.597302,-79.790208,node,1714830165,https://www.openstreetmap.org/node/1714830165,"https://www.google.com/maps/search/?api=1&query=43.5973017,-79.7902076"
Winners,shop:department_store,,,,,,43.449888,-79.701310,node,1862505928,https://www.openstreetmap.org/node/1862505928,"https://www.google.com/maps/search/?api=1&query=43.449888,-79.70131"
Winners,shop:department_store,,,,,,43.486154,-79.715544,node,1871668690,https://www.openstreetmap.org/node/1871668690,"https://www.google.com/maps/search/?api=1&query=43.486154,-79.7155439"
Winners,shop:department_store,,,,,,43.728161,-79.764333,node,1914199445,https://www.openstreetmap.org/node/1914199445,"https://www.google.com/maps/search/?api=1&query=43.7281612,-79.7643333"
Winners,shop:department_store,,,,,,43.347575,-79.794683,node,6629362791,https://www.openstreetmap.org/node/6629362791,"https://www.google.com/maps/search/?api=1&query=43.3475745,-79.7946827"
Winners,shop:department_store,,,,,,43.413113,-79.705996,node,6647437505,https://www.openstreetmap.org/node/6647437505,"https://www.google.com/maps/search/?api=1&query=43.4131134,-79.7059964"
Winners,shop:department_store,,280,Guelph Street,,,43.649055,-79.899875,node,7199220809,https://www.openstreetmap.org/node/7199220809,"https://www.google.com/maps/search/?api=1&query=43.6490548,-79.8998747"
Winners,shop:department_store,,,,,,43.635815,-79.790734,node,12870918958,https://www.openstreetmap.org/node/12870918958,"https://www.google.com/maps/search/?api=1&query=43.635815,-79.7907344"
Castle Building Supplies,shop:doityourself,,,,,,43.704082,-79.789835,node,3644735637,https://www.openstreetmap.org/node/3644735637,"https://www.google.com/maps/search/?api=1&query=43.7040815,-79.7898355"
D.F. 2000 Fence,shop:doityourself,,,,,,43.638558,-79.714235,node,10078637098,https://www.openstreetmap.org/node/10078637098,"https://www.google.com/maps/search/?api=1&query=43.6385577,-79.7142348"
Rona,shop:doityourself,,,,,,43.648673,-79.882499,node,10984537315,https://www.openstreetmap.org/node/10984537315,"https://www.google.com/maps/search/?api=1&query=43.6486728,-79.8824987"
Rona+,shop:doityourself,,55,Ontario Street South,Milton,,43.518553,-79.875800,node,724833027,https://www.openstreetmap.org/node/724833027,"https://www.google.com/maps/search/?api=1&query=43.5185533,-79.8758003"
Space Age Shedding,shop:doityourself,,2444,Industrial Street,,,43.353067,-79.808587,node,3859936814,https://www.openstreetmap.org/node/3859936814,"https://www.google.com/maps/search/?api=1&query=43.3530666,-79.8085873"
1 Hr. Cleaners,shop:dry_cleaning,,,,,,43.681888,-79.765897,node,12810676823,https://www.openstreetmap.org/node/12810676823,"https://www.google.com/maps/search/?api=1&query=43.6818881,-79.7658973"
Artesian Alterations & Dry Cleaning,shop:dry_cleaning,+1-905-828-3476,,,,,43.545315,-79.714359,node,2731610675,https://www.openstreetmap.org/node/2731610675,"https://www.google.com/maps/search/?api=1&query=43.5453151,-79.7143585"
Brantview Cleaners,shop:dry_cleaning,,,,,,43.336836,-79.813046,node,2951548733,https://www.openstreetmap.org/node/2951548733,"https://www.google.com/maps/search/?api=1&query=43.3368361,-79.8130462"
Brinkley Cleaners,shop:dry_cleaning,,,,,,43.730543,-79.821419,node,1913557901,https://www.openstreetmap.org/node/1913557901,"https://www.google.com/maps/search/?api=1&query=43.7305431,-79.8214193"
Bronte Dry Cleaners,shop:dry_cleaning,,,,,,43.507610,-79.861376,node,2199778658,https://www.openstreetmap.org/node/2199778658,"https://www.google.com/maps/search/?api=1&query=43.5076103,-79.8613758"
Carlisle Dry Cleaners,shop:dry_cleaning,,,,,,43.357060,-79.842556,node,2698208716,https://www.openstreetmap.org/node/2698208716,"https://www.google.com/maps/search/?api=1&query=43.3570601,-79.8425564"
Carriage House Cleaners,shop:dry_cleaning,,,,,,43.514176,-79.882822,node,3900171325,https://www.openstreetmap.org/node/3900171325,"https://www.google.com/maps/search/?api=1&query=43.514176,-79.8828221"
Clark West Dry Cleaners,shop:dry_cleaning,+1 905-457-9044,,,,,43.705113,-79.726038,node,10822992496,https://www.openstreetmap.org/node/10822992496,"https://www.google.com/maps/search/?api=1&query=43.7051128,-79.7260382"
Clean Works Cleaners,shop:dry_cleaning,,,,,,43.730644,-79.790129,node,1918750478,https://www.openstreetmap.org/node/1918750478,"https://www.google.com/maps/search/?api=1&query=43.7306443,-79.790129"
Clean Works Garment Care,shop:dry_cleaning,,,,,,43.658610,-79.726946,node,13093245320,https://www.openstreetmap.org/node/13093245320,"https://www.google.com/maps/search/?api=1&query=43.6586103,-79.7269456"
Cleo Cleaners & Alterations,shop:dry_cleaning,,,,,,43.543659,-79.725008,node,1517018661,https://www.openstreetmap.org/node/1517018661,"https://www.google.com/maps/search/?api=1&query=43.5436593,-79.7250076"
Clothing Care Dry Cleaners,shop:dry_cleaning,,,,,,43.358042,-79.843893,node,2698208719,https://www.openstreetmap.org/node/2698208719,"https://www.google.com/maps/search/?api=1&query=43.3580419,-79.8438935"
Commons Drycleaners,shop:dry_cleaning,,,,,,43.703183,-79.784744,node,6546952091,https://www.openstreetmap.org/node/6546952091,"https://www.google.com/maps/search/?api=1&query=43.7031833,-79.7847439"
Connie's Cleaners,shop:dry_cleaning,+1 905-453-6699,,,,,43.693343,-79.768195,node,887581945,https://www.openstreetmap.org/node/887581945,"https://www.google.com/maps/search/?api=1&query=43.6933432,-79.7681946"
Creditview Cleaners,shop:dry_cleaning,,,,,,43.698885,-79.822776,node,2324930408,https://www.openstreetmap.org/node/2324930408,"https://www.google.com/maps/search/?api=1&query=43.6988849,-79.8227758"
Custom Cleaner,shop:dry_cleaning,,,,,,43.366780,-79.734026,node,3997798085,https://www.openstreetmap.org/node/3997798085,"https://www.google.com/maps/search/?api=1&query=43.3667798,-79.7340255"
Dryclean 4 U,shop:dry_cleaning,+19056939090,1030,Kennedy Circle,,,43.508593,-79.837386,node,2215544912,https://www.openstreetmap.org/node/2215544912,"https://www.google.com/maps/search/?api=1&query=43.5085926,-79.8373859"
Eco Dry Cleaning,shop:dry_cleaning,,3052,Preserve Drive,,,43.475506,-79.736452,node,3994352130,https://www.openstreetmap.org/node/3994352130,"https://www.google.com/maps/search/?api=1&query=43.4755058,-79.7364517"
Elegant Dry Cleaning/Alterations,shop:dry_cleaning,,5602,Tenth Line West,,,43.558352,-79.743587,node,10979707723,https://www.openstreetmap.org/node/10979707723,"https://www.google.com/maps/search/?api=1&query=43.5583519,-79.7435873"
Elegant plus,shop:dry_cleaning,,,,,,43.636139,-79.718749,node,3958847041,https://www.openstreetmap.org/node/3958847041,"https://www.google.com/maps/search/?api=1&query=43.6361394,-79.7187492"
Elegant Plus Dry Cleaning,shop:dry_cleaning,,,,,,43.621650,-79.743551,node,4006810057,https://www.openstreetmap.org/node/4006810057,"https://www.google.com/maps/search/?api=1&query=43.62165,-79.7435511"
Ellie Custom Cleaners,shop:dry_cleaning,+1-905-824-0727,,,,,43.562238,-79.752593,node,4013812793,https://www.openstreetmap.org/node/4013812793,"https://www.google.com/maps/search/?api=1&query=43.5622385,-79.7525929"
Gibson's The Thoughtful Cleaner,shop:dry_cleaning,,,,,,43.667699,-79.734534,node,2753056832,https://www.openstreetmap.org/node/2753056832,"https://www.google.com/maps/search/?api=1&query=43.6676995,-79.7345338"
James Snow Cleaners & Alterations,shop:dry_cleaning,,,,,,43.539533,-79.856733,node,1738462384,https://www.openstreetmap.org/node/1738462384,"https://www.google.com/maps/search/?api=1&query=43.5395329,-79.8567331"
JS Dry Cleaning & Alteration,shop:dry_cleaning,,1266,Main Street East,Milton,,43.534100,-79.860180,node,3348659228,https://www.openstreetmap.org/node/3348659228,"https://www.google.com/maps/search/?api=1&query=43.5340998,-79.8601798"
Kero Cleaners,shop:dry_cleaning,,,,,,43.575951,-79.783496,node,3762117257,https://www.openstreetmap.org/node/3762117257,"https://www.google.com/maps/search/?api=1&query=43.575951,-79.7834957"
King Dry Cleaners,shop:dry_cleaning,,,,,,43.449842,-79.757861,node,3898585068,https://www.openstreetmap.org/node/3898585068,"https://www.google.com/maps/search/?api=1&query=43.4498417,-79.7578612"
Lavish Cleaners,shop:dry_cleaning,,2901,Eglinton Avenue West,,,43.552416,-79.716659,node,3942806127,https://www.openstreetmap.org/node/3942806127,"https://www.google.com/maps/search/?api=1&query=43.5524159,-79.7166594"
LV Cleaners,shop:dry_cleaning,,,,,,43.586697,-79.773900,node,12720457663,https://www.openstreetmap.org/node/12720457663,"https://www.google.com/maps/search/?api=1&query=43.5866969,-79.7739002"
Max1 Cleaners,shop:dry_cleaning,+1-905-997-4311,,,,,43.593060,-79.764797,node,3415046359,https://www.openstreetmap.org/node/3415046359,"https://www.google.com/maps/search/?api=1&query=43.5930595,-79.7647968"
Meena Cleaners,shop:dry_cleaning,,,,,,43.511265,-79.855289,node,2230279952,https://www.openstreetmap.org/node/2230279952,"https://www.google.com/maps/search/?api=1&query=43.5112646,-79.8552888"
Meena Cleaners,shop:dry_cleaning,,,,,,43.638761,-79.716560,node,3959799487,https://www.openstreetmap.org/node/3959799487,"https://www.google.com/maps/search/?api=1&query=43.6387614,-79.7165598"
Meena Cleaners,shop:dry_cleaning,,,,,,43.681948,-79.816006,node,6546847853,https://www.openstreetmap.org/node/6546847853,"https://www.google.com/maps/search/?api=1&query=43.681948,-79.8160064"
Meena Cleaners,shop:dry_cleaning,,,,,,43.526368,-79.866512,node,10934590738,https://www.openstreetmap.org/node/10934590738,"https://www.google.com/maps/search/?api=1&query=43.5263681,-79.8665119"
Meena Cleanesr,shop:dry_cleaning,,,,,,43.394512,-79.711279,node,4020068167,https://www.openstreetmap.org/node/4020068167,"https://www.google.com/maps/search/?api=1&query=43.3945119,-79.7112787"
Mister Dry Cleaners,shop:dry_cleaning,,,,,,43.682048,-79.779923,node,8712940395,https://www.openstreetmap.org/node/8712940395,"https://www.google.com/maps/search/?api=1&query=43.6820483,-79.7799227"
Mount Plesant Dry Cleaners,shop:dry_cleaning,,,,,,43.675861,-79.822685,node,7141388467,https://www.openstreetmap.org/node/7141388467,"https://www.google.com/maps/search/?api=1&query=43.6758614,-79.8226847"
Neat Dry Cleaners,shop:dry_cleaning,,,,,,43.464013,-79.742161,node,2138422556,https://www.openstreetmap.org/node/2138422556,"https://www.google.com/maps/search/?api=1&query=43.4640133,-79.7421615"
Network Dry Cleaners,shop:dry_cleaning,,,,,,43.586382,-79.741025,node,4017888656,https://www.openstreetmap.org/node/4017888656,"https://www.google.com/maps/search/?api=1&query=43.586382,-79.7410249"
New Chris Cleaners,shop:dry_cleaning,,,,,,43.565577,-79.729799,node,3999964433,https://www.openstreetmap.org/node/3999964433,"https://www.google.com/maps/search/?api=1&query=43.5655772,-79.7297991"
Parkers Cleaners,shop:dry_cleaning,,,,,,43.437546,-79.740481,node,1960821047,https://www.openstreetmap.org/node/1960821047,"https://www.google.com/maps/search/?api=1&query=43.4375463,-79.7404805"
Pink Rose Cleaners,shop:dry_cleaning,,,,,,43.440437,-79.719643,node,2292634415,https://www.openstreetmap.org/node/2292634415,"https://www.google.com/maps/search/?api=1&query=43.440437,-79.7196429"
Premier Cleaners,shop:dry_cleaning,,,,,,43.716157,-79.720891,node,6662840567,https://www.openstreetmap.org/node/6662840567,"https://www.google.com/maps/search/?api=1&query=43.7161573,-79.7208913"
Price Chop Cleaners,shop:dry_cleaning,,,,,,43.597175,-79.759664,node,4013854378,https://www.openstreetmap.org/node/4013854378,"https://www.google.com/maps/search/?api=1&query=43.5971749,-79.7596641"
Pro Stitch & Dry Cleaners,shop:dry_cleaning,,,,,,43.412092,-79.706759,node,2796887572,https://www.openstreetmap.org/node/2796887572,"https://www.google.com/maps/search/?api=1&query=43.4120923,-79.7067591"
Quality Care Cleaners,shop:dry_cleaning,,216,Oak Park Boulevard,Oakville,L6H 7S8,43.481775,-79.716123,node,7454681566,https://www.openstreetmap.org/node/7454681566,"https://www.google.com/maps/search/?api=1&query=43.4817753,-79.7161233"
Quality Cleaners,shop:dry_cleaning,,,,,,43.540627,-79.739480,node,3762011810,https://www.openstreetmap.org/node/3762011810,"https://www.google.com/maps/search/?api=1&query=43.5406266,-79.73948"
Quality Cleaners,shop:dry_cleaning,,,,,,43.714374,-79.779275,node,6547160009,https://www.openstreetmap.org/node/6547160009,"https://www.google.com/maps/search/?api=1&query=43.714374,-79.7792749"
Queen Cleaners,shop:dry_cleaning,,,,,,43.582548,-79.717415,node,3459661441,https://www.openstreetmap.org/node/3459661441,"https://www.google.com/maps/search/?api=1&query=43.5825484,-79.7174147"
Queenline Dry Cleaners,shop:dry_cleaning,,,,,,43.426732,-79.727013,node,13391197254,https://www.openstreetmap.org/node/13391197254,"https://www.google.com/maps/search/?api=1&query=43.4267316,-79.7270126"
Red Hat Cleaners,shop:dry_cleaning,,,,,,43.638189,-79.728357,node,4011412244,https://www.openstreetmap.org/node/4011412244,"https://www.google.com/maps/search/?api=1&query=43.6381893,-79.7283569"
Rose Bloom Cleaners,shop:dry_cleaning,,,,,,43.588903,-79.722987,node,4618737956,https://www.openstreetmap.org/node/4618737956,"https://www.google.com/maps/search/?api=1&query=43.5889026,-79.7229874"
Sandalwood Cleaners,shop:dry_cleaning,,,,,,43.709956,-79.811124,node,2498602802,https://www.openstreetmap.org/node/2498602802,"https://www.google.com/maps/search/?api=1&query=43.7099563,-79.8111241"
SOHO Previum Dry Cleaning Services,shop:dry_cleaning,,,,,,43.335042,-79.903625,node,2801015839,https://www.openstreetmap.org/node/2801015839,"https://www.google.com/maps/search/?api=1&query=43.3350421,-79.9036245"
Spot-Free Cleaners,shop:dry_cleaning,,,,,,43.632681,-79.769242,node,1930612203,https://www.openstreetmap.org/node/1930612203,"https://www.google.com/maps/search/?api=1&query=43.6326809,-79.7692423"
Spotless Dry Ckeaners,shop:dry_cleaning,,,,,,43.498246,-79.706746,node,4870844001,https://www.openstreetmap.org/node/4870844001,"https://www.google.com/maps/search/?api=1&query=43.4982455,-79.706746"
Spotless Dry Cleaners,shop:dry_cleaning,,,,,,43.324590,-79.796495,node,1715140870,https://www.openstreetmap.org/node/1715140870,"https://www.google.com/maps/search/?api=1&query=43.3245905,-79.7964953"
Spotless Dry Cleaners,shop:dry_cleaning,,,,,,43.367277,-79.754658,node,3997759005,https://www.openstreetmap.org/node/3997759005,"https://www.google.com/maps/search/?api=1&query=43.3672765,-79.7546584"
Spotless Drycleaners,shop:dry_cleaning,,,,,,43.396885,-79.796739,node,1540281300,https://www.openstreetmap.org/node/1540281300,"https://www.google.com/maps/search/?api=1&query=43.3968847,-79.7967385"
Spotless Drycleaners,shop:dry_cleaning,,,,,,43.378281,-79.805492,node,4089317891,https://www.openstreetmap.org/node/4089317891,"https://www.google.com/maps/search/?api=1&query=43.378281,-79.8054925"
Super Credit Valley 1HR Dry Cleaners,shop:dry_cleaning,,,,,,43.557108,-79.700793,node,11079660561,https://www.openstreetmap.org/node/11079660561,"https://www.google.com/maps/search/?api=1&query=43.5571081,-79.7007932"
The Dry Cleaner,shop:dry_cleaning,,,,,,43.595964,-79.784014,node,3647854861,https://www.openstreetmap.org/node/3647854861,"https://www.google.com/maps/search/?api=1&query=43.5959642,-79.7840136"
The Preeners Drycleaner,shop:dry_cleaning,,,Postmaster Drive,,,43.442713,-79.767580,node,3556588961,https://www.openstreetmap.org/node/3556588961,"https://www.google.com/maps/search/?api=1&query=43.4427133,-79.7675802"
Top Hat Cleaners,shop:dry_cleaning,,,,,,43.468939,-79.718156,node,420260369,https://www.openstreetmap.org/node/420260369,"https://www.google.com/maps/search/?api=1&query=43.4689388,-79.7181559"
Top Hat Cleaners,shop:dry_cleaning,,,,,,43.610845,-79.750062,node,2484539966,https://www.openstreetmap.org/node/2484539966,"https://www.google.com/maps/search/?api=1&query=43.6108447,-79.7500622"
Top Hat Cleaners,shop:dry_cleaning,,,,,,43.536734,-79.710703,node,3975839454,https://www.openstreetmap.org/node/3975839454,"https://www.google.com/maps/search/?api=1&query=43.5367336,-79.7107027"
Top Hat Cleaners,shop:dry_cleaning,,2980,Crosscurrent Drive,,,43.594899,-79.779258,node,4686987359,https://www.openstreetmap.org/node/4686987359,"https://www.google.com/maps/search/?api=1&query=43.5948995,-79.7792576"
Top Hat Cleaners,shop:dry_cleaning,,,,,,43.631559,-79.875640,node,10956928696,https://www.openstreetmap.org/node/10956928696,"https://www.google.com/maps/search/?api=1&query=43.6315593,-79.8756396"
Top Tailoring & Cleaners,shop:dry_cleaning,,,,,,43.592357,-79.703699,node,3957175565,https://www.openstreetmap.org/node/3957175565,"https://www.google.com/maps/search/?api=1&query=43.5923572,-79.7036989"
TOPHAT CLEANERS,shop:dry_cleaning,,,,,,43.429059,-79.765136,node,6969645084,https://www.openstreetmap.org/node/6969645084,"https://www.google.com/maps/search/?api=1&query=43.4290587,-79.7651356"
Variety Dry Cleaners,shop:dry_cleaning,,,,,,43.630797,-79.900272,node,7129265643,https://www.openstreetmap.org/node/7129265643,"https://www.google.com/maps/search/?api=1&query=43.6307969,-79.9002715"
Wanless Cleaners & Alterations,shop:dry_cleaning,,,,,,43.723650,-79.813663,node,1918832307,https://www.openstreetmap.org/node/1918832307,"https://www.google.com/maps/search/?api=1&query=43.7236498,-79.8136633"
Zorro Cleaners,shop:dry_cleaning,,,,,,43.369565,-79.755238,node,3635877800,https://www.openstreetmap.org/node/3635877800,"https://www.google.com/maps/search/?api=1&query=43.369565,-79.7552381"
180 Smoke Vape Store,shop:e-cigarette,,,,,,43.666705,-79.740355,node,12569530693,https://www.openstreetmap.org/node/12569530693,"https://www.google.com/maps/search/?api=1&query=43.6667047,-79.7403551"
180 Vape Smoke Store,shop:e-cigarette,,,,,,43.716533,-79.721634,node,6659697173,https://www.openstreetmap.org/node/6659697173,"https://www.google.com/maps/search/?api=1&query=43.716533,-79.7216344"
Dragon Vape,shop:e-cigarette,,,,,,43.650399,-79.911850,node,6535783955,https://www.openstreetmap.org/node/6535783955,"https://www.google.com/maps/search/?api=1&query=43.6503986,-79.9118498"
Dragon Vape,shop:e-cigarette,,,,,,43.707398,-79.788130,node,6546951256,https://www.openstreetmap.org/node/6546951256,"https://www.google.com/maps/search/?api=1&query=43.7073977,-79.7881302"
GTA Vapes,shop:e-cigarette,,,,,,43.650500,-79.914619,node,10981542046,https://www.openstreetmap.org/node/10981542046,"https://www.google.com/maps/search/?api=1&query=43.6504999,-79.9146189"
Tornado Vapes,shop:e-cigarette,,,,,,43.476403,-79.726668,node,4515418284,https://www.openstreetmap.org/node/4515418284,"https://www.google.com/maps/search/?api=1&query=43.476403,-79.7266682"
Vape On Plains,shop:e-cigarette,,,,,,43.304684,-79.855009,node,9705809163,https://www.openstreetmap.org/node/9705809163,"https://www.google.com/maps/search/?api=1&query=43.3046842,-79.8550092"
Harwell Electric Supply Co.,shop:electrical,,,,,,43.690468,-79.705823,node,9777645678,https://www.openstreetmap.org/node/9777645678,"https://www.google.com/maps/search/?api=1&query=43.6904682,-79.7058226"
2001 Audio Video,shop:electronics,,1155,Maple Avenue,Milton,,43.538195,-79.871295,node,5921580554,https://www.openstreetmap.org/node/5921580554,"https://www.google.com/maps/search/?api=1&query=43.538195,-79.8712952"
Bali Electronics,shop:electronics,,,,,,43.592757,-79.764354,node,3415004620,https://www.openstreetmap.org/node/3415004620,"https://www.google.com/maps/search/?api=1&query=43.5927569,-79.7643544"
Batteries N’ Gadgets,shop:electronics,,,,,,43.716626,-79.721793,node,2077031189,https://www.openstreetmap.org/node/2077031189,"https://www.google.com/maps/search/?api=1&query=43.7166263,-79.7217928"
Battery City,shop:electronics,,,,,,43.357314,-79.783091,node,3801573983,https://www.openstreetmap.org/node/3801573983,"https://www.google.com/maps/search/?api=1&query=43.3573139,-79.783091"
Best Buy Express,shop:electronics,,,,,,43.730445,-79.765276,node,1914199435,https://www.openstreetmap.org/node/1914199435,"https://www.google.com/maps/search/?api=1&query=43.7304448,-79.7652762"
Best Buy Express,shop:electronics,,5100,Erin Mills Parkway,,,43.558703,-79.710923,node,6557896299,https://www.openstreetmap.org/node/6557896299,"https://www.google.com/maps/search/?api=1&query=43.5587034,-79.7109231"
Best Buy Express,shop:electronics,,,,,,43.716757,-79.721896,node,6662840573,https://www.openstreetmap.org/node/6662840573,"https://www.google.com/maps/search/?api=1&query=43.7167574,-79.7218957"
Brampton TV & Appliances,shop:electronics,,,,,,43.688242,-79.805779,node,6546837478,https://www.openstreetmap.org/node/6546837478,"https://www.google.com/maps/search/?api=1&query=43.6882421,-79.8057792"
Canada Computers & Electronics,shop:electronics,,,,,,43.450262,-79.702134,node,8260952813,https://www.openstreetmap.org/node/8260952813,"https://www.google.com/maps/search/?api=1&query=43.4502615,-79.7021345"
Cell & PC,shop:electronics,,,,,,43.695849,-79.799508,node,6546851777,https://www.openstreetmap.org/node/6546851777,"https://www.google.com/maps/search/?api=1&query=43.6958494,-79.7995082"
Factory Direct,shop:electronics,,,,,,43.695153,-79.747478,node,5379772727,https://www.openstreetmap.org/node/5379772727,"https://www.google.com/maps/search/?api=1&query=43.6951532,-79.7474781"
Hill's,shop:electronics,,2444,Industrial Street,,,43.352982,-79.808710,node,3859936813,https://www.openstreetmap.org/node/3859936813,"https://www.google.com/maps/search/?api=1&query=43.3529819,-79.8087098"
Home Electronics,shop:electronics,,,,,,43.664989,-79.736595,node,6566646154,https://www.openstreetmap.org/node/6566646154,"https://www.google.com/maps/search/?api=1&query=43.6649892,-79.7365951"
Home Line Electronics,shop:electronics,,,,,,43.583818,-79.716066,node,3452961411,https://www.openstreetmap.org/node/3452961411,"https://www.google.com/maps/search/?api=1&query=43.5838185,-79.7160659"
Jump+,shop:electronics,,,,,,43.716250,-79.722831,node,6662840581,https://www.openstreetmap.org/node/6662840581,"https://www.google.com/maps/search/?api=1&query=43.7162497,-79.7228308"
Milton Colour & Sound,shop:electronics,,,,,,43.528191,-79.867529,node,2204624775,https://www.openstreetmap.org/node/2204624775,"https://www.google.com/maps/search/?api=1&query=43.5281912,-79.8675293"
My Tech,shop:electronics,,,,,,43.703605,-79.785213,node,6546952097,https://www.openstreetmap.org/node/6546952097,"https://www.google.com/maps/search/?api=1&query=43.703605,-79.7852133"
Personal Edge,shop:electronics,,5100,Erin Mills Parkway,,,43.557911,-79.711883,node,6557896321,https://www.openstreetmap.org/node/6557896321,"https://www.google.com/maps/search/?api=1&query=43.5579112,-79.711883"
Personal Edge,shop:electronics,,,,,,43.348478,-79.793390,node,6629362826,https://www.openstreetmap.org/node/6629362826,"https://www.google.com/maps/search/?api=1&query=43.3484782,-79.7933902"
Royal TV & Appliances,shop:electronics,,,,,,43.521867,-79.874157,node,2205280065,https://www.openstreetmap.org/node/2205280065,"https://www.google.com/maps/search/?api=1&query=43.5218674,-79.8741569"
Tech Genius,shop:electronics,,,,,,43.333585,-79.810072,node,7859097014,https://www.openstreetmap.org/node/7859097014,"https://www.google.com/maps/search/?api=1&query=43.3335846,-79.8100723"
The Source,shop:electronics,,,,,,43.347996,-79.793708,node,6629362808,https://www.openstreetmap.org/node/6629362808,"https://www.google.com/maps/search/?api=1&query=43.347996,-79.7937082"
The Source,shop:electronics,,,,,,43.327154,-79.821076,node,6632427689,https://www.openstreetmap.org/node/6632427689,"https://www.google.com/maps/search/?api=1&query=43.3271542,-79.821076"
The Source,shop:electronics,,,,,,43.331636,-79.898464,node,7196261784,https://www.openstreetmap.org/node/7196261784,"https://www.google.com/maps/search/?api=1&query=43.3316364,-79.898464"
Visions Electronics,shop:electronics,,,,,,43.342902,-79.826257,node,7061727758,https://www.openstreetmap.org/node/7061727758,"https://www.google.com/maps/search/?api=1&query=43.3429021,-79.8262572"
Love Shop,shop:erotic,,,,,,43.507516,-79.886957,node,724851745,https://www.openstreetmap.org/node/724851745,"https://www.google.com/maps/search/?api=1&query=43.5075158,-79.8869567"
Love Shop,shop:erotic,+1-905-825-8268,,,,,43.403056,-79.730592,node,4019939339,https://www.openstreetmap.org/node/4019939339,"https://www.google.com/maps/search/?api=1&query=43.4030565,-79.7305917"
Love Shop,shop:erotic,,,,,,43.320983,-79.832997,node,7770697090,https://www.openstreetmap.org/node/7770697090,"https://www.google.com/maps/search/?api=1&query=43.320983,-79.8329973"
Love Shop,shop:erotic,,,,,,43.701875,-79.741686,node,10786042444,https://www.openstreetmap.org/node/10786042444,"https://www.google.com/maps/search/?api=1&query=43.7018753,-79.7416864"
Paradise Touch,shop:erotic,,,,,,43.734196,-79.707694,node,6547820361,https://www.openstreetmap.org/node/6547820361,"https://www.google.com/maps/search/?api=1&query=43.7341957,-79.7076941"
Stag Shop,shop:erotic,,,,,,43.354029,-79.784940,node,3868398490,https://www.openstreetmap.org/node/3868398490,"https://www.google.com/maps/search/?api=1&query=43.3540286,-79.7849398"
Fabricland,shop:fabric,,,,,,43.665586,-79.736382,node,6566646151,https://www.openstreetmap.org/node/6566646151,"https://www.google.com/maps/search/?api=1&query=43.6655859,-79.7363819"
Fabricland,shop:fabric,,,,,,43.359633,-79.781217,node,7061175384,https://www.openstreetmap.org/node/7061175384,"https://www.google.com/maps/search/?api=1&query=43.3596331,-79.7812171"
Ma Cherie Fabrics & Friendships,shop:fabric,,,,,,43.304209,-79.856905,node,9705808435,https://www.openstreetmap.org/node/9705808435,"https://www.google.com/maps/search/?api=1&query=43.3042095,-79.8569046"
Willis Family Fruit Farm,shop:farm,,,,,,43.518126,-79.800597,node,2258219646,https://www.openstreetmap.org/node/2258219646,"https://www.google.com/maps/search/?api=1&query=43.5181258,-79.8005971"
TSC Villager,shop:farm_supply,,,,,,43.508471,-79.888666,node,724833036,https://www.openstreetmap.org/node/724833036,"https://www.google.com/maps/search/?api=1&query=43.5084709,-79.8886658"
claire's,shop:fashion_accessories,,5100,Erin Mills Parkway,,,43.559095,-79.712489,node,6556571741,https://www.openstreetmap.org/node/6556571741,"https://www.google.com/maps/search/?api=1&query=43.5590945,-79.7124885"
claire's,shop:fashion_accessories,,,,,,43.348514,-79.793345,node,6629362825,https://www.openstreetmap.org/node/6629362825,"https://www.google.com/maps/search/?api=1&query=43.3485143,-79.7933446"
claire's,shop:fashion_accessories,,,,,,43.325501,-79.819761,node,6632429824,https://www.openstreetmap.org/node/6632429824,"https://www.google.com/maps/search/?api=1&query=43.3255011,-79.819761"
claire's,shop:fashion_accessories,,,,,,43.715992,-79.721303,node,6659697163,https://www.openstreetmap.org/node/6659697163,"https://www.google.com/maps/search/?api=1&query=43.7159923,-79.7213033"
claire's,shop:fashion_accessories,,,,,,43.576781,-79.829799,node,12247180971,https://www.openstreetmap.org/node/12247180971,"https://www.google.com/maps/search/?api=1&query=43.5767811,-79.829799"
Longchamp,shop:fashion_accessories,,,,,,43.574362,-79.830321,node,6655621187,https://www.openstreetmap.org/node/6655621187,"https://www.google.com/maps/search/?api=1&query=43.5743622,-79.8303207"
Barbecues Galore / Woods Fireplaces,shop:fireplace,,,,,,43.352167,-79.797931,node,4486121699,https://www.openstreetmap.org/node/4486121699,"https://www.google.com/maps/search/?api=1&query=43.3521666,-79.797931"
Decor Floors,shop:flooring,,,,,,43.702471,-79.786440,node,6546873283,https://www.openstreetmap.org/node/6546873283,"https://www.google.com/maps/search/?api=1&query=43.7024707,-79.7864404"
Floors by Comfi Interiors,shop:flooring,,,,,,43.526984,-79.868646,node,2204624763,https://www.openstreetmap.org/node/2204624763,"https://www.google.com/maps/search/?api=1&query=43.5269836,-79.8686465"
Brant Florist,shop:florist,+1-905-639-7001,461,Brant Street,Burlington,L7R 1K5,43.326964,-79.799426,node,4655593433,https://www.openstreetmap.org/node/4655593433,"https://www.google.com/maps/search/?api=1&query=43.3269641,-79.7994256"
Bronte Flowers,shop:florist,+1-905-825-8988,,,,,43.393875,-79.711881,node,385027475,https://www.openstreetmap.org/node/385027475,"https://www.google.com/maps/search/?api=1&query=43.3938745,-79.7118814"
Carlisle Flowers,shop:florist,,,,,,43.393881,-79.980601,node,2801523302,https://www.openstreetmap.org/node/2801523302,"https://www.google.com/maps/search/?api=1&query=43.3938813,-79.9806009"
Fendley Florists,shop:florist,,,,,,43.650607,-79.900900,node,10982436524,https://www.openstreetmap.org/node/10982436524,"https://www.google.com/maps/search/?api=1&query=43.6506068,-79.9009002"
Fleurs D'épargne,shop:florist,,5100,Erin Mills Parkway,,,43.558935,-79.711869,node,6556405160,https://www.openstreetmap.org/node/6556405160,"https://www.google.com/maps/search/?api=1&query=43.5589353,-79.7118687"
Flora Flowers & Gifts,shop:florist,,,,,,43.714871,-79.780470,node,6547160027,https://www.openstreetmap.org/node/6547160027,"https://www.google.com/maps/search/?api=1&query=43.7148707,-79.7804698"
Floral,shop:florist,,,,,,43.632289,-79.769126,node,1930612127,https://www.openstreetmap.org/node/1930612127,"https://www.google.com/maps/search/?api=1&query=43.6322888,-79.7691256"
Flowers by the Dozen,shop:florist,,,,,,43.333548,-79.809978,node,7859139260,https://www.openstreetmap.org/node/7859139260,"https://www.google.com/maps/search/?api=1&query=43.3335485,-79.8099775"
Francesca's Flowers & Gifts,shop:florist,,,,,,43.583220,-79.759685,node,3410784113,https://www.openstreetmap.org/node/3410784113,"https://www.google.com/maps/search/?api=1&query=43.5832199,-79.7596845"
Heart Lake Florist & Gifts,shop:florist,,,,,,43.727239,-79.796220,node,1870128198,https://www.openstreetmap.org/node/1870128198,"https://www.google.com/maps/search/?api=1&query=43.7272389,-79.7962201"
Jaggard’s Florist & Garden,shop:florist,,,,,,43.304247,-79.856972,node,9705808436,https://www.openstreetmap.org/node/9705808436,"https://www.google.com/maps/search/?api=1&query=43.3042471,-79.8569721"
Lavender Florist,shop:florist,,2380,Parkhaven Boulevard,Oakville,L6H 0E7,43.480021,-79.718830,node,10007447756,https://www.openstreetmap.org/node/10007447756,"https://www.google.com/maps/search/?api=1&query=43.4800214,-79.71883"
Les Fleurs Kathleen,shop:florist,,,,,,43.511479,-79.884776,node,2216850850,https://www.openstreetmap.org/node/2216850850,"https://www.google.com/maps/search/?api=1&query=43.5114792,-79.884776"
Mango's Flowers,shop:florist,,,,,,43.398058,-79.708159,node,3802921453,https://www.openstreetmap.org/node/3802921453,"https://www.google.com/maps/search/?api=1&query=43.3980583,-79.708159"
Marianna's Flower Island,shop:florist,,,,,,43.354479,-79.769168,node,3760804711,https://www.openstreetmap.org/node/3760804711,"https://www.google.com/maps/search/?api=1&query=43.354479,-79.7691683"
Memory Lane Flowers & Gifts,shop:florist,,,,,,43.713755,-79.745948,node,6547925944,https://www.openstreetmap.org/node/6547925944,"https://www.google.com/maps/search/?api=1&query=43.7137554,-79.7459476"
Millcroft Florist,shop:florist,,1940,Ironstone Drive,Burlington,,43.393208,-79.788912,node,3592761052,https://www.openstreetmap.org/node/3592761052,"https://www.google.com/maps/search/?api=1&query=43.393208,-79.7889119"
Risllam,shop:florist,,,,,,43.558313,-79.711889,node,12960056395,https://www.openstreetmap.org/node/12960056395,"https://www.google.com/maps/search/?api=1&query=43.5583128,-79.711889"
The Flower Market,shop:florist,,,,,,43.332052,-79.897967,node,13480961593,https://www.openstreetmap.org/node/13480961593,"https://www.google.com/maps/search/?api=1&query=43.3320523,-79.8979668"
Vanderburgh Flowers,shop:florist,,280,Guelph Street,,,43.648840,-79.898997,node,6533178869,https://www.openstreetmap.org/node/6533178869,"https://www.google.com/maps/search/?api=1&query=43.6488404,-79.8989973"
Art Picture Frame,shop:frame,,280,Guelph Street,,,43.648270,-79.898064,node,6533199649,https://www.openstreetmap.org/node/6533199649,"https://www.google.com/maps/search/?api=1&query=43.6482701,-79.8980637"
Frame It Forever,shop:frame,,,,,,43.583344,-79.715776,node,3452961408,https://www.openstreetmap.org/node/3452961408,"https://www.google.com/maps/search/?api=1&query=43.5833442,-79.7157761"
Framing + Art,shop:frame,,2000,Appleby Line,Burlington,L7L 7H7,43.394131,-79.791555,node,3732149043,https://www.openstreetmap.org/node/3732149043,"https://www.google.com/maps/search/?api=1&query=43.3941312,-79.7915553"
Glen Abbey Framing & Fine Art Gallery,shop:frame,,,,,,43.447364,-79.703193,node,2462374142,https://www.openstreetmap.org/node/2462374142,"https://www.google.com/maps/search/?api=1&query=43.4473635,-79.7031925"
Peach Tree Gallery,shop:frame,,540,Postridge Drive,,,43.490249,-79.715540,node,3410756080,https://www.openstreetmap.org/node/3410756080,"https://www.google.com/maps/search/?api=1&query=43.490249,-79.7155398"
M&M Food Market,shop:frozen_food,,,,,,43.468844,-79.717986,node,420260370,https://www.openstreetmap.org/node/420260370,"https://www.google.com/maps/search/?api=1&query=43.4688443,-79.7179865"
M&M Food Market,shop:frozen_food,,,,,,43.517708,-79.877741,node,2194541768,https://www.openstreetmap.org/node/2194541768,"https://www.google.com/maps/search/?api=1&query=43.5177083,-79.8777409"
M&M Food Market,shop:frozen_food,,,,,,43.584173,-79.716160,node,2527507520,https://www.openstreetmap.org/node/2527507520,"https://www.google.com/maps/search/?api=1&query=43.5841728,-79.7161598"
M&M Food Market,shop:frozen_food,,,,,,43.449520,-79.760167,node,3556589421,https://www.openstreetmap.org/node/3556589421,"https://www.google.com/maps/search/?api=1&query=43.4495195,-79.7601674"
M&M Food Market,shop:frozen_food,,,,,,43.583519,-79.778689,node,3976482951,https://www.openstreetmap.org/node/3976482951,"https://www.google.com/maps/search/?api=1&query=43.5835186,-79.7786895"
M&M Food Market,shop:frozen_food,,,,,,43.367565,-79.755021,node,3997758995,https://www.openstreetmap.org/node/3997758995,"https://www.google.com/maps/search/?api=1&query=43.3675653,-79.7550205"
M&M Food Market,shop:frozen_food,,,,,,43.407502,-79.810074,node,4523356879,https://www.openstreetmap.org/node/4523356879,"https://www.google.com/maps/search/?api=1&query=43.4075018,-79.8100738"
M&M Food Market,shop:frozen_food,,,,,,43.498321,-79.706840,node,4870844000,https://www.openstreetmap.org/node/4870844000,"https://www.google.com/maps/search/?api=1&query=43.4983214,-79.7068399"
M&M Food Market,shop:frozen_food,,,,,,43.332112,-79.896115,node,7196277789,https://www.openstreetmap.org/node/7196277789,"https://www.google.com/maps/search/?api=1&query=43.3321116,-79.8961153"
M&M Food Market,shop:frozen_food,,,,,,43.718972,-79.782323,node,7320130977,https://www.openstreetmap.org/node/7320130977,"https://www.google.com/maps/search/?api=1&query=43.7189715,-79.7823232"
M&M Food Market,shop:frozen_food,,,,,,43.650883,-79.900883,node,10982436522,https://www.openstreetmap.org/node/10982436522,"https://www.google.com/maps/search/?api=1&query=43.6508832,-79.900883"
M&M Food Market,shop:frozen_food,,,,,,43.681814,-79.765783,node,12810676822,https://www.openstreetmap.org/node/12810676822,"https://www.google.com/maps/search/?api=1&query=43.6818141,-79.7657832"
J. Scott Early Funeral Home,shop:funeral_directors,,21,James Street,Milton,,43.512061,-79.885560,node,807628238,https://www.openstreetmap.org/node/807628238,"https://www.google.com/maps/search/?api=1&query=43.5120607,-79.88556"
4 Ever Furniture,shop:furniture,,,,,,43.692378,-79.703552,node,9777630006,https://www.openstreetmap.org/node/9777630006,"https://www.google.com/maps/search/?api=1&query=43.6923781,-79.7035519"
Arrow Furniture,shop:furniture,,,,,,43.697594,-79.748011,node,6226609523,https://www.openstreetmap.org/node/6226609523,"https://www.google.com/maps/search/?api=1&query=43.6975937,-79.7480109"
Ashley HomeStore,shop:furniture,,,,,,43.729157,-79.766174,node,1914199498,https://www.openstreetmap.org/node/1914199498,"https://www.google.com/maps/search/?api=1&query=43.729157,-79.7661744"
Ashley HomeStore,shop:furniture,,,,,,43.357002,-79.804948,node,4438439740,https://www.openstreetmap.org/node/4438439740,"https://www.google.com/maps/search/?api=1&query=43.3570017,-79.8049477"
Burlington Store Fixtures,shop:furniture,,,,,,43.353150,-79.796681,node,4486121707,https://www.openstreetmap.org/node/4486121707,"https://www.google.com/maps/search/?api=1&query=43.3531496,-79.7966811"
Centro Garden,shop:furniture,,,,,,43.326454,-79.798682,node,1715140810,https://www.openstreetmap.org/node/1715140810,"https://www.google.com/maps/search/?api=1&query=43.3264538,-79.7986824"
Crown Furniture & Mattress,shop:furniture,,,,,,43.704398,-79.740528,node,6226609538,https://www.openstreetmap.org/node/6226609538,"https://www.google.com/maps/search/?api=1&query=43.7043982,-79.7405279"
Dot,shop:furniture,,,,,,43.716160,-79.722795,node,5483759866,https://www.openstreetmap.org/node/5483759866,"https://www.google.com/maps/search/?api=1&query=43.7161601,-79.7227948"
dot.,shop:furniture,,5100,Erin Mills Parkway,,,43.558627,-79.711129,node,6556403974,https://www.openstreetmap.org/node/6556403974,"https://www.google.com/maps/search/?api=1&query=43.5586272,-79.7111295"
Emerald Isle Home Furnishings,shop:furniture,,,,,,43.650579,-79.892869,node,1616740063,https://www.openstreetmap.org/node/1616740063,"https://www.google.com/maps/search/?api=1&query=43.6505795,-79.892869"
Furniture Depot,shop:furniture,,,,,,43.704441,-79.789417,node,2753025935,https://www.openstreetmap.org/node/2753025935,"https://www.google.com/maps/search/?api=1&query=43.704441,-79.7894174"
Griffin Vintage Furniture & Gifts,shop:furniture,,7,Griffin Street,,L0R 2H0,43.332917,-79.891364,node,7792210796,https://www.openstreetmap.org/node/7792210796,"https://www.google.com/maps/search/?api=1&query=43.3329167,-79.8913644"
GTA Office Furniture,shop:furniture,,,,,,43.691817,-79.704265,node,9777667521,https://www.openstreetmap.org/node/9777667521,"https://www.google.com/maps/search/?api=1&query=43.6918167,-79.7042649"
Highland Chair Co.,shop:furniture,,,,,,43.356865,-79.783327,node,7061175363,https://www.openstreetmap.org/node/7061175363,"https://www.google.com/maps/search/?api=1&query=43.3568648,-79.7833266"
JYSK,shop:furniture,,,,,,43.706409,-79.734799,node,6226609540,https://www.openstreetmap.org/node/6226609540,"https://www.google.com/maps/search/?api=1&query=43.7064085,-79.734799"
JYSK,shop:furniture,,,,,,43.665705,-79.734682,node,6566646147,https://www.openstreetmap.org/node/6566646147,"https://www.google.com/maps/search/?api=1&query=43.6657048,-79.7346824"
Kelli Jakab Interiors,shop:furniture,,,,,,43.650541,-79.914785,node,6535783980,https://www.openstreetmap.org/node/6535783980,"https://www.google.com/maps/search/?api=1&query=43.6505408,-79.9147855"
La Maison Furnishings,shop:furniture,,,,,,43.353360,-79.788421,node,7061164016,https://www.openstreetmap.org/node/7061164016,"https://www.google.com/maps/search/?api=1&query=43.35336,-79.7884206"
Lumberyard Village,shop:furniture,,,,,,43.486536,-79.980557,node,3351962925,https://www.openstreetmap.org/node/3351962925,"https://www.google.com/maps/search/?api=1&query=43.4865357,-79.9805567"
Pro Patio Furniture,shop:furniture,,,,,,43.335219,-79.814922,node,7858981614,https://www.openstreetmap.org/node/7858981614,"https://www.google.com/maps/search/?api=1&query=43.3352192,-79.8149224"
Solutions,shop:furniture,,,,,,43.396367,-79.750851,node,1967735107,https://www.openstreetmap.org/node/1967735107,"https://www.google.com/maps/search/?api=1&query=43.3963667,-79.7508514"
Source Office Furnishings,shop:furniture,,,,,,43.681442,-79.719543,node,2752953681,https://www.openstreetmap.org/node/2752953681,"https://www.google.com/maps/search/?api=1&query=43.6814424,-79.7195434"
Source Office Furnishings,shop:furniture,,,,,,43.352531,-79.797459,node,4486121701,https://www.openstreetmap.org/node/4486121701,"https://www.google.com/maps/search/?api=1&query=43.3525313,-79.7974589"
Structube,shop:furniture,,,,,,43.403062,-79.801783,node,8464845037,https://www.openstreetmap.org/node/8464845037,"https://www.google.com/maps/search/?api=1&query=43.4030618,-79.8017827"
Structube,shop:furniture,,,,,,43.559044,-79.711339,node,12960073045,https://www.openstreetmap.org/node/12960073045,"https://www.google.com/maps/search/?api=1&query=43.5590438,-79.7113387"
The Brick,shop:furniture,,,,,,43.447928,-79.703648,node,1862970936,https://www.openstreetmap.org/node/1862970936,"https://www.google.com/maps/search/?api=1&query=43.4479284,-79.7036479"
The Brick,shop:furniture,,1205,Maple Avenue,Milton,,43.538829,-79.867818,node,2084008301,https://www.openstreetmap.org/node/2084008301,"https://www.google.com/maps/search/?api=1&query=43.538829,-79.8678182"
The Brick,shop:furniture,,,,,,43.690529,-79.741194,node,6110919930,https://www.openstreetmap.org/node/6110919930,"https://www.google.com/maps/search/?api=1&query=43.6905287,-79.7411943"
Thomasville,shop:furniture,,,,,,43.326011,-79.798042,node,1715140872,https://www.openstreetmap.org/node/1715140872,"https://www.google.com/maps/search/?api=1&query=43.3260106,-79.7980416"
UpCountry,shop:furniture,,,,,,43.356779,-79.783383,node,7061175362,https://www.openstreetmap.org/node/7061175362,"https://www.google.com/maps/search/?api=1&query=43.356779,-79.7833829"
Urban Barn,shop:furniture,,,,,,43.396871,-79.748563,node,1080021896,https://www.openstreetmap.org/node/1080021896,"https://www.google.com/maps/search/?api=1&query=43.3968712,-79.7485632"
Urban Barn,shop:furniture,,,,,,43.482323,-79.721052,node,3412091337,https://www.openstreetmap.org/node/3412091337,"https://www.google.com/maps/search/?api=1&query=43.482323,-79.7210525"
Game Hoard,shop:games,,,,,,43.691461,-79.754510,node,887661095,https://www.openstreetmap.org/node/887661095,"https://www.google.com/maps/search/?api=1&query=43.6914612,-79.7545099"
The Hooded Goblin,shop:games,,,,,,43.650205,-79.927313,node,1616739843,https://www.openstreetmap.org/node/1616739843,"https://www.google.com/maps/search/?api=1&query=43.6502055,-79.9273127"
Georgetown Garden Centre,shop:garden_centre,,,,,,43.650355,-79.911026,node,6535783943,https://www.openstreetmap.org/node/6535783943,"https://www.google.com/maps/search/?api=1&query=43.650355,-79.9110264"
North Halton Garden Centre,shop:garden_centre,+1-905-877-4915,,,,,43.691515,-80.005258,node,4328493679,https://www.openstreetmap.org/node/4328493679,"https://www.google.com/maps/search/?api=1&query=43.6915149,-80.0052581"
Northland Nurseries,shop:garden_centre,,,,,,43.328351,-80.002623,node,11973671278,https://www.openstreetmap.org/node/11973671278,"https://www.google.com/maps/search/?api=1&query=43.3283509,-80.0026225"
Peter's Greenhouse Garden Centre,shop:garden_centre,,,,,,43.684000,-79.780990,node,665487062,https://www.openstreetmap.org/node/665487062,"https://www.google.com/maps/search/?api=1&query=43.6840003,-79.7809903"
Sid's Ponds and Gardenscapes,shop:garden_centre,,6000,Ninth Line,,,43.554982,-79.761681,node,3509357303,https://www.openstreetmap.org/node/3509357303,"https://www.google.com/maps/search/?api=1&query=43.5549816,-79.761681"
Terra,shop:garden_centre,,2273,Dundas Street,Burlington,,43.370476,-79.849056,node,4427827815,https://www.openstreetmap.org/node/4427827815,"https://www.google.com/maps/search/?api=1&query=43.3704756,-79.8490562"
Terra greenhouses,shop:garden_centre,,,,,,43.330774,-79.941856,node,2089188381,https://www.openstreetmap.org/node/2089188381,"https://www.google.com/maps/search/?api=1&query=43.3307736,-79.9418557"
The Gardening Place,shop:garden_centre,,740,Steeles Avenue West,,,43.651269,-79.750012,node,10746728278,https://www.openstreetmap.org/node/10746728278,"https://www.google.com/maps/search/?api=1&query=43.6512692,-79.7500124"
Walmart Garden Centre,shop:garden_centre,+1-905-257-5740,234,Hays Boulevard,,L6H 6M4,43.482920,-79.719449,node,11863170356,https://www.openstreetmap.org/node/11863170356,"https://www.google.com/maps/search/?api=1&query=43.4829197,-79.719449"
Basketique,shop:gift,,5100,Erin Mills Parkway,,,43.559149,-79.711528,node,6556405156,https://www.openstreetmap.org/node/6556405156,"https://www.google.com/maps/search/?api=1&query=43.5591489,-79.711528"
Bonkers,shop:gift,,,,,,43.348083,-79.794613,node,6629331179,https://www.openstreetmap.org/node/6629331179,"https://www.google.com/maps/search/?api=1&query=43.348083,-79.7946129"
Calendar Club,shop:gift,,,,,,43.324961,-79.819237,node,6632429828,https://www.openstreetmap.org/node/6632429828,"https://www.google.com/maps/search/?api=1&query=43.3249609,-79.8192372"
Card N' Party,shop:gift,,300,North Service Road West,Oakville,L6M 2S0,43.446110,-79.704868,node,11423199168,https://www.openstreetmap.org/node/11423199168,"https://www.google.com/maps/search/?api=1&query=43.4461099,-79.7048683"
Collectibles,shop:gift,,,,,,43.715452,-79.723159,node,6663083625,https://www.openstreetmap.org/node/6663083625,"https://www.google.com/maps/search/?api=1&query=43.7154521,-79.7231591"
Edible Arrangements,shop:gift,,,,,,43.337730,-79.785585,node,3609911921,https://www.openstreetmap.org/node/3609911921,"https://www.google.com/maps/search/?api=1&query=43.3377297,-79.7855851"
Edible Arrangements,shop:gift,,,,,,43.657905,-79.741449,node,7195543527,https://www.openstreetmap.org/node/7195543527,"https://www.google.com/maps/search/?api=1&query=43.6579047,-79.7414493"
Eh Canada,shop:gift,,,,,,43.575963,-79.828509,node,13869500735,https://www.openstreetmap.org/node/13869500735,"https://www.google.com/maps/search/?api=1&query=43.575963,-79.8285088"
Flores Gifts & Cards,shop:gift,,,,,,43.715680,-79.720951,node,6659686732,https://www.openstreetmap.org/node/6659686732,"https://www.google.com/maps/search/?api=1&query=43.71568,-79.7209508"
Hallmark,shop:gift,,,,,,43.539774,-79.872231,node,1738484561,https://www.openstreetmap.org/node/1738484561,"https://www.google.com/maps/search/?api=1&query=43.5397742,-79.8722307"
Hallmark,shop:gift,,,,,,43.348756,-79.793002,node,6629375205,https://www.openstreetmap.org/node/6629375205,"https://www.google.com/maps/search/?api=1&query=43.3487561,-79.7930018"
Hallmark,shop:gift,+1-905-793-4472,25,Peel Centre Drive,,L6T 3R5,43.715324,-79.723461,node,6660982642,https://www.openstreetmap.org/node/6660982642,"https://www.google.com/maps/search/?api=1&query=43.7153242,-79.7234611"
Ilahui,shop:gift,,5100,Erin Mills Parkway,,,43.558770,-79.712457,node,6556571738,https://www.openstreetmap.org/node/6556571738,"https://www.google.com/maps/search/?api=1&query=43.5587701,-79.7124567"
Khan Alsultan,shop:gift,,5100,Erin Mills Parkway,,,43.558940,-79.712499,node,6556389845,https://www.openstreetmap.org/node/6556389845,"https://www.google.com/maps/search/?api=1&query=43.5589397,-79.712499"
Khan Alsultan,shop:gift,,5100,Erin Mills Parkway,,,43.558919,-79.711473,node,6556405157,https://www.openstreetmap.org/node/6556405157,"https://www.google.com/maps/search/?api=1&query=43.5589191,-79.7114729"
Kristals,shop:gift,,,,,,43.348785,-79.793745,node,6629375214,https://www.openstreetmap.org/node/6629375214,"https://www.google.com/maps/search/?api=1&query=43.3487848,-79.7937452"
Middle Eastern Gifts,shop:gift,,,,,,43.715403,-79.721064,node,6659686725,https://www.openstreetmap.org/node/6659686725,"https://www.google.com/maps/search/?api=1&query=43.715403,-79.7210643"
Oceania Gift Shop,shop:gift,,,,,,43.702248,-79.756032,node,7176563834,https://www.openstreetmap.org/node/7176563834,"https://www.google.com/maps/search/?api=1&query=43.7022477,-79.7560322"
Owl Monkeys,shop:gift,,,,,,43.716629,-79.721665,node,6662840576,https://www.openstreetmap.org/node/6662840576,"https://www.google.com/maps/search/?api=1&query=43.7166294,-79.7216646"
Rock Universe,shop:gift,,,,,,43.650364,-79.911215,node,6535783945,https://www.openstreetmap.org/node/6535783945,"https://www.google.com/maps/search/?api=1&query=43.6503637,-79.9112155"
Saltcreek House,shop:gift,,,,,,43.449876,-79.757907,node,3898585072,https://www.openstreetmap.org/node/3898585072,"https://www.google.com/maps/search/?api=1&query=43.4498761,-79.7579072"
Showcase,shop:gift,,280,Guelph Street,,,43.648475,-79.898959,node,6533178858,https://www.openstreetmap.org/node/6533178858,"https://www.google.com/maps/search/?api=1&query=43.6484749,-79.8989594"
Showcase,shop:gift,,5100,Erin Mills Parkway,,,43.559239,-79.712501,node,6556571744,https://www.openstreetmap.org/node/6556571744,"https://www.google.com/maps/search/?api=1&query=43.5592394,-79.7125009"
Showcase,shop:gift,,,,,,43.665934,-79.737131,node,6566646177,https://www.openstreetmap.org/node/6566646177,"https://www.google.com/maps/search/?api=1&query=43.6659337,-79.7371308"
Showcase,shop:gift,,,,,,43.348535,-79.794746,node,6629375223,https://www.openstreetmap.org/node/6629375223,"https://www.google.com/maps/search/?api=1&query=43.3485351,-79.7947457"
Showcase,shop:gift,,,,,,43.327235,-79.820930,node,6632427690,https://www.openstreetmap.org/node/6632427690,"https://www.google.com/maps/search/?api=1&query=43.3272352,-79.8209298"
Showcase,shop:gift,,,,,,43.715739,-79.720865,node,6659686730,https://www.openstreetmap.org/node/6659686730,"https://www.google.com/maps/search/?api=1&query=43.7157386,-79.720865"
Showcase,shop:gift,,,,,,43.715017,-79.722343,node,6661106818,https://www.openstreetmap.org/node/6661106818,"https://www.google.com/maps/search/?api=1&query=43.7150168,-79.7223433"
Spencer's,shop:gift,,5100,Erin Mills Parkway,,,43.558985,-79.712013,node,6556571748,https://www.openstreetmap.org/node/6556571748,"https://www.google.com/maps/search/?api=1&query=43.5589855,-79.7120125"
Spencer's,shop:gift,,,,,,43.715251,-79.723459,node,6663083633,https://www.openstreetmap.org/node/6663083633,"https://www.google.com/maps/search/?api=1&query=43.7152513,-79.7234591"
Terra Cotta Country Store,shop:gift,,,,,,43.715095,-79.936630,node,2384774718,https://www.openstreetmap.org/node/2384774718,"https://www.google.com/maps/search/?api=1&query=43.7150955,-79.9366302"
Treasure Box,shop:gift,,,,,,43.666774,-79.738746,node,6566641257,https://www.openstreetmap.org/node/6566641257,"https://www.google.com/maps/search/?api=1&query=43.666774,-79.7387461"
Tribal Gypsy,shop:gift,,,,,,43.321329,-79.834202,node,7770697086,https://www.openstreetmap.org/node/7770697086,"https://www.google.com/maps/search/?api=1&query=43.3213293,-79.8342022"
Words Icon,shop:gift,,5100,Erin Mills Parkway,,,43.558630,-79.711605,node,6557896293,https://www.openstreetmap.org/node/6557896293,"https://www.google.com/maps/search/?api=1&query=43.5586298,-79.7116051"
Glenn Williams Glass,shop:glass,+1-905-873-4092,,,,,43.670091,-79.925784,node,2494410532,https://www.openstreetmap.org/node/2494410532,"https://www.google.com/maps/search/?api=1&query=43.6700911,-79.9257839"
Farmer Jack's,shop:greengrocer,,,,,,43.371488,-79.761675,node,7060674435,https://www.openstreetmap.org/node/7060674435,"https://www.google.com/maps/search/?api=1&query=43.3714885,-79.7616749"
Little Bee Farmer's Market,shop:greengrocer,,,,,,43.582016,-79.715607,node,13022166054,https://www.openstreetmap.org/node/13022166054,"https://www.google.com/maps/search/?api=1&query=43.5820156,-79.7156074"
Sara Grocers,shop:greengrocer,,,,,,43.339682,-79.784953,node,7061242987,https://www.openstreetmap.org/node/7061242987,"https://www.google.com/maps/search/?api=1&query=43.339682,-79.7849533"
Trafalgar Ridge Fruit Market,shop:greengrocer,,,,,,43.486659,-79.714928,node,3410458850,https://www.openstreetmap.org/node/3410458850,"https://www.google.com/maps/search/?api=1&query=43.4866594,-79.7149283"
Amore Hair Design,shop:hairdresser,,392,Martha Street,Burlington,L7R 2P7,43.326994,-79.793256,node,3693029198,https://www.openstreetmap.org/node/3693029198,"https://www.google.com/maps/search/?api=1&query=43.3269942,-79.7932557"
Ashby Grove,shop:hairdresser,,5100,Erin Mills Parkway,,,43.558655,-79.711408,node,6556405155,https://www.openstreetmap.org/node/6556405155,"https://www.google.com/maps/search/?api=1&query=43.5586547,-79.7114077"
Ashby Grove,shop:hairdresser,,,,,,43.716457,-79.721389,node,6662840572,https://www.openstreetmap.org/node/6662840572,"https://www.google.com/maps/search/?api=1&query=43.7164568,-79.7213889"
Avanti Hair Salon,shop:hairdresser,+1 9058199547,6040,Glen Erin Drive,,,43.574893,-79.739174,node,12865657344,https://www.openstreetmap.org/node/12865657344,"https://www.google.com/maps/search/?api=1&query=43.5748927,-79.7391743"
Barber shop,shop:hairdresser,,,,,,43.495215,-79.895712,node,13952318080,https://www.openstreetmap.org/node/13952318080,"https://www.google.com/maps/search/?api=1&query=43.4952148,-79.8957115"
Barber Shop,shop:hairdresser,,790,Brant Street,,,43.333471,-79.809858,node,7859139258,https://www.openstreetmap.org/node/7859139258,"https://www.google.com/maps/search/?api=1&query=43.3334711,-79.8098584"
Barber's Lounge,shop:hairdresser,,,,,,43.324690,-79.818992,node,6632429831,https://www.openstreetmap.org/node/6632429831,"https://www.google.com/maps/search/?api=1&query=43.3246897,-79.8189923"
Barber's Voice,shop:hairdresser,+19056070008,63,3700 eglinton avenue west,,,43.538111,-79.728545,node,13438339661,https://www.openstreetmap.org/node/13438339661,"https://www.google.com/maps/search/?api=1&query=43.5381107,-79.7285453"
Barbershop,shop:hairdresser,,,,,,43.582968,-79.729756,node,12865642494,https://www.openstreetmap.org/node/12865642494,"https://www.google.com/maps/search/?api=1&query=43.5829681,-79.7297562"
Beauty on Brant,shop:hairdresser,,,,,,43.332091,-79.807682,node,7859146805,https://www.openstreetmap.org/node/7859146805,"https://www.google.com/maps/search/?api=1&query=43.3320913,-79.8076821"
Belmonte,shop:hairdresser,,,,,,43.589800,-79.723371,node,4618737950,https://www.openstreetmap.org/node/4618737950,"https://www.google.com/maps/search/?api=1&query=43.5898001,-79.7233709"
Best Choice Hair Salon,shop:hairdresser,+1-905-840-2378,,,,,43.709941,-79.810880,node,2498602811,https://www.openstreetmap.org/node/2498602811,"https://www.google.com/maps/search/?api=1&query=43.7099407,-79.8108803"
Blade Runner Barber Shop,shop:hairdresser,,,,,,43.685478,-79.759580,node,7170560024,https://www.openstreetmap.org/node/7170560024,"https://www.google.com/maps/search/?api=1&query=43.685478,-79.7595805"
Blend,shop:hairdresser,,,,,,43.483424,-79.721315,node,8975636924,https://www.openstreetmap.org/node/8975636924,"https://www.google.com/maps/search/?api=1&query=43.4834245,-79.7213151"
Blo,shop:hairdresser,,,,,,43.513764,-79.881835,node,10934581976,https://www.openstreetmap.org/node/10934581976,"https://www.google.com/maps/search/?api=1&query=43.5137639,-79.8818349"
Blurry Barbershop,shop:hairdresser,,,,,,43.663855,-79.731880,node,13093244504,https://www.openstreetmap.org/node/13093244504,"https://www.google.com/maps/search/?api=1&query=43.6638554,-79.7318797"
Bob Shop,shop:hairdresser,,,,,,43.469771,-79.706810,node,2161566834,https://www.openstreetmap.org/node/2161566834,"https://www.google.com/maps/search/?api=1&query=43.4697714,-79.7068103"
Bollywood Styling,shop:hairdresser,,,,,,43.703132,-79.785072,node,6546952092,https://www.openstreetmap.org/node/6546952092,"https://www.google.com/maps/search/?api=1&query=43.7031319,-79.7850725"
Bosco Hair Design,shop:hairdresser,,,,,,43.556921,-79.756658,node,2014556963,https://www.openstreetmap.org/node/2014556963,"https://www.google.com/maps/search/?api=1&query=43.5569208,-79.7566578"
Breeze Hair Salon,shop:hairdresser,,,,,,43.395437,-79.710203,node,4020068159,https://www.openstreetmap.org/node/4020068159,"https://www.google.com/maps/search/?api=1&query=43.3954367,-79.7102033"
Budget Haircuts,shop:hairdresser,,,,,,43.699092,-79.822548,node,2324930405,https://www.openstreetmap.org/node/2324930405,"https://www.google.com/maps/search/?api=1&query=43.6990924,-79.8225479"
C Beauty Spa and Salon,shop:hairdresser,,,,,,43.675687,-79.822245,node,7141388472,https://www.openstreetmap.org/node/7141388472,"https://www.google.com/maps/search/?api=1&query=43.6756873,-79.8222453"
Calleigh's Beauty Boutique,shop:hairdresser,+1-289-725-8686,,,,,43.475679,-79.736648,node,3994352129,https://www.openstreetmap.org/node/3994352129,"https://www.google.com/maps/search/?api=1&query=43.4756785,-79.7366478"
Carmens Hair Studio,shop:hairdresser,,,,,,43.355086,-79.768709,node,3422254798,https://www.openstreetmap.org/node/3422254798,"https://www.google.com/maps/search/?api=1&query=43.3550857,-79.7687093"
Cenna Hair Studio,shop:hairdresser,,,,,,43.715372,-79.723629,node,6660982644,https://www.openstreetmap.org/node/6660982644,"https://www.google.com/maps/search/?api=1&query=43.7153717,-79.7236287"
Central Hair Care,shop:hairdresser,,,,,,43.366100,-79.822433,node,6632465375,https://www.openstreetmap.org/node/6632465375,"https://www.google.com/maps/search/?api=1&query=43.3661003,-79.8224332"
Charle Blanc Salon & Spa,shop:hairdresser,,,,,,43.498146,-79.706600,node,4870843998,https://www.openstreetmap.org/node/4870843998,"https://www.google.com/maps/search/?api=1&query=43.4981463,-79.7065998"
Chatters,shop:hairdresser,,,,,,43.732343,-79.766480,node,1914199487,https://www.openstreetmap.org/node/1914199487,"https://www.google.com/maps/search/?api=1&query=43.732343,-79.7664797"
Chatters,shop:hairdresser,,,,,,43.324652,-79.819310,node,6632465353,https://www.openstreetmap.org/node/6632465353,"https://www.google.com/maps/search/?api=1&query=43.3246521,-79.8193097"
Class A Hairstylists,shop:hairdresser,,,,,,43.412340,-79.705921,node,2796919571,https://www.openstreetmap.org/node/2796919571,"https://www.google.com/maps/search/?api=1&query=43.41234,-79.7059211"
Club Cuts Hair Salon,shop:hairdresser,+1-905-877-4400,,,,,43.629913,-79.877526,node,4341946158,https://www.openstreetmap.org/node/4341946158,"https://www.google.com/maps/search/?api=1&query=43.6299134,-79.8775256"
Colors,shop:hairdresser,,,,,,43.665910,-79.736831,node,6566646173,https://www.openstreetmap.org/node/6566646173,"https://www.google.com/maps/search/?api=1&query=43.6659101,-79.7368315"
Colour Connexion Hair Studio,shop:hairdresser,,,,,,43.326856,-79.793971,node,7859170918,https://www.openstreetmap.org/node/7859170918,"https://www.google.com/maps/search/?api=1&query=43.3268564,-79.7939707"
Cuts Etc,shop:hairdresser,+1-905-319-7007,,,,,43.357131,-79.842656,node,2698208721,https://www.openstreetmap.org/node/2698208721,"https://www.google.com/maps/search/?api=1&query=43.3571309,-79.8426564"
Daniela's Hair Design,shop:hairdresser,,9105,Derry Road West,Milton,,43.517460,-79.851257,node,2271751978,https://www.openstreetmap.org/node/2271751978,"https://www.google.com/maps/search/?api=1&query=43.5174604,-79.8512565"
Danny's Salon & Spa,shop:hairdresser,,,,,,43.725752,-79.815290,node,3475089885,https://www.openstreetmap.org/node/3475089885,"https://www.google.com/maps/search/?api=1&query=43.7257516,-79.8152904"
Danny’s Salon & Spa,shop:hairdresser,,,,,,43.658011,-79.725233,node,13093242399,https://www.openstreetmap.org/node/13093242399,"https://www.google.com/maps/search/?api=1&query=43.6580113,-79.7252325"
Danny's Salon and Spa,shop:hairdresser,,,,,,43.658971,-79.749625,node,13022166053,https://www.openstreetmap.org/node/13022166053,"https://www.google.com/maps/search/?api=1&query=43.6589711,-79.749625"
Deep Touch Salon,shop:hairdresser,,,,,,43.687607,-79.805105,node,6546837463,https://www.openstreetmap.org/node/6546837463,"https://www.google.com/maps/search/?api=1&query=43.6876069,-79.8051046"
Dio's Beauty Salon,shop:hairdresser,,,,,,43.725008,-79.716054,node,6547874082,https://www.openstreetmap.org/node/6547874082,"https://www.google.com/maps/search/?api=1&query=43.7250081,-79.7160539"
Diva Beauty Salon,shop:hairdresser,,,,,,43.695796,-79.799351,node,6546851780,https://www.openstreetmap.org/node/6546851780,"https://www.google.com/maps/search/?api=1&query=43.6957961,-79.7993512"
Dolce Salon Essentials,shop:hairdresser,,,,,,43.325443,-79.797185,node,7859167170,https://www.openstreetmap.org/node/7859167170,"https://www.google.com/maps/search/?api=1&query=43.3254435,-79.7971851"
E-Clips Family Hair Design,shop:hairdresser,+1-905-875-2223,359,Main Street East,Milton,,43.516486,-79.879760,node,2206877125,https://www.openstreetmap.org/node/2206877125,"https://www.google.com/maps/search/?api=1&query=43.5164857,-79.8797603"
Elizabeth Hair Studio,shop:hairdresser,,2374,Parkhaven Boulevard,Oakville,L6H 0E7,43.479800,-79.718829,node,10007447753,https://www.openstreetmap.org/node/10007447753,"https://www.google.com/maps/search/?api=1&query=43.4797999,-79.718829"
En Vogue Salon & Spa,shop:hairdresser,,,,,,43.715240,-79.721249,node,6659686721,https://www.openstreetmap.org/node/6659686721,"https://www.google.com/maps/search/?api=1&query=43.7152403,-79.7212485"
Enrich Hair Salon & Spa,shop:hairdresser,+1-905-785-3938,,,,,43.571657,-79.754460,node,4060915340,https://www.openstreetmap.org/node/4060915340,"https://www.google.com/maps/search/?api=1&query=43.5716574,-79.7544604"
Exhale Hair Studio,shop:hairdresser,+1 905-455-8689,,,,,43.705025,-79.726123,node,10822992494,https://www.openstreetmap.org/node/10822992494,"https://www.google.com/maps/search/?api=1&query=43.7050253,-79.7261232"
Fade Lab Barbershop,shop:hairdresser,,,,,,43.699365,-79.744648,node,12810724570,https://www.openstreetmap.org/node/12810724570,"https://www.google.com/maps/search/?api=1&query=43.6993653,-79.7446479"
Fantastic Charm Salon & Spa,shop:hairdresser,,,,,,43.713088,-79.727563,node,6547874060,https://www.openstreetmap.org/node/6547874060,"https://www.google.com/maps/search/?api=1&query=43.7130881,-79.7275633"
First Choice Hair,shop:hairdresser,,,,,,43.367233,-79.754619,node,3997758985,https://www.openstreetmap.org/node/3997758985,"https://www.google.com/maps/search/?api=1&query=43.3672334,-79.7546188"
First Choice Hair,shop:hairdresser,,,,,,43.331957,-79.898077,node,7196277787,https://www.openstreetmap.org/node/7196277787,"https://www.google.com/maps/search/?api=1&query=43.3319574,-79.8980773"
First Choice Hair,shop:hairdresser,,,,,,43.650883,-79.903180,node,10982416100,https://www.openstreetmap.org/node/10982416100,"https://www.google.com/maps/search/?api=1&query=43.6508831,-79.9031803"
First Choice Hair Cutters,shop:hairdresser,,,,,,43.351645,-79.787281,node,7061164012,https://www.openstreetmap.org/node/7061164012,"https://www.google.com/maps/search/?api=1&query=43.3516446,-79.7872807"
First Choice Haircutters,shop:hairdresser,,,,,,43.682825,-79.813162,node,1922007672,https://www.openstreetmap.org/node/1922007672,"https://www.google.com/maps/search/?api=1&query=43.6828246,-79.8131618"
First Choice Haircutters,shop:hairdresser,,,,,,43.706827,-79.784600,node,2501164778,https://www.openstreetmap.org/node/2501164778,"https://www.google.com/maps/search/?api=1&query=43.7068272,-79.7846002"
First Choice Haircutters,shop:hairdresser,,,,,,43.636318,-79.718978,node,3958839546,https://www.openstreetmap.org/node/3958839546,"https://www.google.com/maps/search/?api=1&query=43.6363182,-79.7189783"
First Choice Haircutters,shop:hairdresser,,,,,,43.543512,-79.724756,node,3976144978,https://www.openstreetmap.org/node/3976144978,"https://www.google.com/maps/search/?api=1&query=43.5435121,-79.7247565"
First Choice Haircutters,shop:hairdresser,,,,,,43.583429,-79.778781,node,3976482946,https://www.openstreetmap.org/node/3976482946,"https://www.google.com/maps/search/?api=1&query=43.5834294,-79.7787814"
First Choice Haircutters,shop:hairdresser,,,,,,43.656199,-79.813929,node,4002007088,https://www.openstreetmap.org/node/4002007088,"https://www.google.com/maps/search/?api=1&query=43.6561994,-79.8139293"
First Choice Haircutters,shop:hairdresser,,,,,,43.589083,-79.739759,node,4016655595,https://www.openstreetmap.org/node/4016655595,"https://www.google.com/maps/search/?api=1&query=43.5890826,-79.7397593"
First Choice Haircutters,shop:hairdresser,,,,,,43.734125,-79.707616,node,6547820360,https://www.openstreetmap.org/node/6547820360,"https://www.google.com/maps/search/?api=1&query=43.7341249,-79.7076157"
First Choice Haircutters,shop:hairdresser,,,,,,43.389764,-79.823232,node,7060846678,https://www.openstreetmap.org/node/7060846678,"https://www.google.com/maps/search/?api=1&query=43.3897643,-79.823232"
First Choice Haircutters,shop:hairdresser,,,,,,43.526445,-79.866650,node,10934590737,https://www.openstreetmap.org/node/10934590737,"https://www.google.com/maps/search/?api=1&query=43.5264452,-79.8666503"
First Choice HairCutters,shop:hairdresser,,,,,,43.729543,-79.764007,node,1914225507,https://www.openstreetmap.org/node/1914225507,"https://www.google.com/maps/search/?api=1&query=43.7295425,-79.7640069"
Fortelli Salon & Spa,shop:hairdresser,,6750,Winston Churchill Boulevard,,,43.582763,-79.765004,node,3440055624,https://www.openstreetmap.org/node/3440055624,"https://www.google.com/maps/search/?api=1&query=43.5827627,-79.7650035"
Frank & Tony,shop:hairdresser,,,,,,43.583076,-79.717686,node,2527507503,https://www.openstreetmap.org/node/2527507503,"https://www.google.com/maps/search/?api=1&query=43.5830765,-79.7176858"
Gentleman's Choice,shop:hairdresser,,,,,,43.665267,-79.736629,node,6566646161,https://www.openstreetmap.org/node/6566646161,"https://www.google.com/maps/search/?api=1&query=43.665267,-79.7366287"
Glamourous Beauty Salon & Spa,shop:hairdresser,,,,,,43.717714,-79.742642,node,6547928856,https://www.openstreetmap.org/node/6547928856,"https://www.google.com/maps/search/?api=1&query=43.7177135,-79.742642"
Golden Chair Barber Shop,shop:hairdresser,+1 2896273560,480,Bronte Street South,,,43.498671,-79.876164,node,9382405552,https://www.openstreetmap.org/node/9382405552,"https://www.google.com/maps/search/?api=1&query=43.4986707,-79.8761635"
Goldwyn & Sons,shop:hairdresser,,,,,,43.394055,-79.710114,node,4020068160,https://www.openstreetmap.org/node/4020068160,"https://www.google.com/maps/search/?api=1&query=43.3940551,-79.7101144"
Great Clips,shop:hairdresser,,,,,,43.317905,-79.909594,node,1866772175,https://www.openstreetmap.org/node/1866772175,"https://www.google.com/maps/search/?api=1&query=43.3179052,-79.9095941"
Great Clips,shop:hairdresser,,1250,Brant Street,Burlington,,43.343198,-79.827465,node,2168883186,https://www.openstreetmap.org/node/2168883186,"https://www.google.com/maps/search/?api=1&query=43.3431978,-79.8274645"
Great Clips,shop:hairdresser,,,,,,43.540266,-79.874245,node,2199853542,https://www.openstreetmap.org/node/2199853542,"https://www.google.com/maps/search/?api=1&query=43.5402657,-79.8742447"
Great Clips,shop:hairdresser,,,,,,43.368328,-79.754336,node,3391724673,https://www.openstreetmap.org/node/3391724673,"https://www.google.com/maps/search/?api=1&query=43.3683276,-79.7543362"
Great Clips,shop:hairdresser,,,,,,43.446766,-79.705626,node,3657969871,https://www.openstreetmap.org/node/3657969871,"https://www.google.com/maps/search/?api=1&query=43.4467656,-79.705626"
Great Clips,shop:hairdresser,,,,,,43.450097,-79.758222,node,3898585067,https://www.openstreetmap.org/node/3898585067,"https://www.google.com/maps/search/?api=1&query=43.4500966,-79.758222"
Great Clips,shop:hairdresser,,,,,,43.638956,-79.716331,node,3959799483,https://www.openstreetmap.org/node/3959799483,"https://www.google.com/maps/search/?api=1&query=43.6389562,-79.7163314"
Great Clips,shop:hairdresser,,3160,Argentia Road,,,43.592982,-79.788115,node,3976482948,https://www.openstreetmap.org/node/3976482948,"https://www.google.com/maps/search/?api=1&query=43.5929819,-79.7881146"
Great Clips,shop:hairdresser,,3047,Appleby Line,Burlington,L7M 0V7,43.408486,-79.809553,node,4011369043,https://www.openstreetmap.org/node/4011369043,"https://www.google.com/maps/search/?api=1&query=43.4084861,-79.8095528"
Great Clips,shop:hairdresser,,,,,,43.691429,-79.801957,node,6546833949,https://www.openstreetmap.org/node/6546833949,"https://www.google.com/maps/search/?api=1&query=43.6914286,-79.801957"
Great Clips,shop:hairdresser,,,,,,43.664852,-79.781417,node,12810715913,https://www.openstreetmap.org/node/12810715913,"https://www.google.com/maps/search/?api=1&query=43.6648523,-79.7814165"
Hair Associates,shop:hairdresser,+1-905-878-2030,162,Main Street East,Milton,,43.511952,-79.884266,node,2216850812,https://www.openstreetmap.org/node/2216850812,"https://www.google.com/maps/search/?api=1&query=43.5119522,-79.8842662"
Hair Centre,shop:hairdresser,+1 905-450-6893,,,,,43.702341,-79.739464,node,10780162904,https://www.openstreetmap.org/node/10780162904,"https://www.google.com/maps/search/?api=1&query=43.7023407,-79.7394639"
Hair Chateau,shop:hairdresser,,,,,,43.412177,-79.705625,node,6647448505,https://www.openstreetmap.org/node/6647448505,"https://www.google.com/maps/search/?api=1&query=43.4121773,-79.7056254"
Hair Expressions,shop:hairdresser,+1-905-693-1003,,,,,43.517552,-79.877918,node,2194541886,https://www.openstreetmap.org/node/2194541886,"https://www.google.com/maps/search/?api=1&query=43.5175517,-79.8779179"
Hair Forum,shop:hairdresser,,,,,,43.347984,-79.793085,node,6629362802,https://www.openstreetmap.org/node/6629362802,"https://www.google.com/maps/search/?api=1&query=43.3479841,-79.7930848"
Hair in Style,shop:hairdresser,,280,Guelph Street,,,43.648847,-79.899123,node,6533178870,https://www.openstreetmap.org/node/6533178870,"https://www.google.com/maps/search/?api=1&query=43.6488473,-79.8991225"
Hair Profile & Skin Care,shop:hairdresser,,,,,,43.722479,-79.717584,node,11406280844,https://www.openstreetmap.org/node/11406280844,"https://www.google.com/maps/search/?api=1&query=43.7224786,-79.717584"
Hair Revolution,shop:hairdresser,,,,,,43.666750,-79.739992,node,6566641280,https://www.openstreetmap.org/node/6566641280,"https://www.google.com/maps/search/?api=1&query=43.6667497,-79.7399919"
Hair Studio,shop:hairdresser,,,,,,43.305408,-79.854019,node,9705812336,https://www.openstreetmap.org/node/9705812336,"https://www.google.com/maps/search/?api=1&query=43.3054078,-79.8540194"
Hairitage House Salon,shop:hairdresser,,,,,,43.326172,-79.795589,node,3021589805,https://www.openstreetmap.org/node/3021589805,"https://www.google.com/maps/search/?api=1&query=43.3261717,-79.7955889"
Hairloom Hairstyling,shop:hairdresser,+1-905-632-0244,,,,,43.366868,-79.734139,node,3997798087,https://www.openstreetmap.org/node/3997798087,"https://www.google.com/maps/search/?api=1&query=43.3668681,-79.7341385"
Hairworks,shop:hairdresser,,,,,,43.593026,-79.764726,node,3415004625,https://www.openstreetmap.org/node/3415004625,"https://www.google.com/maps/search/?api=1&query=43.5930259,-79.7647258"
Heaney Barber & Hair,shop:hairdresser,,100,Bronte Road,Oakville,,43.393906,-79.711142,node,385027427,https://www.openstreetmap.org/node/385027427,"https://www.google.com/maps/search/?api=1&query=43.3939064,-79.7111418"
Heaven's Touch Salon & Spa,shop:hairdresser,+1-905-459-4247,,,,,43.672847,-79.821123,node,2486831780,https://www.openstreetmap.org/node/2486831780,"https://www.google.com/maps/search/?api=1&query=43.6728472,-79.8211231"
Henda Barbershop,shop:hairdresser,+1 905 567 0550,5602,Tenth Line West,,,43.558492,-79.743832,node,3758234920,https://www.openstreetmap.org/node/3758234920,"https://www.google.com/maps/search/?api=1&query=43.5584922,-79.7438318"
Hi-5 Hair Design,shop:hairdresser,,,,,,43.507889,-79.862043,node,2199778665,https://www.openstreetmap.org/node/2199778665,"https://www.google.com/maps/search/?api=1&query=43.5078893,-79.8620425"
Highlight Essence Hair Studio & Esthetics,shop:hairdresser,,,,,,43.676279,-79.822832,node,7141388464,https://www.openstreetmap.org/node/7141388464,"https://www.google.com/maps/search/?api=1&query=43.6762789,-79.8228324"
Hollywood Hair,shop:hairdresser,+1-905-840-1972,,,,,43.726129,-79.812818,node,1918832321,https://www.openstreetmap.org/node/1918832321,"https://www.google.com/maps/search/?api=1&query=43.7261287,-79.8128177"
Illusion Hair Studio,shop:hairdresser,+1-416-473-0768,188,Main Street East,,L9T 1N8,43.512504,-79.883576,node,5393698921,https://www.openstreetmap.org/node/5393698921,"https://www.google.com/maps/search/?api=1&query=43.5125043,-79.8835761"
Impressions Hair & Aesthetics,shop:hairdresser,,,,,,43.468907,-79.718428,node,420260368,https://www.openstreetmap.org/node/420260368,"https://www.google.com/maps/search/?api=1&query=43.4689073,-79.7184277"
Indo Canada Beauty Salon,shop:hairdresser,+1-905-636-7919,,,,,43.521684,-79.865382,node,2199778707,https://www.openstreetmap.org/node/2199778707,"https://www.google.com/maps/search/?api=1&query=43.5216842,-79.8653818"
Indo Canada Salon & Spa,shop:hairdresser,,,,,,43.681669,-79.815713,node,6546847849,https://www.openstreetmap.org/node/6546847849,"https://www.google.com/maps/search/?api=1&query=43.6816686,-79.8157127"
Jackie's Hair Studio,shop:hairdresser,+1-905-333-3003,,,,,43.339407,-79.818526,node,2168895025,https://www.openstreetmap.org/node/2168895025,"https://www.google.com/maps/search/?api=1&query=43.3394065,-79.8185259"
Jake Turner Barber Shop,shop:hairdresser,,,,,,43.676398,-79.822882,node,7141388462,https://www.openstreetmap.org/node/7141388462,"https://www.google.com/maps/search/?api=1&query=43.6763979,-79.8228822"
Janicka Hair Studio,shop:hairdresser,,,,,,43.702886,-79.785550,node,6546873270,https://www.openstreetmap.org/node/6546873270,"https://www.google.com/maps/search/?api=1&query=43.7028857,-79.7855499"
Joseph's Coiffures,shop:hairdresser,,5100,Erin Mills Parkway,,,43.558602,-79.712595,node,6556571734,https://www.openstreetmap.org/node/6556571734,"https://www.google.com/maps/search/?api=1&query=43.5586021,-79.7125947"
Joseph's Men's Hairstyling,shop:hairdresser,,,,,,43.367772,-79.733023,node,3997798088,https://www.openstreetmap.org/node/3997798088,"https://www.google.com/maps/search/?api=1&query=43.3677723,-79.7330227"
Just 4 U Salon,shop:hairdresser,,,,,,43.507562,-79.861462,node,2199778695,https://www.openstreetmap.org/node/2199778695,"https://www.google.com/maps/search/?api=1&query=43.5075615,-79.8614617"
Kali,shop:hairdresser,,,,,,43.396868,-79.708795,node,9813319549,https://www.openstreetmap.org/node/9813319549,"https://www.google.com/maps/search/?api=1&query=43.3968678,-79.7087946"
Kaotic Hair Studio,shop:hairdresser,,2382,Parkhaven Boulevard,Oakville,L6H 0E7,43.480089,-79.718830,node,10007447757,https://www.openstreetmap.org/node/10007447757,"https://www.google.com/maps/search/?api=1&query=43.480089,-79.7188303"
King Hair Salon,shop:hairdresser,,159,Queen Street West,,,43.682377,-79.763535,node,12569726018,https://www.openstreetmap.org/node/12569726018,"https://www.google.com/maps/search/?api=1&query=43.6823773,-79.763535"
Klip Cuts,shop:hairdresser,,,,,,43.726436,-79.797780,node,1918832280,https://www.openstreetmap.org/node/1918832280,"https://www.google.com/maps/search/?api=1&query=43.7264364,-79.7977802"
L'Attitudes,shop:hairdresser,,5100,Erin Mills Parkway,,,43.558179,-79.711593,node,6557896311,https://www.openstreetmap.org/node/6557896311,"https://www.google.com/maps/search/?api=1&query=43.5581792,-79.7115934"
M Indo Canada Beauty Salon,shop:hairdresser,+1-905-785-8350,,,,,43.578938,-79.770933,node,3976328259,https://www.openstreetmap.org/node/3976328259,"https://www.google.com/maps/search/?api=1&query=43.5789383,-79.7709329"
Magicuts,shop:hairdresser,,,,,,43.437657,-79.740464,node,1960821050,https://www.openstreetmap.org/node/1960821050,"https://www.google.com/maps/search/?api=1&query=43.4376573,-79.7404644"
Magicuts,shop:hairdresser,,,,,,43.464067,-79.742216,node,2138422560,https://www.openstreetmap.org/node/2138422560,"https://www.google.com/maps/search/?api=1&query=43.4640668,-79.7422165"
Magicuts,shop:hairdresser,,,,,,43.583322,-79.761868,node,3410784535,https://www.openstreetmap.org/node/3410784535,"https://www.google.com/maps/search/?api=1&query=43.5833218,-79.7618683"
Magicuts,shop:hairdresser,,,,,,43.373806,-79.836020,node,6173884605,https://www.openstreetmap.org/node/6173884605,"https://www.google.com/maps/search/?api=1&query=43.3738059,-79.8360199"
Makai Salon,shop:hairdresser,,,,,,43.580932,-79.712471,node,529523339,https://www.openstreetmap.org/node/529523339,"https://www.google.com/maps/search/?api=1&query=43.5809316,-79.7124709"
Mako Hair Architects & Spa,shop:hairdresser,,,,,,43.686528,-79.759476,node,13357980323,https://www.openstreetmap.org/node/13357980323,"https://www.google.com/maps/search/?api=1&query=43.6865284,-79.7594763"
Maverick Studio for Men,shop:hairdresser,,,,,,43.348191,-79.794470,node,6629395287,https://www.openstreetmap.org/node/6629395287,"https://www.google.com/maps/search/?api=1&query=43.3481911,-79.7944695"
MD Beauty Hair Design,shop:hairdresser,,,,,,43.466219,-79.746632,node,4868553922,https://www.openstreetmap.org/node/4868553922,"https://www.google.com/maps/search/?api=1&query=43.4662192,-79.7466318"
Melonhead,shop:hairdresser,,,,,,43.715464,-79.721276,node,5240401864,https://www.openstreetmap.org/node/5240401864,"https://www.google.com/maps/search/?api=1&query=43.7154639,-79.7212761"
Mike's Barber Shop,shop:hairdresser,+1-905-878-3916,148,Main Street East,Milton,,43.511712,-79.884538,node,2216850827,https://www.openstreetmap.org/node/2216850827,"https://www.google.com/maps/search/?api=1&query=43.5117123,-79.8845376"
Milano Hair Studio,shop:hairdresser,,,,,,43.376264,-79.792484,node,4443039368,https://www.openstreetmap.org/node/4443039368,"https://www.google.com/maps/search/?api=1&query=43.3762638,-79.7924844"
Mis-K Salon & Spa,shop:hairdresser,,,,,,43.675368,-79.805979,node,4004214048,https://www.openstreetmap.org/node/4004214048,"https://www.google.com/maps/search/?api=1&query=43.6753681,-79.8059792"
Modern Hair Salon,shop:hairdresser,,,,,,43.580661,-79.757634,node,3944582767,https://www.openstreetmap.org/node/3944582767,"https://www.google.com/maps/search/?api=1&query=43.5806607,-79.7576336"
Modern Hairworks,shop:hairdresser,,,,,,43.676201,-79.822804,node,7141388465,https://www.openstreetmap.org/node/7141388465,"https://www.google.com/maps/search/?api=1&query=43.6762011,-79.8228035"
Mynt Hair Studio,shop:hairdresser,,,,,,43.449385,-79.760865,node,3556589422,https://www.openstreetmap.org/node/3556589422,"https://www.google.com/maps/search/?api=1&query=43.4493854,-79.7608649"
New Trendz Hair Salon,shop:hairdresser,,,,,,43.713882,-79.746340,node,6547925939,https://www.openstreetmap.org/node/6547925939,"https://www.google.com/maps/search/?api=1&query=43.7138823,-79.7463404"
New York North,shop:hairdresser,,,,,,43.665047,-79.737413,node,6566646164,https://www.openstreetmap.org/node/6566646164,"https://www.google.com/maps/search/?api=1&query=43.6650468,-79.7374133"
Nico's Salon and Spa,shop:hairdresser,,,,,,43.714696,-79.779673,node,6547160016,https://www.openstreetmap.org/node/6547160016,"https://www.google.com/maps/search/?api=1&query=43.7146963,-79.7796725"
Nino d'Arena,shop:hairdresser,,5100,Erin Mills Parkway,,,43.559016,-79.711719,node,6556429855,https://www.openstreetmap.org/node/6556429855,"https://www.google.com/maps/search/?api=1&query=43.5590161,-79.711719"
NRG Studio,shop:hairdresser,,5100,Erin Mills Parkway,,,43.557987,-79.711891,node,6557896320,https://www.openstreetmap.org/node/6557896320,"https://www.google.com/maps/search/?api=1&query=43.5579872,-79.7118907"
Number 1 Hair Salon,shop:hairdresser,,,,,,43.303668,-79.855896,node,9705812335,https://www.openstreetmap.org/node/9705812335,"https://www.google.com/maps/search/?api=1&query=43.3036682,-79.8558963"
Ornella Barber & Hair Styling,shop:hairdresser,+1-905-639-9888,372,Plains Road East,Burlington,L7T 0A4,43.315832,-79.840394,node,8502111833,https://www.openstreetmap.org/node/8502111833,"https://www.google.com/maps/search/?api=1&query=43.315832,-79.8403935"
Personality Traits,shop:hairdresser,,,,,,43.326462,-79.795211,node,13612052647,https://www.openstreetmap.org/node/13612052647,"https://www.google.com/maps/search/?api=1&query=43.3264617,-79.7952108"
Piece of Art,shop:hairdresser,,,,,,43.353844,-79.769740,node,3422254795,https://www.openstreetmap.org/node/3422254795,"https://www.google.com/maps/search/?api=1&query=43.3538435,-79.7697395"
Preet Bridal Beauty Salon & Spa,shop:hairdresser,+1 905-840-4700,,,,,43.719148,-79.782236,node,10783441198,https://www.openstreetmap.org/node/10783441198,"https://www.google.com/maps/search/?api=1&query=43.719148,-79.7822362"
Queen B.B.B.s Hair & Body,shop:hairdresser,+1-905-632-1117,,,,,43.337641,-79.785668,node,3609911923,https://www.openstreetmap.org/node/3609911923,"https://www.google.com/maps/search/?api=1&query=43.3376415,-79.7856682"
Rapunzel Salon,shop:hairdresser,+1-905-203-0350,26,Main Street East,Milton,,43.509079,-79.887341,node,2216850799,https://www.openstreetmap.org/node/2216850799,"https://www.google.com/maps/search/?api=1&query=43.5090791,-79.8873413"
Red Lemon Hair Salon,shop:hairdresser,,,,,,43.630660,-79.900099,node,7129265638,https://www.openstreetmap.org/node/7129265638,"https://www.google.com/maps/search/?api=1&query=43.6306605,-79.9000991"
River Oaks Barber Shop,shop:hairdresser,,,,,,43.468994,-79.718408,node,420260367,https://www.openstreetmap.org/node/420260367,"https://www.google.com/maps/search/?api=1&query=43.468994,-79.718408"
RK Salon & Spa,shop:hairdresser,,,,,,43.686828,-79.807059,node,6546870685,https://www.openstreetmap.org/node/6546870685,"https://www.google.com/maps/search/?api=1&query=43.6868281,-79.8070586"
Sal's Barber Shop,shop:hairdresser,+1-905-636-8280,549,Thompson Road South,Milton,,43.516961,-79.851365,node,3446671822,https://www.openstreetmap.org/node/3446671822,"https://www.google.com/maps/search/?api=1&query=43.5169606,-79.8513645"
Salmon Hsear,shop:hairdresser,,,,,,43.326520,-79.795135,node,13612052645,https://www.openstreetmap.org/node/13612052645,"https://www.google.com/maps/search/?api=1&query=43.3265204,-79.7951349"
Salon 360,shop:hairdresser,,,,,,43.316109,-79.840017,node,8502111828,https://www.openstreetmap.org/node/8502111828,"https://www.google.com/maps/search/?api=1&query=43.3161091,-79.8400166"
Salon Mirage,shop:hairdresser,,,,,,43.326578,-79.820899,node,6632427707,https://www.openstreetmap.org/node/6632427707,"https://www.google.com/maps/search/?api=1&query=43.3265776,-79.8208995"
Salon Paradise,shop:hairdresser,,,,,,43.687794,-79.805659,node,6546837458,https://www.openstreetmap.org/node/6546837458,"https://www.google.com/maps/search/?api=1&query=43.687794,-79.8056585"
Salon Pure,shop:hairdresser,+1-905-636-0166,9079,Derry Road West,Milton,,43.517516,-79.850347,node,2271751890,https://www.openstreetmap.org/node/2271751890,"https://www.google.com/maps/search/?api=1&query=43.5175157,-79.850347"
Salon Red,shop:hairdresser,,,,,,43.326578,-79.794886,node,3021589808,https://www.openstreetmap.org/node/3021589808,"https://www.google.com/maps/search/?api=1&query=43.3265785,-79.7948863"
Salon Revive,shop:hairdresser,,,,,,43.340575,-79.838269,node,2953462839,https://www.openstreetmap.org/node/2953462839,"https://www.google.com/maps/search/?api=1&query=43.3405751,-79.8382688"
Salon Shine,shop:hairdresser,,,,,,43.632250,-79.769164,node,1930612119,https://www.openstreetmap.org/node/1930612119,"https://www.google.com/maps/search/?api=1&query=43.6322504,-79.7691644"
Salon Venere,shop:hairdresser,,2000,Appleby Line,Burlington,L7L 7H7,43.393942,-79.791453,node,3732149042,https://www.openstreetmap.org/node/3732149042,"https://www.google.com/maps/search/?api=1&query=43.3939418,-79.7914527"
Sammy's Barber Shop,shop:hairdresser,,,,,,43.584230,-79.716238,node,2527507542,https://www.openstreetmap.org/node/2527507542,"https://www.google.com/maps/search/?api=1&query=43.5842304,-79.7162383"
Sharkey''s Cuts for Kids,shop:hairdresser,,,,,,43.406804,-79.806390,node,7059201051,https://www.openstreetmap.org/node/7059201051,"https://www.google.com/maps/search/?api=1&query=43.4068042,-79.80639"
Shear Pleasure Salon,shop:hairdresser,,,,,,43.518169,-79.874544,node,6628676241,https://www.openstreetmap.org/node/6628676241,"https://www.google.com/maps/search/?api=1&query=43.5181693,-79.8745444"
Silvano's Salon,shop:hairdresser,,,,,,43.581218,-79.712245,node,529544769,https://www.openstreetmap.org/node/529544769,"https://www.google.com/maps/search/?api=1&query=43.5812178,-79.7122446"
Silver Salon,shop:hairdresser,,8975,Chinguacousy Road,,,43.667152,-79.779016,node,11417804791,https://www.openstreetmap.org/node/11417804791,"https://www.google.com/maps/search/?api=1&query=43.6671523,-79.7790156"
Sport Clips,shop:hairdresser,,,,,,43.596252,-79.787486,node,1714830172,https://www.openstreetmap.org/node/1714830172,"https://www.google.com/maps/search/?api=1&query=43.5962518,-79.7874855"
Sport Clips,shop:hairdresser,,,,,,43.445710,-79.702880,node,3303295618,https://www.openstreetmap.org/node/3303295618,"https://www.google.com/maps/search/?api=1&query=43.4457098,-79.7028798"
Sport Clips,shop:hairdresser,,,,,,43.391764,-79.789723,node,7059152370,https://www.openstreetmap.org/node/7059152370,"https://www.google.com/maps/search/?api=1&query=43.3917643,-79.7897235"
Strands Hair Salon,shop:hairdresser,,,,,,43.475396,-79.736317,node,3994352178,https://www.openstreetmap.org/node/3994352178,"https://www.google.com/maps/search/?api=1&query=43.4753961,-79.7363166"
Studio 10 Hair Design & Aesthetics,shop:hairdresser,+1-905-820-4144;+1-905-820-2778,,,,,43.558043,-79.716498,node,3943963867,https://www.openstreetmap.org/node/3943963867,"https://www.google.com/maps/search/?api=1&query=43.5580435,-79.7164982"
Studio 7 Hair Salon,shop:hairdresser,,,,,,43.650374,-79.912146,node,6535783956,https://www.openstreetmap.org/node/6535783956,"https://www.google.com/maps/search/?api=1&query=43.6503744,-79.9121462"
Style and Shave,shop:hairdresser,,,,,,43.327513,-79.800238,node,7859080544,https://www.openstreetmap.org/node/7859080544,"https://www.google.com/maps/search/?api=1&query=43.3275134,-79.8002379"
Styled,shop:hairdresser,,422,Pearl Street,Burlington,L7R 2N1,43.326634,-79.795057,node,7431046072,https://www.openstreetmap.org/node/7431046072,"https://www.google.com/maps/search/?api=1&query=43.3266339,-79.795057"
Super Scissors,shop:hairdresser,,,,,,43.339934,-79.785246,node,3410723905,https://www.openstreetmap.org/node/3410723905,"https://www.google.com/maps/search/?api=1&query=43.3399341,-79.7852457"
Supercuts,shop:hairdresser,,2000,Appleby Line,Burlington,L7L 7H7,43.393533,-79.791306,node,3522536691,https://www.openstreetmap.org/node/3522536691,"https://www.google.com/maps/search/?api=1&query=43.3935328,-79.7913063"
Supercuts,shop:hairdresser,,,,,,43.317120,-79.910670,node,4360241386,https://www.openstreetmap.org/node/4360241386,"https://www.google.com/maps/search/?api=1&query=43.3171196,-79.9106704"
Supreme Hairstyling,shop:hairdresser,,280,Guelph Street,,,43.648907,-79.897312,node,6533216831,https://www.openstreetmap.org/node/6533216831,"https://www.google.com/maps/search/?api=1&query=43.648907,-79.8973121"
Swag Hair,shop:hairdresser,,,,,,43.685597,-79.759357,node,2305097007,https://www.openstreetmap.org/node/2305097007,"https://www.google.com/maps/search/?api=1&query=43.685597,-79.7593566"
Talking Heads,shop:hairdresser,,,,,,43.517736,-79.874654,node,6628654178,https://www.openstreetmap.org/node/6628654178,"https://www.google.com/maps/search/?api=1&query=43.517736,-79.8746542"
Tease Hair Lounge,shop:hairdresser,,,,,,43.584016,-79.715941,node,2527507486,https://www.openstreetmap.org/node/2527507486,"https://www.google.com/maps/search/?api=1&query=43.5840156,-79.7159409"
téo hair & body,shop:hairdresser,,,,,,43.327886,-79.801500,node,7859162967,https://www.openstreetmap.org/node/7859162967,"https://www.google.com/maps/search/?api=1&query=43.327886,-79.8014998"
The Barber's Chair,shop:hairdresser,,5100,Erin Mills Parkway,,,43.558548,-79.712512,node,6556571733,https://www.openstreetmap.org/node/6556571733,"https://www.google.com/maps/search/?api=1&query=43.5585482,-79.7125115"
Thompson Barbershop,shop:hairdresser,,,,,,43.516798,-79.851120,node,10934929656,https://www.openstreetmap.org/node/10934929656,"https://www.google.com/maps/search/?api=1&query=43.5167983,-79.8511204"
Timeless Studio & Spa,shop:hairdresser,,,,,,43.648638,-79.880127,node,6535774116,https://www.openstreetmap.org/node/6535774116,"https://www.google.com/maps/search/?api=1&query=43.6486384,-79.8801273"
Timexx Barber Shop,shop:hairdresser,+1-905-864-7318,1272,Main Street East,Milton,,43.534246,-79.860019,node,3348659224,https://www.openstreetmap.org/node/3348659224,"https://www.google.com/maps/search/?api=1&query=43.534246,-79.8600187"
Tony's Barber Shop,shop:hairdresser,,206,Main Street East,Milton,,43.512998,-79.883138,node,2216961955,https://www.openstreetmap.org/node/2216961955,"https://www.google.com/maps/search/?api=1&query=43.5129978,-79.8831377"
Tony's Studio of Hair Design,shop:hairdresser,,,,,,43.715968,-79.721062,node,6659697164,https://www.openstreetmap.org/node/6659697164,"https://www.google.com/maps/search/?api=1&query=43.7159678,-79.7210616"
Total Beauty,shop:hairdresser,,,,,,43.348110,-79.795062,node,6629331174,https://www.openstreetmap.org/node/6629331174,"https://www.google.com/maps/search/?api=1&query=43.34811,-79.7950624"
Total Image,shop:hairdresser,,,,,,43.348631,-79.793405,node,6629375212,https://www.openstreetmap.org/node/6629375212,"https://www.google.com/maps/search/?api=1&query=43.3486306,-79.7934054"
Total Image,shop:hairdresser,,,,,,43.325186,-79.819210,node,6632465345,https://www.openstreetmap.org/node/6632465345,"https://www.google.com/maps/search/?api=1&query=43.325186,-79.8192101"
Trade Secrets,shop:hairdresser,,5100,Erin Mills Parkway,,,43.558340,-79.711355,node,6557896303,https://www.openstreetmap.org/node/6557896303,"https://www.google.com/maps/search/?api=1&query=43.5583399,-79.7113546"
Trade Secrets,shop:hairdresser,,,,,,43.348691,-79.793464,node,6629375213,https://www.openstreetmap.org/node/6629375213,"https://www.google.com/maps/search/?api=1&query=43.3486911,-79.7934639"
Trade Secrets,shop:hairdresser,,,,,,43.715304,-79.723522,node,6663083634,https://www.openstreetmap.org/node/6663083634,"https://www.google.com/maps/search/?api=1&query=43.7153036,-79.7235222"
Trendz,shop:hairdresser,,,,,,43.648974,-79.925673,node,2303356714,https://www.openstreetmap.org/node/2303356714,"https://www.google.com/maps/search/?api=1&query=43.6489737,-79.9256729"
Trichos Evolution,shop:hairdresser,,,,,,43.675833,-79.821592,node,7141388476,https://www.openstreetmap.org/node/7141388476,"https://www.google.com/maps/search/?api=1&query=43.675833,-79.8215922"
U Studio Hair & Spa,shop:hairdresser,+1-905-785-1100,,,,,43.582901,-79.779292,node,3976485263,https://www.openstreetmap.org/node/3976485263,"https://www.google.com/maps/search/?api=1&query=43.5829012,-79.7792925"
Unique Hair Studio Inc.,shop:hairdresser,+1 905-840-0250,,,,,43.720334,-79.782011,node,10783447341,https://www.openstreetmap.org/node/10783447341,"https://www.google.com/maps/search/?api=1&query=43.7203344,-79.7820111"
Upper Cut barbershop and Salon,shop:hairdresser,,,,,,43.675930,-79.822705,node,7141388466,https://www.openstreetmap.org/node/7141388466,"https://www.google.com/maps/search/?api=1&query=43.6759299,-79.822705"
Venere,shop:hairdresser,,,,,,43.396407,-79.748201,node,1080021961,https://www.openstreetmap.org/node/1080021961,"https://www.google.com/maps/search/?api=1&query=43.3964073,-79.748201"
Venere Salon and Spa,shop:hairdresser,,,,,,43.526954,-79.867429,node,2194541933,https://www.openstreetmap.org/node/2194541933,"https://www.google.com/maps/search/?api=1&query=43.5269544,-79.8674293"
Vero Salon,shop:hairdresser,+1-905-639-3708,,,,,43.369445,-79.755368,node,3997759006,https://www.openstreetmap.org/node/3997759006,"https://www.google.com/maps/search/?api=1&query=43.3694455,-79.7553677"
Versatile Body & Hair Salon,shop:hairdresser,,,,,,43.725965,-79.715026,node,6547884389,https://www.openstreetmap.org/node/6547884389,"https://www.google.com/maps/search/?api=1&query=43.7259652,-79.7150259"
Vicent's 2 Barbershop & Hairstyles,shop:hairdresser,,526,Postridge Drive,,,43.490059,-79.715275,node,3410756082,https://www.openstreetmap.org/node/3410756082,"https://www.google.com/maps/search/?api=1&query=43.4900594,-79.7152754"
Vincent Adam's Barber Shop,shop:hairdresser,,,,,,43.375744,-79.792953,node,4443039374,https://www.openstreetmap.org/node/4443039374,"https://www.google.com/maps/search/?api=1&query=43.3757444,-79.7929531"
Vinces Hairstyling,shop:hairdresser,,,,,,43.666608,-79.738934,node,6566641261,https://www.openstreetmap.org/node/6566641261,"https://www.google.com/maps/search/?api=1&query=43.6666076,-79.7389337"
Vybz Barber and Salon,shop:hairdresser,,,,,,43.675708,-79.822579,node,7141388468,https://www.openstreetmap.org/node/7141388468,"https://www.google.com/maps/search/?api=1&query=43.6757084,-79.8225793"
W Salon,shop:hairdresser,,,,,,43.648943,-79.890089,node,6535774121,https://www.openstreetmap.org/node/6535774121,"https://www.google.com/maps/search/?api=1&query=43.6489431,-79.890089"
Winchester Place Men's Hairstyling,shop:hairdresser,,,,,,43.582178,-79.715236,node,3459661447,https://www.openstreetmap.org/node/3459661447,"https://www.google.com/maps/search/?api=1&query=43.5821784,-79.7152364"
X-S Salon & Spa,shop:hairdresser,,,,,,43.356654,-79.842063,node,2698208734,https://www.openstreetmap.org/node/2698208734,"https://www.google.com/maps/search/?api=1&query=43.3566542,-79.8420628"
Xquisit Salon & Boutique,shop:hairdresser,,,,,,43.331995,-79.806544,node,7859131261,https://www.openstreetmap.org/node/7859131261,"https://www.google.com/maps/search/?api=1&query=43.3319946,-79.806544"
Your Choice Hair & Beauty Salon,shop:hairdresser,,,,,,43.592332,-79.703726,node,3957175566,https://www.openstreetmap.org/node/3957175566,"https://www.google.com/maps/search/?api=1&query=43.5923324,-79.703726"
Your Choice Salon & Spa,shop:hairdresser,,,,,,43.595155,-79.769154,node,12740118584,https://www.openstreetmap.org/node/12740118584,"https://www.google.com/maps/search/?api=1&query=43.5951555,-79.7691535"
Beauty Supply Outlet,shop:hairdresser_supply,,,,,,43.354442,-79.786546,node,3868398479,https://www.openstreetmap.org/node/3868398479,"https://www.google.com/maps/search/?api=1&query=43.3544415,-79.7865457"
Beauty Supply Outlet,shop:hairdresser_supply,,280,Guelph Street,,,43.648832,-79.897319,node,6533216830,https://www.openstreetmap.org/node/6533216830,"https://www.google.com/maps/search/?api=1&query=43.6488315,-79.8973189"
Beauty Supply Outlet,shop:hairdresser_supply,,,,,,43.650202,-79.895539,node,10984537312,https://www.openstreetmap.org/node/10984537312,"https://www.google.com/maps/search/?api=1&query=43.650202,-79.8955393"
Beauty Supply Outlet,shop:hairdresser_supply,,,,,,43.667583,-79.733384,node,13093238713,https://www.openstreetmap.org/node/13093238713,"https://www.google.com/maps/search/?api=1&query=43.6675835,-79.7333837"
CosmoProf,shop:hairdresser_supply,,,,,,43.543631,-79.867991,node,1738484581,https://www.openstreetmap.org/node/1738484581,"https://www.google.com/maps/search/?api=1&query=43.5436307,-79.867991"
CosmoProf,shop:hairdresser_supply,,,,,,43.360051,-79.780705,node,5756678422,https://www.openstreetmap.org/node/5756678422,"https://www.google.com/maps/search/?api=1&query=43.3600507,-79.780705"
Sally Beauty,shop:hairdresser_supply,,,,,,43.598611,-79.784893,node,3976539734,https://www.openstreetmap.org/node/3976539734,"https://www.google.com/maps/search/?api=1&query=43.5986114,-79.7848928"
Sally Beauty,shop:hairdresser_supply,,,,,,43.706237,-79.785258,node,6546951283,https://www.openstreetmap.org/node/6546951283,"https://www.google.com/maps/search/?api=1&query=43.706237,-79.7852579"
Sally Beauty,shop:hairdresser_supply,,,,,,43.404970,-79.805043,node,7059201037,https://www.openstreetmap.org/node/7059201037,"https://www.google.com/maps/search/?api=1&query=43.4049702,-79.8050428"
Sally Beauty,shop:hairdresser_supply,,,,,,43.526438,-79.866277,node,10934609592,https://www.openstreetmap.org/node/10934609592,"https://www.google.com/maps/search/?api=1&query=43.5264378,-79.866277"
Al’s Lawnmower and Small Engine Repairs,shop:hardware,,,,,,43.332945,-79.812313,node,7859126427,https://www.openstreetmap.org/node/7859126427,"https://www.google.com/maps/search/?api=1&query=43.3329454,-79.8123134"
Exotic Woods,shop:hardware,+1-905-335-8066,5229,Harvester Road,Burlington,L7L 5L4,43.383785,-79.761567,node,12089506055,https://www.openstreetmap.org/node/12089506055,"https://www.google.com/maps/search/?api=1&query=43.3837849,-79.7615668"
Painters Place,shop:hardware,,,,,,43.465402,-79.742852,node,2138422581,https://www.openstreetmap.org/node/2138422581,"https://www.google.com/maps/search/?api=1&query=43.4654023,-79.7428522"
The Brick,shop:hardware,,,,,,43.366954,-79.785348,node,11469989216,https://www.openstreetmap.org/node/11469989216,"https://www.google.com/maps/search/?api=1&query=43.3669541,-79.7853476"
Rock Universe,shop:headshop,,,,,,43.358201,-79.843675,node,2698208731,https://www.openstreetmap.org/node/2698208731,"https://www.google.com/maps/search/?api=1&query=43.3582013,-79.8436754"
Bodhi Bar,shop:health_food,,2027,Lakeshore Road,Burlington,L7R 1A2,43.325001,-79.795128,node,7471827135,https://www.openstreetmap.org/node/7471827135,"https://www.google.com/maps/search/?api=1&query=43.3250007,-79.795128"
Bulk Food Warehouse,shop:health_food,,,,,,43.319076,-79.835633,node,7768538716,https://www.openstreetmap.org/node/7768538716,"https://www.google.com/maps/search/?api=1&query=43.3190757,-79.8356332"
Good Health Mart,shop:health_food,,,,,,43.348617,-79.792837,node,6629375206,https://www.openstreetmap.org/node/6629375206,"https://www.google.com/maps/search/?api=1&query=43.3486172,-79.792837"
Good N Natural,shop:health_food,,,,,,43.728198,-79.796797,node,1870177967,https://www.openstreetmap.org/node/1870177967,"https://www.google.com/maps/search/?api=1&query=43.7281979,-79.7967968"
Healthy Cart,shop:health_food,,,,,,43.715378,-79.723291,node,6660982647,https://www.openstreetmap.org/node/6660982647,"https://www.google.com/maps/search/?api=1&query=43.7153775,-79.7232908"
Healthy Planet,shop:health_food,,,,,,43.542966,-79.869288,node,1738484571,https://www.openstreetmap.org/node/1738484571,"https://www.google.com/maps/search/?api=1&query=43.542966,-79.8692878"
Healthy Planet,shop:health_food,,,,,,43.706282,-79.734966,node,6547908156,https://www.openstreetmap.org/node/6547908156,"https://www.google.com/maps/search/?api=1&query=43.7062818,-79.7349662"
Healthy Planet,shop:health_food,,,,,,43.358063,-79.780762,node,7061175378,https://www.openstreetmap.org/node/7061175378,"https://www.google.com/maps/search/?api=1&query=43.3580626,-79.780762"
Nutrition House,shop:health_food,,5100,Erin Mills Parkway,,,43.558658,-79.711649,node,6556575938,https://www.openstreetmap.org/node/6556575938,"https://www.google.com/maps/search/?api=1&query=43.5586581,-79.7116491"
S&H Health Foods,shop:health_food,,,,,,43.517929,-79.874864,node,6628676237,https://www.openstreetmap.org/node/6628676237,"https://www.google.com/maps/search/?api=1&query=43.5179291,-79.8748636"
S&H Health Foods,shop:health_food,,,,,,43.347788,-79.794310,node,6629362817,https://www.openstreetmap.org/node/6629362817,"https://www.google.com/maps/search/?api=1&query=43.3477877,-79.7943102"
S&H Health Foods,shop:health_food,,,,,,43.716374,-79.721381,node,6659697177,https://www.openstreetmap.org/node/6659697177,"https://www.google.com/maps/search/?api=1&query=43.7163744,-79.7213814"
Brampton Hearing Aid,shop:hearing_aids,,,,,,43.722426,-79.717649,node,11406280840,https://www.openstreetmap.org/node/11406280840,"https://www.google.com/maps/search/?api=1&query=43.7224264,-79.7176487"
Hear More Canada,shop:hearing_aids,,,,,,43.442516,-79.767811,node,3556588962,https://www.openstreetmap.org/node/3556588962,"https://www.google.com/maps/search/?api=1&query=43.4425164,-79.7678112"
Hearing Solutions,shop:hearing_aids,,5100,Erin Mills Parkway,,,43.558108,-79.711752,node,6557896315,https://www.openstreetmap.org/node/6557896315,"https://www.google.com/maps/search/?api=1&query=43.5581077,-79.7117521"
Hearing Solutions,shop:hearing_aids,,,,,,43.715322,-79.721323,node,6659686739,https://www.openstreetmap.org/node/6659686739,"https://www.google.com/maps/search/?api=1&query=43.7153216,-79.721323"
HearingLife,shop:hearing_aids,,,,,,43.649165,-79.890137,node,6535774125,https://www.openstreetmap.org/node/6535774125,"https://www.google.com/maps/search/?api=1&query=43.6491653,-79.8901373"
Lakeside Hearing Clinic,shop:hearing_aids,+1-905-639-4327,,,,,43.366930,-79.734243,node,3997798090,https://www.openstreetmap.org/node/3997798090,"https://www.google.com/maps/search/?api=1&query=43.3669297,-79.7342431"
Chiropractor First,shop:herbalist,,,,,,43.445926,-79.704659,node,3303285161,https://www.openstreetmap.org/node/3303285161,"https://www.google.com/maps/search/?api=1&query=43.4459265,-79.7046592"
Healthy You Naturally,shop:herbalist,,,,,,43.592897,-79.764507,node,3415004626,https://www.openstreetmap.org/node/3415004626,"https://www.google.com/maps/search/?api=1&query=43.5928973,-79.7645073"
Jump Start Health Food,shop:herbalist,,,,,,43.583040,-79.759662,node,3410784115,https://www.openstreetmap.org/node/3410784115,"https://www.google.com/maps/search/?api=1&query=43.5830401,-79.7596619"
S.R.H. Health Foods,shop:herbalist,,,,,,43.354452,-79.769129,node,3760804710,https://www.openstreetmap.org/node/3760804710,"https://www.google.com/maps/search/?api=1&query=43.3544519,-79.7691286"
Flippance & Carr,shop:hifi,,,,,,43.412627,-79.706446,node,6647437506,https://www.openstreetmap.org/node/6647437506,"https://www.google.com/maps/search/?api=1&query=43.412627,-79.7064458"
Hi-Fi World,shop:hifi,,,,,,43.665741,-79.738210,node,6566674504,https://www.openstreetmap.org/node/6566674504,"https://www.google.com/maps/search/?api=1&query=43.6657406,-79.7382102"
The Quilt Store,shop:hobby,,,,,,43.324437,-79.830180,node,7770697128,https://www.openstreetmap.org/node/7770697128,"https://www.google.com/maps/search/?api=1&query=43.3244369,-79.8301802"
Paradise Homes,shop:homes,,,,,,43.721932,-79.768371,node,2753041917,https://www.openstreetmap.org/node/2753041917,"https://www.google.com/maps/search/?api=1&query=43.7219319,-79.7683712"
QE Home,shop:household_linen,,,,,,43.326678,-79.820604,node,6632427697,https://www.openstreetmap.org/node/6632427697,"https://www.google.com/maps/search/?api=1&query=43.3266782,-79.8206039"
QE Home,shop:household_linen,,,,,,43.715132,-79.722559,node,6660982628,https://www.openstreetmap.org/node/6660982628,"https://www.google.com/maps/search/?api=1&query=43.715132,-79.7225594"
Cuccina Moda,shop:houseware,,,,,,43.715528,-79.720927,node,6659686723,https://www.openstreetmap.org/node/6659686723,"https://www.google.com/maps/search/?api=1&query=43.7155276,-79.7209269"
Home Essentials,shop:houseware,,,,,,43.665145,-79.737153,node,6566646167,https://www.openstreetmap.org/node/6566646167,"https://www.google.com/maps/search/?api=1&query=43.6651447,-79.7371531"
Housewares Plus,shop:houseware,,,,,,43.688605,-79.805388,node,6546837476,https://www.openstreetmap.org/node/6546837476,"https://www.google.com/maps/search/?api=1&query=43.6886048,-79.8053876"
Kitchen Stuff Plus,shop:houseware,,,,,,43.395934,-79.750267,node,1967735105,https://www.openstreetmap.org/node/1967735105,"https://www.google.com/maps/search/?api=1&query=43.3959338,-79.7502667"
Kitchen Stuff Plus,shop:houseware,,,,,,43.715743,-79.722829,node,3849949566,https://www.openstreetmap.org/node/3849949566,"https://www.google.com/maps/search/?api=1&query=43.7157426,-79.7228292"
Kitchen Stuff Plus,shop:houseware,,5100,Erin Mills Parkway,,,43.558440,-79.710857,node,6556389817,https://www.openstreetmap.org/node/6556389817,"https://www.google.com/maps/search/?api=1&query=43.5584404,-79.710857"
Kitchen Stuff Plus,shop:houseware,,,,,,43.665271,-79.736439,node,6566646150,https://www.openstreetmap.org/node/6566646150,"https://www.google.com/maps/search/?api=1&query=43.6652713,-79.7364386"
Kitchen Stuff Plus,shop:houseware,,,,,,43.716131,-79.721461,node,6659697179,https://www.openstreetmap.org/node/6659697179,"https://www.google.com/maps/search/?api=1&query=43.7161314,-79.721461"
Stokes,shop:houseware,,,,,,43.715788,-79.721567,node,6659697160,https://www.openstreetmap.org/node/6659697160,"https://www.google.com/maps/search/?api=1&query=43.715788,-79.7215671"
The Sundance Spa Store,shop:houseware,,2000,Appleby Line,,,43.393291,-79.791569,node,4684460978,https://www.openstreetmap.org/node/4684460978,"https://www.google.com/maps/search/?api=1&query=43.3932915,-79.7915689"
Think Kitchen,shop:houseware,,,,,,43.326867,-79.820632,node,6632463416,https://www.openstreetmap.org/node/6632463416,"https://www.google.com/maps/search/?api=1&query=43.3268668,-79.8206315"
Vintage & Memories,shop:houseware,,5100,Erin Mills Parkway,,,43.558340,-79.711449,node,6557896304,https://www.openstreetmap.org/node/6557896304,"https://www.google.com/maps/search/?api=1&query=43.5583399,-79.7114486"
Wicker Too,shop:houseware,,,,,,43.666875,-79.738409,node,6566641247,https://www.openstreetmap.org/node/6566641247,"https://www.google.com/maps/search/?api=1&query=43.6668751,-79.7384094"
Zwilling J.A. Henckels,shop:houseware,,,,,,43.575175,-79.831419,node,6655614303,https://www.openstreetmap.org/node/6655614303,"https://www.google.com/maps/search/?api=1&query=43.5751752,-79.8314193"
Jay's Ice Cream,shop:ice_cream,+1-905-875-1313,146,Main Street East,Milton,,43.511681,-79.884563,node,2216850838,https://www.openstreetmap.org/node/2216850838,"https://www.google.com/maps/search/?api=1&query=43.5116812,-79.8845631"
beddington’s bed & bath,shop:interior_decoration,,,,,,43.335150,-79.815008,node,7858977668,https://www.openstreetmap.org/node/7858977668,"https://www.google.com/maps/search/?api=1&query=43.3351503,-79.8150079"
Clair de Lune,shop:interior_decoration,,,,,,43.348629,-79.794212,node,6629375219,https://www.openstreetmap.org/node/6629375219,"https://www.google.com/maps/search/?api=1&query=43.3486294,-79.7942118"
Classique Decor,shop:interior_decoration,,,,,,43.412258,-79.705491,node,2796919470,https://www.openstreetmap.org/node/2796919470,"https://www.google.com/maps/search/?api=1&query=43.4122583,-79.7054906"
Classique Decor,shop:interior_decoration,,,,,,43.348811,-79.792923,node,6629375204,https://www.openstreetmap.org/node/6629375204,"https://www.google.com/maps/search/?api=1&query=43.348811,-79.7929232"
HomeSense,shop:interior_decoration,,,,,,43.732422,-79.765040,node,1914199455,https://www.openstreetmap.org/node/1914199455,"https://www.google.com/maps/search/?api=1&query=43.7324217,-79.7650402"
HomeSense,shop:interior_decoration,,,,,,43.486011,-79.715771,node,1979554398,https://www.openstreetmap.org/node/1979554398,"https://www.google.com/maps/search/?api=1&query=43.486011,-79.7157706"
HomeSense,shop:interior_decoration,,,,,,43.348847,-79.792556,node,6629362801,https://www.openstreetmap.org/node/6629362801,"https://www.google.com/maps/search/?api=1&query=43.3488465,-79.7925562"
HomeSense,shop:interior_decoration,,,,,,43.406009,-79.803544,node,7059201034,https://www.openstreetmap.org/node/7059201034,"https://www.google.com/maps/search/?api=1&query=43.4060088,-79.8035435"
HomeSense,shop:interior_decoration,,,,,,43.648977,-79.899877,node,7199220810,https://www.openstreetmap.org/node/7199220810,"https://www.google.com/maps/search/?api=1&query=43.6489769,-79.8998767"
HomeSense,shop:interior_decoration,,,,,,43.597369,-79.790195,node,12869478611,https://www.openstreetmap.org/node/12869478611,"https://www.google.com/maps/search/?api=1&query=43.597369,-79.7901946"
Lakeside Livin' Home Decor,shop:interior_decoration,,100,Bronte Road,Oakville,L6L 3B8,43.393921,-79.711190,node,7188619501,https://www.openstreetmap.org/node/7188619501,"https://www.google.com/maps/search/?api=1&query=43.3939211,-79.7111902"
NAK Design Strategies,shop:interior_decoration,,,,,,43.676338,-79.822856,node,7141388463,https://www.openstreetmap.org/node/7141388463,"https://www.google.com/maps/search/?api=1&query=43.6763376,-79.822856"
Pure Boutique,shop:interior_decoration,,,,,,43.325403,-79.797139,node,7859167169,https://www.openstreetmap.org/node/7859167169,"https://www.google.com/maps/search/?api=1&query=43.3254027,-79.7971387"
Signature Rugs,shop:interior_decoration,,,,,,43.559311,-79.712390,node,12960014743,https://www.openstreetmap.org/node/12960014743,"https://www.google.com/maps/search/?api=1&query=43.5593105,-79.7123904"
Vintage and Memories,shop:interior_decoration,,,,,,43.325818,-79.820599,node,6632427717,https://www.openstreetmap.org/node/6632427717,"https://www.google.com/maps/search/?api=1&query=43.3258182,-79.820599"
Factory Tile Depot,shop:interior_design,,,,,,43.526638,-79.866668,node,2198941225,https://www.openstreetmap.org/node/2198941225,"https://www.google.com/maps/search/?api=1&query=43.5266377,-79.8666676"
7Jewelry,shop:jewelry,,,,,,43.665879,-79.736779,node,6566646170,https://www.openstreetmap.org/node/6566646170,"https://www.google.com/maps/search/?api=1&query=43.6658794,-79.7367793"
Arain Jewellers,shop:jewelry,,,,,,43.348611,-79.794448,node,6629375221,https://www.openstreetmap.org/node/6629375221,"https://www.google.com/maps/search/?api=1&query=43.3486112,-79.7944476"
Barry's Jewellers,shop:jewelry,,,,,,43.327138,-79.821167,node,6632463432,https://www.openstreetmap.org/node/6632463432,"https://www.google.com/maps/search/?api=1&query=43.3271376,-79.8211674"
Bellagio Jewellers,shop:jewelry,,,,,,43.715305,-79.721749,node,6661106800,https://www.openstreetmap.org/node/6661106800,"https://www.google.com/maps/search/?api=1&query=43.7153046,-79.7217485"
Brilliant Gold,shop:jewelry,,280,Guelph Street,,,43.648769,-79.899496,node,6533178865,https://www.openstreetmap.org/node/6533178865,"https://www.google.com/maps/search/?api=1&query=43.648769,-79.899496"
Charm Diamond Centres,shop:jewelry,,5100,Erin Mills Parkway,,,43.558131,-79.711940,node,6557896316,https://www.openstreetmap.org/node/6557896316,"https://www.google.com/maps/search/?api=1&query=43.5581312,-79.71194"
Charm Diamond Centres,shop:jewelry,,,,,,43.326780,-79.820590,node,6632463417,https://www.openstreetmap.org/node/6632463417,"https://www.google.com/maps/search/?api=1&query=43.3267796,-79.8205898"
Classic Jewellery,shop:jewelry,,,,,,43.325338,-79.794675,node,7859183663,https://www.openstreetmap.org/node/7859183663,"https://www.google.com/maps/search/?api=1&query=43.3253383,-79.7946746"
Elegant Goldsmiths,shop:jewelry,,,,,,43.715602,-79.723372,node,5483759864,https://www.openstreetmap.org/node/5483759864,"https://www.google.com/maps/search/?api=1&query=43.7156017,-79.7233724"
Ethnic Emporio,shop:jewelry,,,,,,43.684013,-79.811656,node,6546847875,https://www.openstreetmap.org/node/6546847875,"https://www.google.com/maps/search/?api=1&query=43.6840126,-79.8116558"
Fine Gold Jewellers,shop:jewelry,,5100,Erin Mills Parkway,,,43.559259,-79.712052,node,6556571745,https://www.openstreetmap.org/node/6556571745,"https://www.google.com/maps/search/?api=1&query=43.5592586,-79.7120515"
Goodtime Jewellers,shop:jewelry,,,,,,43.715806,-79.723303,node,6663083619,https://www.openstreetmap.org/node/6663083619,"https://www.google.com/maps/search/?api=1&query=43.7158061,-79.723303"
Heaven Fine Jewellers,shop:jewelry,,,,,,43.666330,-79.739017,node,6566785624,https://www.openstreetmap.org/node/6566785624,"https://www.google.com/maps/search/?api=1&query=43.6663297,-79.7390166"
Heaven Jewellers,shop:jewelry,,,,,,43.714905,-79.722881,node,6663083640,https://www.openstreetmap.org/node/6663083640,"https://www.google.com/maps/search/?api=1&query=43.7149053,-79.7228812"
Ita's Jewllery,shop:jewelry,,,,,,43.357079,-79.842591,node,2698208726,https://www.openstreetmap.org/node/2698208726,"https://www.google.com/maps/search/?api=1&query=43.3570789,-79.8425909"
J.J. Orr & Co.,shop:jewelry,,,,,,43.325206,-79.796147,node,1715724277,https://www.openstreetmap.org/node/1715724277,"https://www.google.com/maps/search/?api=1&query=43.3252055,-79.796147"
Kavar Jewellers,shop:jewelry,,,,,,43.714713,-79.722736,node,6661106814,https://www.openstreetmap.org/node/6661106814,"https://www.google.com/maps/search/?api=1&query=43.714713,-79.7227356"
LEBE Jewelers,shop:jewelry,+1 905-689-7277,255,Dundas Street East,,,43.331831,-79.898262,node,11446721093,https://www.openstreetmap.org/node/11446721093,"https://www.google.com/maps/search/?api=1&query=43.3318315,-79.8982622"
Love Jewelry amd Accessories,shop:jewelry,,,,,,43.666155,-79.738238,node,10799723241,https://www.openstreetmap.org/node/10799723241,"https://www.google.com/maps/search/?api=1&query=43.6661554,-79.7382381"
Lovisa,shop:jewelry,,,,,,43.715849,-79.721739,node,6659697183,https://www.openstreetmap.org/node/6659697183,"https://www.google.com/maps/search/?api=1&query=43.7158487,-79.7217388"
Lovisa,shop:jewelry,,,,,,43.558653,-79.712062,node,12960071658,https://www.openstreetmap.org/node/12960071658,"https://www.google.com/maps/search/?api=1&query=43.5586528,-79.7120616"
Michael Hill,shop:jewelry,,5100,Erin Mills Parkway,,,43.558548,-79.711861,node,6556403972,https://www.openstreetmap.org/node/6556403972,"https://www.google.com/maps/search/?api=1&query=43.5585477,-79.7118613"
Michael Hill,shop:jewelry,,,,,,43.348346,-79.795024,node,6629331172,https://www.openstreetmap.org/node/6629331172,"https://www.google.com/maps/search/?api=1&query=43.348346,-79.7950241"
Michael Hill,shop:jewelry,,,,,,43.325133,-79.819298,node,6632465346,https://www.openstreetmap.org/node/6632465346,"https://www.google.com/maps/search/?api=1&query=43.3251335,-79.8192975"
Michael Hill,shop:jewelry,,,,,,43.715506,-79.723161,node,6663083624,https://www.openstreetmap.org/node/6663083624,"https://www.google.com/maps/search/?api=1&query=43.7155061,-79.7231614"
Milton Jewellers,shop:jewelry,,,,,,43.517793,-79.874740,node,6628654175,https://www.openstreetmap.org/node/6628654175,"https://www.google.com/maps/search/?api=1&query=43.5177934,-79.8747396"
Miro Glitters,shop:jewelry,,,,,,43.583103,-79.717647,node,3459661435,https://www.openstreetmap.org/node/3459661435,"https://www.google.com/maps/search/?api=1&query=43.583103,-79.7176469"
Mulu,shop:jewelry,,,,,,43.558454,-79.711807,node,12960054828,https://www.openstreetmap.org/node/12960054828,"https://www.google.com/maps/search/?api=1&query=43.5584538,-79.7118068"
Nandika Jewellery,shop:jewelry,,,,,,43.713854,-79.746870,node,6547925934,https://www.openstreetmap.org/node/6547925934,"https://www.google.com/maps/search/?api=1&query=43.7138539,-79.7468696"
Pandora,shop:jewelry,,,,,,43.716291,-79.721250,node,3852186214,https://www.openstreetmap.org/node/3852186214,"https://www.google.com/maps/search/?api=1&query=43.7162907,-79.7212497"
Pandora,shop:jewelry,,5100,Erin Mills Parkway,,,43.558797,-79.712024,node,6556571752,https://www.openstreetmap.org/node/6556571752,"https://www.google.com/maps/search/?api=1&query=43.5587966,-79.7120237"
Pandora,shop:jewelry,,,,,,43.325977,-79.820104,node,6632463426,https://www.openstreetmap.org/node/6632463426,"https://www.google.com/maps/search/?api=1&query=43.3259765,-79.8201044"
Pandora,shop:jewelry,,,,,,43.576429,-79.829124,node,6655572410,https://www.openstreetmap.org/node/6655572410,"https://www.google.com/maps/search/?api=1&query=43.5764293,-79.829124"
Paris Jewellers,shop:jewelry,,,,,,43.715553,-79.722086,node,6660982623,https://www.openstreetmap.org/node/6660982623,"https://www.google.com/maps/search/?api=1&query=43.7155527,-79.722086"
Peoples Jewellers,shop:jewelry,,280,Guelph Street,,,43.648641,-79.898448,node,6533178853,https://www.openstreetmap.org/node/6533178853,"https://www.google.com/maps/search/?api=1&query=43.6486414,-79.8984476"
Peoples Jewellers,shop:jewelry,,5100,Erin Mills Parkway,,,43.558670,-79.712481,node,6556571737,https://www.openstreetmap.org/node/6556571737,"https://www.google.com/maps/search/?api=1&query=43.55867,-79.7124815"
Peoples Jewellers,shop:jewelry,,,,,,43.347966,-79.794113,node,6629362811,https://www.openstreetmap.org/node/6629362811,"https://www.google.com/maps/search/?api=1&query=43.3479664,-79.7941131"
Peoples Jewellers,shop:jewelry,,,,,,43.575726,-79.830580,node,6655614294,https://www.openstreetmap.org/node/6655614294,"https://www.google.com/maps/search/?api=1&query=43.5757264,-79.83058"
Peoples Jewellers,shop:jewelry,,,,,,43.715534,-79.721678,node,6662840558,https://www.openstreetmap.org/node/6662840558,"https://www.google.com/maps/search/?api=1&query=43.7155337,-79.7216785"
Rainbow Jade,shop:jewelry,,,,,,43.558546,-79.712239,node,12960035824,https://www.openstreetmap.org/node/12960035824,"https://www.google.com/maps/search/?api=1&query=43.5585458,-79.7122387"
Saraswoti Jewellers,shop:jewelry,,,,,,43.636697,-79.789136,node,12870918997,https://www.openstreetmap.org/node/12870918997,"https://www.google.com/maps/search/?api=1&query=43.6366969,-79.7891365"
Silver & Gold Jewellers,shop:jewelry,,,,,,43.354987,-79.768812,node,3760804718,https://www.openstreetmap.org/node/3760804718,"https://www.google.com/maps/search/?api=1&query=43.3549869,-79.7688119"
Swarovski,shop:jewelry,,5100,Erin Mills Parkway,,,43.558613,-79.711703,node,6557896292,https://www.openstreetmap.org/node/6557896292,"https://www.google.com/maps/search/?api=1&query=43.558613,-79.7117033"
Swarovski,shop:jewelry,,,,,,43.325693,-79.820276,node,6632464367,https://www.openstreetmap.org/node/6632464367,"https://www.google.com/maps/search/?api=1&query=43.3256933,-79.8202759"
Swarovski,shop:jewelry,,,,,,43.576657,-79.829960,node,12247180974,https://www.openstreetmap.org/node/12247180974,"https://www.google.com/maps/search/?api=1&query=43.5766567,-79.8299602"
Time & Fine Jewellery,shop:jewelry,,,,,,43.665259,-79.736775,node,6566646159,https://www.openstreetmap.org/node/6566646159,"https://www.google.com/maps/search/?api=1&query=43.6652592,-79.7367749"
Vivah,shop:jewelry,,280,Guelph Street,,,43.648619,-79.897576,node,6533199658,https://www.openstreetmap.org/node/6533199658,"https://www.google.com/maps/search/?api=1&query=43.6486192,-79.8975765"
Waterdown Goldsmith,shop:jewelry,,,,,,43.334221,-79.891337,node,4443096358,https://www.openstreetmap.org/node/4443096358,"https://www.google.com/maps/search/?api=1&query=43.3342212,-79.8913369"
White Carat Co.,shop:jewelry,,,,,,43.716332,-79.721309,node,6659697178,https://www.openstreetmap.org/node/6659697178,"https://www.google.com/maps/search/?api=1&query=43.7163322,-79.7213088"
Zadig & Voltaire,shop:jewelry,,,,,,43.575914,-79.828568,node,6655572397,https://www.openstreetmap.org/node/6655572397,"https://www.google.com/maps/search/?api=1&query=43.5759138,-79.8285682"
OLG Lottery Centre/Meadowvale Town Centre Information,shop:kiosk,,,,,,43.583270,-79.759539,node,3410784117,https://www.openstreetmap.org/node/3410784117,"https://www.google.com/maps/search/?api=1&query=43.5832701,-79.7595386"
Bramlea Kitchen Cabinets,shop:kitchen,,,,,,43.694494,-79.734673,node,12321368581,https://www.openstreetmap.org/node/12321368581,"https://www.google.com/maps/search/?api=1&query=43.6944941,-79.7346734"
Interior Works Inc,shop:kitchen,,,,,,43.352373,-79.797647,node,4486121700,https://www.openstreetmap.org/node/4486121700,"https://www.google.com/maps/search/?api=1&query=43.3523734,-79.7976467"
Kitchen And Bath Wholesaler,shop:kitchen,,,,,,43.691766,-79.704334,node,9777667519,https://www.openstreetmap.org/node/9777667519,"https://www.google.com/maps/search/?api=1&query=43.6917657,-79.704334"
Maxime Kitchens,shop:kitchen,,2376,Parkhaven Boulevard,Oakville,L6H 0E7,43.479874,-79.718829,node,10007447754,https://www.openstreetmap.org/node/10007447754,"https://www.google.com/maps/search/?api=1&query=43.4798741,-79.7188294"
Right Choice Kitchen & Bath,shop:kitchen,,5602,Tenth Line West,,,43.558734,-79.744024,node,3758234921,https://www.openstreetmap.org/node/3758234921,"https://www.google.com/maps/search/?api=1&query=43.5587336,-79.744024"
Just Like Home Coin Laundry,shop:laundry,,,,,,43.704561,-79.725872,node,10822992499,https://www.openstreetmap.org/node/10822992499,"https://www.google.com/maps/search/?api=1&query=43.7045615,-79.7258722"
Just Like Home Coin Laundry & Dry Cleaning,shop:laundry,,,,,,43.589139,-79.739741,node,4016655596,https://www.openstreetmap.org/node/4016655596,"https://www.google.com/maps/search/?api=1&query=43.5891387,-79.7397409"
Mill Street Coin Laundry & Dry Cleaning,shop:laundry,,,,,,43.513150,-79.884454,node,3485495953,https://www.openstreetmap.org/node/3485495953,"https://www.google.com/maps/search/?api=1&query=43.5131496,-79.8844542"
The Laundry Factory,shop:laundry,,,,,,43.525587,-79.870186,node,10934592498,https://www.openstreetmap.org/node/10934592498,"https://www.google.com/maps/search/?api=1&query=43.525587,-79.8701859"
Wash Depot,shop:laundry,,,,,,43.726101,-79.714870,node,6547884393,https://www.openstreetmap.org/node/6547884393,"https://www.google.com/maps/search/?api=1&query=43.7261014,-79.7148697"
Eagle Lighting,shop:lighting,,,,,,43.716102,-79.720902,node,6659697170,https://www.openstreetmap.org/node/6659697170,"https://www.google.com/maps/search/?api=1&query=43.7161018,-79.7209022"
Locksmiths & Safemen,shop:locksmith,,,,,,43.684015,-79.761675,node,12569743408,https://www.openstreetmap.org/node/12569743408,"https://www.google.com/maps/search/?api=1&query=43.6840154,-79.7616754"
Lotto Centre,shop:lottery,,,,,,43.558343,-79.711975,node,12960056396,https://www.openstreetmap.org/node/12960056396,"https://www.google.com/maps/search/?api=1&query=43.5583432,-79.7119747"
A & Z Wellness Studio,shop:massage,+1-905-616-5003,530,Postridge Drive,,,43.490113,-79.715355,node,3410756078,https://www.openstreetmap.org/node/3410756078,"https://www.google.com/maps/search/?api=1&query=43.490113,-79.7153548"
Abbeywood1 Spa,shop:massage,,,,,,43.426657,-79.726720,node,13391197252,https://www.openstreetmap.org/node/13391197252,"https://www.google.com/maps/search/?api=1&query=43.4266566,-79.7267202"
Ancient Way Massage Therapy,shop:massage,,,,,,43.649271,-79.925611,node,10981531103,https://www.openstreetmap.org/node/10981531103,"https://www.google.com/maps/search/?api=1&query=43.6492706,-79.925611"
Elite Massage,shop:massage,,,,,,43.316089,-79.840054,node,8502111829,https://www.openstreetmap.org/node/8502111829,"https://www.google.com/maps/search/?api=1&query=43.3160886,-79.8400542"
Kaizen,shop:massage,,,,,,43.583617,-79.761782,node,8968933651,https://www.openstreetmap.org/node/8968933651,"https://www.google.com/maps/search/?api=1&query=43.5836167,-79.7617825"
Limnos Wellness Spa,shop:massage,,,,,,43.360206,-79.780528,node,5756705221,https://www.openstreetmap.org/node/5756705221,"https://www.google.com/maps/search/?api=1&query=43.3602056,-79.7805282"
Massage Addict,shop:massage,,2901,Eglinton Avenue West,,,43.552215,-79.716317,node,3942806124,https://www.openstreetmap.org/node/3942806124,"https://www.google.com/maps/search/?api=1&query=43.5522146,-79.7163168"
Massage Addict,shop:massage,,,,,,43.682102,-79.815469,node,6546847856,https://www.openstreetmap.org/node/6546847856,"https://www.google.com/maps/search/?api=1&query=43.6821022,-79.8154686"
Massage Addict,shop:massage,,,,,,43.391872,-79.788779,node,7059152367,https://www.openstreetmap.org/node/7059152367,"https://www.google.com/maps/search/?api=1&query=43.3918721,-79.7887791"
Massage Addict,shop:massage,,,,,,43.342580,-79.828493,node,7061727760,https://www.openstreetmap.org/node/7061727760,"https://www.google.com/maps/search/?api=1&query=43.3425796,-79.8284931"
Foot + Fitness,shop:medical_supply,,,,,,43.395308,-79.710294,node,9813540054,https://www.openstreetmap.org/node/9813540054,"https://www.google.com/maps/search/?api=1&query=43.3953083,-79.7102939"
Health First Homecare Medical Supplies,shop:medical_supply,,,,,,43.667027,-79.738274,node,6566641246,https://www.openstreetmap.org/node/6566641246,"https://www.google.com/maps/search/?api=1&query=43.6670272,-79.738274"
Rite Gait Orthotics,shop:medical_supply,,,,,,43.514071,-79.882926,node,2216961926,https://www.openstreetmap.org/node/2216961926,"https://www.google.com/maps/search/?api=1&query=43.514071,-79.8829258"
Steetsville Orthopaedic Shows & Medical Supplies Inc,shop:medical_supply,+1-905-369-0582,,,,,43.582173,-79.714614,node,3455030548,https://www.openstreetmap.org/node/3455030548,"https://www.google.com/maps/search/?api=1&query=43.5821729,-79.714614"
Best Buy Mobile,shop:mobile_phone,,,,,,43.347826,-79.794252,node,6629362818,https://www.openstreetmap.org/node/6629362818,"https://www.google.com/maps/search/?api=1&query=43.347826,-79.7942525"
Best Buy Mobile,shop:mobile_phone,,,,,,43.716583,-79.721718,node,6659697172,https://www.openstreetmap.org/node/6659697172,"https://www.google.com/maps/search/?api=1&query=43.7165829,-79.7217176"
Cell Care,shop:mobile_phone,,,,,,43.665764,-79.732088,node,12691959737,https://www.openstreetmap.org/node/12691959737,"https://www.google.com/maps/search/?api=1&query=43.6657644,-79.7320875"
Cellaris,shop:mobile_phone,,280,Guelph Street,,,43.648352,-79.897779,node,6533199662,https://www.openstreetmap.org/node/6533199662,"https://www.google.com/maps/search/?api=1&query=43.6483519,-79.8977789"
Cellicon,shop:mobile_phone,,,,,,43.665829,-79.736926,node,6566646176,https://www.openstreetmap.org/node/6566646176,"https://www.google.com/maps/search/?api=1&query=43.665829,-79.7369259"
Cellicon,shop:mobile_phone,,,,,,43.348209,-79.794790,node,6629331177,https://www.openstreetmap.org/node/6629331177,"https://www.google.com/maps/search/?api=1&query=43.3482091,-79.7947898"
Cellicon,shop:mobile_phone,,,,,,43.325381,-79.819772,node,6632429837,https://www.openstreetmap.org/node/6632429837,"https://www.google.com/maps/search/?api=1&query=43.3253812,-79.8197718"
Cellrox,shop:mobile_phone,,280,Guelph Street,,,43.648304,-79.898695,node,6533178857,https://www.openstreetmap.org/node/6533178857,"https://www.google.com/maps/search/?api=1&query=43.6483042,-79.8986946"
Cellrox,shop:mobile_phone,,,,,,43.517681,-79.874872,node,6628676225,https://www.openstreetmap.org/node/6628676225,"https://www.google.com/maps/search/?api=1&query=43.5176814,-79.8748717"
Celluar Planet,shop:mobile_phone,,,,,,43.725716,-79.815332,node,6571769034,https://www.openstreetmap.org/node/6571769034,"https://www.google.com/maps/search/?api=1&query=43.7257162,-79.8153321"
Cellular Point,shop:mobile_phone,,,,,,43.666017,-79.738548,node,6566848331,https://www.openstreetmap.org/node/6566848331,"https://www.google.com/maps/search/?api=1&query=43.6660168,-79.7385484"
Cellular Point,shop:mobile_phone,,,,,,43.666066,-79.738344,node,6566848338,https://www.openstreetmap.org/node/6566848338,"https://www.google.com/maps/search/?api=1&query=43.6660658,-79.7383444"
Chatr,shop:mobile_phone,,,,,,43.638791,-79.716519,node,3959799488,https://www.openstreetmap.org/node/3959799488,"https://www.google.com/maps/search/?api=1&query=43.6387909,-79.716519"
Chatr,shop:mobile_phone,,,,,,43.558491,-79.711334,node,12960014757,https://www.openstreetmap.org/node/12960014757,"https://www.google.com/maps/search/?api=1&query=43.5584911,-79.7113338"
DSD Mobile,shop:mobile_phone,,,,,,43.583345,-79.759708,node,3410784111,https://www.openstreetmap.org/node/3410784111,"https://www.google.com/maps/search/?api=1&query=43.5833453,-79.7597081"
Fido,shop:mobile_phone,,,,,,43.681821,-79.815077,node,6546847861,https://www.openstreetmap.org/node/6546847861,"https://www.google.com/maps/search/?api=1&query=43.6818209,-79.815077"
Fido,shop:mobile_phone,,5100,Erin Mills Parkway,,,43.558886,-79.712006,node,6556571750,https://www.openstreetmap.org/node/6556571750,"https://www.google.com/maps/search/?api=1&query=43.5588857,-79.7120063"
Fido,shop:mobile_phone,,,,,,43.666132,-79.737291,node,6566674497,https://www.openstreetmap.org/node/6566674497,"https://www.google.com/maps/search/?api=1&query=43.6661321,-79.737291"
Fido,shop:mobile_phone,,,,,,43.517857,-79.874811,node,6628676235,https://www.openstreetmap.org/node/6628676235,"https://www.google.com/maps/search/?api=1&query=43.5178568,-79.8748107"
Fido,shop:mobile_phone,,,,,,43.348503,-79.793136,node,6629375198,https://www.openstreetmap.org/node/6629375198,"https://www.google.com/maps/search/?api=1&query=43.3485029,-79.7931358"
Fido,shop:mobile_phone,,,,,,43.325318,-79.819702,node,6632429836,https://www.openstreetmap.org/node/6632429836,"https://www.google.com/maps/search/?api=1&query=43.3253184,-79.8197024"
Fido,shop:mobile_phone,,,,,,43.715588,-79.722032,node,6660982622,https://www.openstreetmap.org/node/6660982622,"https://www.google.com/maps/search/?api=1&query=43.7155876,-79.7220324"
Freedom Mobile,shop:mobile_phone,,,,,,43.507748,-79.862190,node,2199778659,https://www.openstreetmap.org/node/2199778659,"https://www.google.com/maps/search/?api=1&query=43.5077483,-79.86219"
Freedom Mobile,shop:mobile_phone,,,,,,43.581357,-79.757615,node,3944582785,https://www.openstreetmap.org/node/3944582785,"https://www.google.com/maps/search/?api=1&query=43.5813566,-79.7576154"
Freedom Mobile,shop:mobile_phone,,,,,,43.369186,-79.753040,node,3997759007,https://www.openstreetmap.org/node/3997759007,"https://www.google.com/maps/search/?api=1&query=43.369186,-79.75304"
Freedom Mobile,shop:mobile_phone,,,,,,43.707788,-79.785468,node,6546951266,https://www.openstreetmap.org/node/6546951266,"https://www.google.com/maps/search/?api=1&query=43.7077884,-79.7854681"
Freedom Mobile,shop:mobile_phone,,5100,Erin Mills Parkway,,,43.557645,-79.711826,node,6557896324,https://www.openstreetmap.org/node/6557896324,"https://www.google.com/maps/search/?api=1&query=43.5576455,-79.711826"
Freedom Mobile,shop:mobile_phone,,,,,,43.665128,-79.736425,node,6566646153,https://www.openstreetmap.org/node/6566646153,"https://www.google.com/maps/search/?api=1&query=43.6651281,-79.7364249"
Freedom Mobile,shop:mobile_phone,,,,,,43.348699,-79.793876,node,6629375215,https://www.openstreetmap.org/node/6629375215,"https://www.google.com/maps/search/?api=1&query=43.3486986,-79.7938756"
Freedom Mobile,shop:mobile_phone,,,,,,43.324826,-79.819226,node,6632429834,https://www.openstreetmap.org/node/6632429834,"https://www.google.com/maps/search/?api=1&query=43.3248264,-79.8192264"
Freedom Mobile,shop:mobile_phone,,,,,,43.715942,-79.721636,node,6659697182,https://www.openstreetmap.org/node/6659697182,"https://www.google.com/maps/search/?api=1&query=43.7159421,-79.7216362"
Freedom Mobile,shop:mobile_phone,,,,,,43.379655,-79.808425,node,7060771068,https://www.openstreetmap.org/node/7060771068,"https://www.google.com/maps/search/?api=1&query=43.3796545,-79.8084248"
Freedom Mobile,shop:mobile_phone,,,,,,43.330932,-79.898684,node,7196261778,https://www.openstreetmap.org/node/7196261778,"https://www.google.com/maps/search/?api=1&query=43.3309316,-79.8986835"
Freedom Mobile,shop:mobile_phone,,,,,,43.655311,-79.743351,node,7320195982,https://www.openstreetmap.org/node/7320195982,"https://www.google.com/maps/search/?api=1&query=43.6553112,-79.7433509"
Freedom Mobile,shop:mobile_phone,,8982,Queen Street West,,,43.665512,-79.782028,node,11417804795,https://www.openstreetmap.org/node/11417804795,"https://www.google.com/maps/search/?api=1&query=43.6655115,-79.7820283"
Future Tech,shop:mobile_phone,,,,,,43.715675,-79.721558,node,6662840561,https://www.openstreetmap.org/node/6662840561,"https://www.google.com/maps/search/?api=1&query=43.7156754,-79.7215576"
Future-Tech,shop:mobile_phone,,,,,,43.348613,-79.794338,node,6629375220,https://www.openstreetmap.org/node/6629375220,"https://www.google.com/maps/search/?api=1&query=43.348613,-79.7943383"
Hi Tech Cell,shop:mobile_phone,,,,,,43.658051,-79.725176,node,13093242398,https://www.openstreetmap.org/node/13093242398,"https://www.google.com/maps/search/?api=1&query=43.6580511,-79.7251757"
Koodo,shop:mobile_phone,,280,Guelph Street,,,43.648581,-79.897651,node,6533199666,https://www.openstreetmap.org/node/6533199666,"https://www.google.com/maps/search/?api=1&query=43.6485814,-79.8976513"
Koodo,shop:mobile_phone,,,,,,43.666706,-79.738635,node,6566641251,https://www.openstreetmap.org/node/6566641251,"https://www.google.com/maps/search/?api=1&query=43.6667062,-79.7386346"
Koodo,shop:mobile_phone,,,,,,43.517936,-79.874732,node,6628676243,https://www.openstreetmap.org/node/6628676243,"https://www.google.com/maps/search/?api=1&query=43.5179364,-79.8747325"
Koodo,shop:mobile_phone,,,,,,43.348807,-79.792782,node,6629375207,https://www.openstreetmap.org/node/6629375207,"https://www.google.com/maps/search/?api=1&query=43.3488065,-79.7927815"
Koodo,shop:mobile_phone,,,,,,43.326551,-79.820636,node,6632463444,https://www.openstreetmap.org/node/6632463444,"https://www.google.com/maps/search/?api=1&query=43.3265509,-79.8206361"
Koodo,shop:mobile_phone,,,,,,43.714960,-79.722632,node,6661106813,https://www.openstreetmap.org/node/6661106813,"https://www.google.com/maps/search/?api=1&query=43.7149603,-79.7226316"
Koodo,shop:mobile_phone,,,,,,43.707020,-79.786310,node,10679052787,https://www.openstreetmap.org/node/10679052787,"https://www.google.com/maps/search/?api=1&query=43.7070195,-79.7863099"
Koodo,shop:mobile_phone,,6040,Glen Erin Drive,,,43.574821,-79.739113,node,12865657341,https://www.openstreetmap.org/node/12865657341,"https://www.google.com/maps/search/?api=1&query=43.5748213,-79.7391131"
Long Distance Phone Cards,shop:mobile_phone,,,,,,43.666989,-79.738512,node,6566641249,https://www.openstreetmap.org/node/6566641249,"https://www.google.com/maps/search/?api=1&query=43.6669891,-79.7385125"
Milton Wireless,shop:mobile_phone,,,,,,43.527965,-79.867764,node,3486859743,https://www.openstreetmap.org/node/3486859743,"https://www.google.com/maps/search/?api=1&query=43.5279645,-79.8677638"
Mobile Hub,shop:mobile_phone,,,,,,43.727581,-79.796972,node,1870128280,https://www.openstreetmap.org/node/1870128280,"https://www.google.com/maps/search/?api=1&query=43.727581,-79.7969724"
Mobile Klinik,shop:mobile_phone,,5100,Erin Mills Parkway,,,43.558656,-79.712699,node,6556571735,https://www.openstreetmap.org/node/6556571735,"https://www.google.com/maps/search/?api=1&query=43.5586559,-79.7126991"
Mobile Klinik,shop:mobile_phone,,,,,,43.715371,-79.723709,node,6660982645,https://www.openstreetmap.org/node/6660982645,"https://www.google.com/maps/search/?api=1&query=43.7153707,-79.7237092"
Mobilinq,shop:mobile_phone,,,,,,43.715496,-79.721135,node,6659686736,https://www.openstreetmap.org/node/6659686736,"https://www.google.com/maps/search/?api=1&query=43.7154957,-79.721135"
Phone Care +,shop:mobile_phone,,,,,,43.324668,-79.819209,node,6632429832,https://www.openstreetmap.org/node/6632429832,"https://www.google.com/maps/search/?api=1&query=43.3246684,-79.8192095"
Prime Tech Wireless,shop:mobile_phone,,136,Guelph Street,,,43.650386,-79.911564,node,6535783951,https://www.openstreetmap.org/node/6535783951,"https://www.google.com/maps/search/?api=1&query=43.650386,-79.9115641"
Rogers,shop:mobile_phone,,,,,,43.518278,-79.878136,node,724846999,https://www.openstreetmap.org/node/724846999,"https://www.google.com/maps/search/?api=1&query=43.5182783,-79.878136"
Rogers,shop:mobile_phone,,,,,,43.404992,-79.806792,node,1540300433,https://www.openstreetmap.org/node/1540300433,"https://www.google.com/maps/search/?api=1&query=43.4049915,-79.8067915"
Rogers,shop:mobile_phone,,,,,,43.437079,-79.740950,node,1960821095,https://www.openstreetmap.org/node/1960821095,"https://www.google.com/maps/search/?api=1&query=43.4370789,-79.74095"
Rogers,shop:mobile_phone,,,,,,43.465232,-79.742792,node,2138422492,https://www.openstreetmap.org/node/2138422492,"https://www.google.com/maps/search/?api=1&query=43.4652319,-79.7427919"
Rogers,shop:mobile_phone,,,,,,43.526691,-79.866743,node,2198941296,https://www.openstreetmap.org/node/2198941296,"https://www.google.com/maps/search/?api=1&query=43.5266915,-79.8667431"
Rogers,shop:mobile_phone,,,,,,43.677543,-79.721173,node,2752955075,https://www.openstreetmap.org/node/2752955075,"https://www.google.com/maps/search/?api=1&query=43.6775428,-79.7211732"
Rogers,shop:mobile_phone,,,,,,43.707167,-79.786131,node,2753033270,https://www.openstreetmap.org/node/2753033270,"https://www.google.com/maps/search/?api=1&query=43.7071672,-79.7861309"
Rogers,shop:mobile_phone,,,,,,43.715678,-79.721691,node,5561780115,https://www.openstreetmap.org/node/5561780115,"https://www.google.com/maps/search/?api=1&query=43.7156782,-79.7216907"
Rogers,shop:mobile_phone,,280,Guelph Street,,,43.648601,-79.899130,node,6533178871,https://www.openstreetmap.org/node/6533178871,"https://www.google.com/maps/search/?api=1&query=43.6486006,-79.89913"
Rogers,shop:mobile_phone,,,,,,43.681870,-79.815143,node,6546847860,https://www.openstreetmap.org/node/6546847860,"https://www.google.com/maps/search/?api=1&query=43.6818704,-79.8151428"
Rogers,shop:mobile_phone,,5100,Erin Mills Parkway,,,43.558648,-79.711490,node,6557896294,https://www.openstreetmap.org/node/6557896294,"https://www.google.com/maps/search/?api=1&query=43.5586482,-79.7114902"
Rogers,shop:mobile_phone,,,,,,43.666360,-79.738008,node,6566848333,https://www.openstreetmap.org/node/6566848333,"https://www.google.com/maps/search/?api=1&query=43.6663598,-79.7380082"
Rogers,shop:mobile_phone,,,,,,43.348977,-79.793601,node,6629375211,https://www.openstreetmap.org/node/6629375211,"https://www.google.com/maps/search/?api=1&query=43.3489768,-79.7936011"
Rogers,shop:mobile_phone,,,,,,43.325800,-79.820331,node,6632427715,https://www.openstreetmap.org/node/6632427715,"https://www.google.com/maps/search/?api=1&query=43.3258,-79.820331"
Rogers,shop:mobile_phone,,,,,,43.357970,-79.782716,node,7061175371,https://www.openstreetmap.org/node/7061175371,"https://www.google.com/maps/search/?api=1&query=43.3579698,-79.7827157"
Rogers/Fido,shop:mobile_phone,,,,,,43.729217,-79.763338,node,12897691891,https://www.openstreetmap.org/node/12897691891,"https://www.google.com/maps/search/?api=1&query=43.7292168,-79.7633377"
T Wireless,shop:mobile_phone,,,,,,43.687149,-79.807095,node,6546870692,https://www.openstreetmap.org/node/6546870692,"https://www.google.com/maps/search/?api=1&query=43.6871491,-79.8070948"
Tbooth Wireless,shop:mobile_phone,,,,,,43.666796,-79.738531,node,6566641245,https://www.openstreetmap.org/node/6566641245,"https://www.google.com/maps/search/?api=1&query=43.6667958,-79.7385309"
Tbooth Wireless,shop:mobile_phone,,,,,,43.348212,-79.793560,node,6629362820,https://www.openstreetmap.org/node/6629362820,"https://www.google.com/maps/search/?api=1&query=43.3482119,-79.7935605"
Tbooth Wireless,shop:mobile_phone,,,,,,43.324924,-79.819322,node,6632429835,https://www.openstreetmap.org/node/6632429835,"https://www.google.com/maps/search/?api=1&query=43.3249239,-79.8193219"
Tbooth Wireless,shop:mobile_phone,,,,,,43.716001,-79.721587,node,6659697180,https://www.openstreetmap.org/node/6659697180,"https://www.google.com/maps/search/?api=1&query=43.7160009,-79.7215866"
Tbooth Wireless,shop:mobile_phone,,,,,,43.715372,-79.723539,node,6660982643,https://www.openstreetmap.org/node/6660982643,"https://www.google.com/maps/search/?api=1&query=43.7153717,-79.7235389"
Telephonia,shop:mobile_phone,,,,,,43.664890,-79.781486,node,12810715915,https://www.openstreetmap.org/node/12810715915,"https://www.google.com/maps/search/?api=1&query=43.6648903,-79.7814856"
Telus,shop:mobile_phone,,,,,,43.517861,-79.877140,node,724847005,https://www.openstreetmap.org/node/724847005,"https://www.google.com/maps/search/?api=1&query=43.5178613,-79.87714"
Telus,shop:mobile_phone,,,,,,43.716459,-79.722591,node,5323098538,https://www.openstreetmap.org/node/5323098538,"https://www.google.com/maps/search/?api=1&query=43.7164592,-79.7225915"
Telus,shop:mobile_phone,,280,Guelph Street,,,43.648624,-79.897675,node,6533199665,https://www.openstreetmap.org/node/6533199665,"https://www.google.com/maps/search/?api=1&query=43.6486238,-79.897675"
Telus,shop:mobile_phone,,5100,Erin Mills Parkway,,,43.558800,-79.711928,node,6556429852,https://www.openstreetmap.org/node/6556429852,"https://www.google.com/maps/search/?api=1&query=43.5587996,-79.7119284"
Telus,shop:mobile_phone,,,,,,43.348845,-79.793387,node,6629375210,https://www.openstreetmap.org/node/6629375210,"https://www.google.com/maps/search/?api=1&query=43.3488446,-79.7933869"
Telus,shop:mobile_phone,,,,,,43.325611,-79.820556,node,6632429819,https://www.openstreetmap.org/node/6632429819,"https://www.google.com/maps/search/?api=1&query=43.3256109,-79.8205559"
Telus,shop:mobile_phone,,,,,,43.715829,-79.721515,node,6659697161,https://www.openstreetmap.org/node/6659697161,"https://www.google.com/maps/search/?api=1&query=43.7158294,-79.7215146"
Telus,shop:mobile_phone,,6040,Glen Erin Drive,,,43.574803,-79.739117,node,12865657340,https://www.openstreetmap.org/node/12865657340,"https://www.google.com/maps/search/?api=1&query=43.5748033,-79.7391172"
Telus/Koodo,shop:mobile_phone,,,,,,43.729196,-79.763275,node,1914225524,https://www.openstreetmap.org/node/1914225524,"https://www.google.com/maps/search/?api=1&query=43.7291956,-79.7632748"
Value Mobile,shop:mobile_phone,,,,,,43.666737,-79.738785,node,6566641258,https://www.openstreetmap.org/node/6566641258,"https://www.google.com/maps/search/?api=1&query=43.6667369,-79.738785"
Value Mobile,shop:mobile_phone,,,,,,43.665301,-79.737118,node,6566646178,https://www.openstreetmap.org/node/6566646178,"https://www.google.com/maps/search/?api=1&query=43.6653008,-79.7371185"
Value Mobile,shop:mobile_phone,,,,,,43.348201,-79.794944,node,6629331175,https://www.openstreetmap.org/node/6629331175,"https://www.google.com/maps/search/?api=1&query=43.3482014,-79.7949438"
Value Mobile,shop:mobile_phone,,,,,,43.715425,-79.721204,node,6659686737,https://www.openstreetmap.org/node/6659686737,"https://www.google.com/maps/search/?api=1&query=43.7154251,-79.7212041"
Value Mobile,shop:mobile_phone,,,,,,43.715350,-79.723223,node,6660982635,https://www.openstreetmap.org/node/6660982635,"https://www.google.com/maps/search/?api=1&query=43.7153499,-79.7232232"
Virgin Plus,shop:mobile_phone,,5100,Erin Mills Parkway,,,43.558775,-79.711784,node,6556575937,https://www.openstreetmap.org/node/6556575937,"https://www.google.com/maps/search/?api=1&query=43.5587746,-79.7117842"
Virgin Plus,shop:mobile_phone,,,,,,43.665631,-79.736556,node,6566646169,https://www.openstreetmap.org/node/6566646169,"https://www.google.com/maps/search/?api=1&query=43.665631,-79.7365563"
Virgin Plus,shop:mobile_phone,,,,,,43.348294,-79.793442,node,6629362821,https://www.openstreetmap.org/node/6629362821,"https://www.google.com/maps/search/?api=1&query=43.3482939,-79.7934425"
Virgin Plus,shop:mobile_phone,,,,,,43.326817,-79.820787,node,6632427711,https://www.openstreetmap.org/node/6632427711,"https://www.google.com/maps/search/?api=1&query=43.3268175,-79.8207874"
Virgin Plus,shop:mobile_phone,,,,,,43.715184,-79.722379,node,6660982630,https://www.openstreetmap.org/node/6660982630,"https://www.google.com/maps/search/?api=1&query=43.7151835,-79.7223792"
WiFiXiT,shop:mobile_phone,,,,,,43.450253,-79.758435,node,3899087301,https://www.openstreetmap.org/node/3899087301,"https://www.google.com/maps/search/?api=1&query=43.4502533,-79.7584353"
Wireless +,shop:mobile_phone,,,,,,43.558239,-79.712069,node,12960015718,https://www.openstreetmap.org/node/12960015718,"https://www.google.com/maps/search/?api=1&query=43.5582386,-79.7120692"
Wireless Hub,shop:mobile_phone,,,,,,43.734172,-79.707651,node,6547820362,https://www.openstreetmap.org/node/6547820362,"https://www.google.com/maps/search/?api=1&query=43.7341719,-79.7076512"
Wireless Land,shop:mobile_phone,,,,,,43.714497,-79.779434,node,6547160012,https://www.openstreetmap.org/node/6547160012,"https://www.google.com/maps/search/?api=1&query=43.7144966,-79.7794338"
Wireless+,shop:mobile_phone,,5100,Erin Mills Parkway,,,43.558765,-79.711520,node,6556575940,https://www.openstreetmap.org/node/6556575940,"https://www.google.com/maps/search/?api=1&query=43.5587654,-79.71152"
Wireless+,shop:mobile_phone,,,,,,43.716449,-79.721505,node,6659697175,https://www.openstreetmap.org/node/6659697175,"https://www.google.com/maps/search/?api=1&query=43.7164486,-79.7215052"
Wireless+,shop:mobile_phone,,,,,,43.716710,-79.721811,node,6662840574,https://www.openstreetmap.org/node/6662840574,"https://www.google.com/maps/search/?api=1&query=43.7167095,-79.721811"
WirelessWave,shop:mobile_phone,,,,,,43.412547,-79.706103,node,2796930172,https://www.openstreetmap.org/node/2796930172,"https://www.google.com/maps/search/?api=1&query=43.4125468,-79.7061027"
WirelessWave,shop:mobile_phone,,280,Guelph Street,,,43.648553,-79.897709,node,6533199667,https://www.openstreetmap.org/node/6533199667,"https://www.google.com/maps/search/?api=1&query=43.6485525,-79.8977086"
WirelessWave,shop:mobile_phone,,5100,Erin Mills Parkway,,,43.558460,-79.711843,node,6556418561,https://www.openstreetmap.org/node/6556418561,"https://www.google.com/maps/search/?api=1&query=43.55846,-79.7118428"
WirelessWave,shop:mobile_phone,,,,,,43.665202,-79.736951,node,6566646168,https://www.openstreetmap.org/node/6566646168,"https://www.google.com/maps/search/?api=1&query=43.665202,-79.7369509"
WirelessWave,shop:mobile_phone,,,,,,43.348711,-79.792934,node,6629375208,https://www.openstreetmap.org/node/6629375208,"https://www.google.com/maps/search/?api=1&query=43.3487113,-79.792934"
WirelessWave,shop:mobile_phone,,,,,,43.326874,-79.820823,node,6632427712,https://www.openstreetmap.org/node/6632427712,"https://www.google.com/maps/search/?api=1&query=43.3268737,-79.820823"
WirelessWave,shop:mobile_phone,,,,,,43.715836,-79.721650,node,6660982629,https://www.openstreetmap.org/node/6660982629,"https://www.google.com/maps/search/?api=1&query=43.7158357,-79.7216502"
WirelessWave,shop:mobile_phone,,,,,,43.716378,-79.721244,node,6662840571,https://www.openstreetmap.org/node/6662840571,"https://www.google.com/maps/search/?api=1&query=43.7163777,-79.7212441"
WOW! Mobile Boutique,shop:mobile_phone,,5100,Erin Mills Parkway,,,43.559006,-79.711541,node,6557896307,https://www.openstreetmap.org/node/6557896307,"https://www.google.com/maps/search/?api=1&query=43.5590064,-79.711541"
WOW! Mobile Boutique,shop:mobile_phone,,,,,,43.348618,-79.793196,node,6629375199,https://www.openstreetmap.org/node/6629375199,"https://www.google.com/maps/search/?api=1&query=43.3486183,-79.7931959"
WOW! Mobile Boutique,shop:mobile_phone,,,,,,43.326991,-79.820889,node,6632427714,https://www.openstreetmap.org/node/6632427714,"https://www.google.com/maps/search/?api=1&query=43.3269905,-79.820889"
WOW! Mobile Boutique,shop:mobile_phone,,,,,,43.716163,-79.721177,node,6659697165,https://www.openstreetmap.org/node/6659697165,"https://www.google.com/maps/search/?api=1&query=43.7161627,-79.7211772"
X Cellular,shop:mobile_phone,,,,,,43.715187,-79.721311,node,6659686719,https://www.openstreetmap.org/node/6659686719,"https://www.google.com/maps/search/?api=1&query=43.7151874,-79.721311"
Cellen Trick,shop:mobile_phone_accessories,,,,,,43.666402,-79.737765,node,13859355204,https://www.openstreetmap.org/node/13859355204,"https://www.google.com/maps/search/?api=1&query=43.666402,-79.7377647"
Wireless Zone,shop:mobile_phone_accessories,,,,,,43.665292,-79.737246,node,13859313380,https://www.openstreetmap.org/node/13859313380,"https://www.google.com/maps/search/?api=1&query=43.6652923,-79.737246"
Cash 4 You,shop:money_lender,,,,,,43.696302,-79.749159,node,934384614,https://www.openstreetmap.org/node/934384614,"https://www.google.com/maps/search/?api=1&query=43.6963017,-79.7491588"
Cash 4 You,shop:money_lender,,,,,,43.707703,-79.785548,node,6546951268,https://www.openstreetmap.org/node/6546951268,"https://www.google.com/maps/search/?api=1&query=43.7077031,-79.7855479"
Cash 4 You,shop:money_lender,,,,,,43.353671,-79.785687,node,7061164024,https://www.openstreetmap.org/node/7061164024,"https://www.google.com/maps/search/?api=1&query=43.3536709,-79.7856867"
Cash 4 You,shop:money_lender,,,,,,43.323645,-79.831192,node,7770697118,https://www.openstreetmap.org/node/7770697118,"https://www.google.com/maps/search/?api=1&query=43.3236452,-79.8311923"
Cash 4 You,shop:money_lender,,,,,,43.650188,-79.906707,node,10981542088,https://www.openstreetmap.org/node/10981542088,"https://www.google.com/maps/search/?api=1&query=43.6501875,-79.9067067"
Cash 4 You,shop:money_lender,,,,,,43.657680,-79.723844,node,13093244861,https://www.openstreetmap.org/node/13093244861,"https://www.google.com/maps/search/?api=1&query=43.6576799,-79.7238438"
Cash 929,shop:money_lender,,,,,,43.687113,-79.807026,node,6546870691,https://www.openstreetmap.org/node/6546870691,"https://www.google.com/maps/search/?api=1&query=43.6871132,-79.8070264"
Cash Express,shop:money_lender,,,,,,43.515059,-79.881502,node,2206877097,https://www.openstreetmap.org/node/2206877097,"https://www.google.com/maps/search/?api=1&query=43.5150586,-79.8815019"
Cash Express,shop:money_lender,,,,,,43.323995,-79.830855,node,7770697121,https://www.openstreetmap.org/node/7770697121,"https://www.google.com/maps/search/?api=1&query=43.3239951,-79.8308548"
Cash Money,shop:money_lender,,,,,,43.704102,-79.740856,node,2215446641,https://www.openstreetmap.org/node/2215446641,"https://www.google.com/maps/search/?api=1&query=43.7041023,-79.7408558"
Cash Money,shop:money_lender,,,,,,43.345485,-79.795595,node,3472277856,https://www.openstreetmap.org/node/3472277856,"https://www.google.com/maps/search/?api=1&query=43.3454851,-79.7955951"
Cash Money,shop:money_lender,,,,,,43.649170,-79.890206,node,6535774124,https://www.openstreetmap.org/node/6535774124,"https://www.google.com/maps/search/?api=1&query=43.6491701,-79.8902057"
Cash Money,shop:money_lender,,,,,,43.703396,-79.784482,node,6546873268,https://www.openstreetmap.org/node/6546873268,"https://www.google.com/maps/search/?api=1&query=43.7033956,-79.7844824"
Cash Money,shop:money_lender,,,,,,43.734257,-79.707766,node,6547820363,https://www.openstreetmap.org/node/6547820363,"https://www.google.com/maps/search/?api=1&query=43.7342572,-79.7077659"
Cash Money,shop:money_lender,,,,,,43.675710,-79.723456,node,9777744816,https://www.openstreetmap.org/node/9777744816,"https://www.google.com/maps/search/?api=1&query=43.6757099,-79.7234559"
Cash Plaza,shop:money_lender,,,,,,43.727383,-79.796570,node,1870128245,https://www.openstreetmap.org/node/1870128245,"https://www.google.com/maps/search/?api=1&query=43.7273833,-79.7965701"
Cash Shop,shop:money_lender,,3480,Fairview Street,,L7N 2R5,43.357346,-79.781376,node,7061175380,https://www.openstreetmap.org/node/7061175380,"https://www.google.com/maps/search/?api=1&query=43.3573464,-79.7813765"
Debt Solutions Payday Loans,shop:money_lender,,,,,,43.694688,-79.750001,node,2215450767,https://www.openstreetmap.org/node/2215450767,"https://www.google.com/maps/search/?api=1&query=43.6946878,-79.7500013"
easyfinancial,shop:money_lender,,,,,,43.665893,-79.738171,node,6566674516,https://www.openstreetmap.org/node/6566674516,"https://www.google.com/maps/search/?api=1&query=43.6658929,-79.7381713"
easyfinancial,shop:money_lender,,,,,,43.379613,-79.808481,node,7060771067,https://www.openstreetmap.org/node/7060771067,"https://www.google.com/maps/search/?api=1&query=43.3796133,-79.8084815"
easyfinancial,shop:money_lender,,,,,,43.543586,-79.867880,node,12870907544,https://www.openstreetmap.org/node/12870907544,"https://www.google.com/maps/search/?api=1&query=43.5435863,-79.8678799"
easyfinancial,shop:money_lender,,140,Great Lakes Drive,,,43.729949,-79.765245,node,12897582835,https://www.openstreetmap.org/node/12897582835,"https://www.google.com/maps/search/?api=1&query=43.7299493,-79.7652452"
Fairstone Financial,shop:money_lender,,,,,,43.526914,-79.887224,node,2232090096,https://www.openstreetmap.org/node/2232090096,"https://www.google.com/maps/search/?api=1&query=43.5269144,-79.887224"
Fairstone Financial,shop:money_lender,,2080,Appleby Line,Burlington,L7L 6M6,43.397436,-79.797066,node,3522536687,https://www.openstreetmap.org/node/3522536687,"https://www.google.com/maps/search/?api=1&query=43.397436,-79.7970664"
Fairstone Financial,shop:money_lender,,7686,Hurontario Street,,,43.658456,-79.723990,node,5695551457,https://www.openstreetmap.org/node/5695551457,"https://www.google.com/maps/search/?api=1&query=43.6584559,-79.72399"
Lendirect Personal Loans,shop:money_lender,,,,,,43.697984,-79.746240,node,9008394842,https://www.openstreetmap.org/node/9008394842,"https://www.google.com/maps/search/?api=1&query=43.6979841,-79.7462404"
Loan4Payday,shop:money_lender,,,,,,43.695880,-79.748523,node,9008339761,https://www.openstreetmap.org/node/9008339761,"https://www.google.com/maps/search/?api=1&query=43.69588,-79.7485228"
Money Hut,shop:money_lender,,,,,,43.675914,-79.745793,node,10823000928,https://www.openstreetmap.org/node/10823000928,"https://www.google.com/maps/search/?api=1&query=43.6759138,-79.7457927"
Money Mart,shop:money_lender,,,,,,43.692945,-79.768298,node,887581939,https://www.openstreetmap.org/node/887581939,"https://www.google.com/maps/search/?api=1&query=43.6929445,-79.7682977"
Money Mart,shop:money_lender,,,,,,43.694542,-79.748883,node,887629219,https://www.openstreetmap.org/node/887629219,"https://www.google.com/maps/search/?api=1&query=43.6945417,-79.7488828"
Money Mart,shop:money_lender,,,,,,43.724599,-79.813905,node,1918832351,https://www.openstreetmap.org/node/1918832351,"https://www.google.com/maps/search/?api=1&query=43.7245994,-79.813905"
Money Mart,shop:money_lender,,,,,,43.682887,-79.813312,node,1922007650,https://www.openstreetmap.org/node/1922007650,"https://www.google.com/maps/search/?api=1&query=43.6828875,-79.813312"
Money Mart,shop:money_lender,,460,Steeles Avenue East,Milton,,43.526335,-79.887720,node,2232090010,https://www.openstreetmap.org/node/2232090010,"https://www.google.com/maps/search/?api=1&query=43.5263349,-79.8877204"
Money Mart,shop:money_lender,,,,,,43.583069,-79.764802,node,3440055625,https://www.openstreetmap.org/node/3440055625,"https://www.google.com/maps/search/?api=1&query=43.5830686,-79.7648018"
Money Mart,shop:money_lender,,,,,,43.591169,-79.741347,node,4016655599,https://www.openstreetmap.org/node/4016655599,"https://www.google.com/maps/search/?api=1&query=43.5911688,-79.7413469"
Money Mart,shop:money_lender,,,,,,43.323227,-79.831646,node,4044978958,https://www.openstreetmap.org/node/4044978958,"https://www.google.com/maps/search/?api=1&query=43.323227,-79.8316458"
Money Mart,shop:money_lender,,,,,,43.378032,-79.805786,node,4089317888,https://www.openstreetmap.org/node/4089317888,"https://www.google.com/maps/search/?api=1&query=43.3780316,-79.8057856"
Money Mart,shop:money_lender,,,,,,43.668474,-79.737594,node,4406326094,https://www.openstreetmap.org/node/4406326094,"https://www.google.com/maps/search/?api=1&query=43.6684736,-79.7375939"
Money Mart,shop:money_lender,,,,,,43.701924,-79.741878,node,6226609528,https://www.openstreetmap.org/node/6226609528,"https://www.google.com/maps/search/?api=1&query=43.7019237,-79.741878"
Money Mart,shop:money_lender,,,,,,43.725933,-79.715063,node,6547884387,https://www.openstreetmap.org/node/6547884387,"https://www.google.com/maps/search/?api=1&query=43.7259332,-79.7150635"
Money Mart,shop:money_lender,,,,,,43.716108,-79.720799,node,6662840568,https://www.openstreetmap.org/node/6662840568,"https://www.google.com/maps/search/?api=1&query=43.7161083,-79.7207988"
Money Mart,shop:money_lender,,,,,,43.373263,-79.760996,node,7060674444,https://www.openstreetmap.org/node/7060674444,"https://www.google.com/maps/search/?api=1&query=43.373263,-79.7609962"
Money Mart,shop:money_lender,,,,,,43.357363,-79.783143,node,7061175366,https://www.openstreetmap.org/node/7061175366,"https://www.google.com/maps/search/?api=1&query=43.3573633,-79.7831435"
Pay2Day,shop:money_lender,,,,,,43.521345,-79.892867,node,10934177210,https://www.openstreetmap.org/node/10934177210,"https://www.google.com/maps/search/?api=1&query=43.5213447,-79.8928672"
Payday Loans,shop:money_lender,,,,,,43.586722,-79.740837,node,4017888657,https://www.openstreetmap.org/node/4017888657,"https://www.google.com/maps/search/?api=1&query=43.5867221,-79.7408374"
Payday Shop,shop:money_lender,,,,,,43.657877,-79.725148,node,5695551669,https://www.openstreetmap.org/node/5695551669,"https://www.google.com/maps/search/?api=1&query=43.6578773,-79.7251482"
The Cash Source,shop:money_lender,,9055,Derry Road West,Milton,,43.517106,-79.850487,node,3446671823,https://www.openstreetmap.org/node/3446671823,"https://www.google.com/maps/search/?api=1&query=43.5171065,-79.8504866"
Usolve Financial,shop:money_lender,,,,,,43.702247,-79.741456,node,9008362146,https://www.openstreetmap.org/node/9008362146,"https://www.google.com/maps/search/?api=1&query=43.7022466,-79.7414563"
Usolve Financial,shop:money_lender,,,,,,43.665801,-79.732124,node,9777754043,https://www.openstreetmap.org/node/9777754043,"https://www.google.com/maps/search/?api=1&query=43.6658008,-79.7321238"
Burlington Cycle,shop:motorcycle,,,,,,43.344746,-79.813104,node,1439771452,https://www.openstreetmap.org/node/1439771452,"https://www.google.com/maps/search/?api=1&query=43.3447461,-79.8131042"
Motocicletta,shop:motorcycle,,,,,,43.404000,-79.802903,node,7779697318,https://www.openstreetmap.org/node/7779697318,"https://www.google.com/maps/search/?api=1&query=43.4040001,-79.8029032"
Main Street Music,shop:music,,,,,,43.581106,-79.712475,node,529544767,https://www.openstreetmap.org/node/529544767,"https://www.google.com/maps/search/?api=1&query=43.5811058,-79.7124753"
Sunrise Records,shop:music,,,,,,43.715472,-79.721588,node,5323098536,https://www.openstreetmap.org/node/5323098536,"https://www.google.com/maps/search/?api=1&query=43.7154723,-79.7215883"
Sunrise Records,shop:music,,5100,Erin Mills Parkway,,,43.559373,-79.712068,node,6556389813,https://www.openstreetmap.org/node/6556389813,"https://www.google.com/maps/search/?api=1&query=43.559373,-79.7120677"
The Beat Goes On,shop:music,,,,,,43.446238,-79.705056,node,2462374144,https://www.openstreetmap.org/node/2462374144,"https://www.google.com/maps/search/?api=1&query=43.446238,-79.7050564"
Excel Music,shop:musical_instrument,,,,,,43.609498,-79.700624,node,3745807650,https://www.openstreetmap.org/node/3745807650,"https://www.google.com/maps/search/?api=1&query=43.6094975,-79.7006241"
Georgetown Music Lessons,shop:musical_instrument,,,,,,43.645512,-79.896413,node,4280382737,https://www.openstreetmap.org/node/4280382737,"https://www.google.com/maps/search/?api=1&query=43.6455123,-79.8964128"
Guitar World,shop:musical_instrument,,,,,,43.488595,-79.717008,node,1210025386,https://www.openstreetmap.org/node/1210025386,"https://www.google.com/maps/search/?api=1&query=43.4885953,-79.7170077"
Long & McQuade,shop:musical_instrument,,,,,,43.357906,-79.806869,node,1866788283,https://www.openstreetmap.org/node/1866788283,"https://www.google.com/maps/search/?api=1&query=43.3579056,-79.8068689"
Gateway Newstands,shop:newsagent,,,,,,43.518390,-79.874078,node,6628676244,https://www.openstreetmap.org/node/6628676244,"https://www.google.com/maps/search/?api=1&query=43.5183904,-79.8740779"
Gateway Newstands,shop:newsagent,,,,,,43.326816,-79.820475,node,6632463420,https://www.openstreetmap.org/node/6632463420,"https://www.google.com/maps/search/?api=1&query=43.3268165,-79.820475"
Gateway Newstands,shop:newsagent,,,,,,43.715512,-79.721232,node,6659645013,https://www.openstreetmap.org/node/6659645013,"https://www.google.com/maps/search/?api=1&query=43.7155124,-79.7212319"
Gateway Newstands,shop:newsagent,,,,,,43.715751,-79.720777,node,6659686731,https://www.openstreetmap.org/node/6659686731,"https://www.google.com/maps/search/?api=1&query=43.7157508,-79.7207771"
Gateway Newstands,shop:newsagent,,,,,,43.715276,-79.721702,node,6661106801,https://www.openstreetmap.org/node/6661106801,"https://www.google.com/maps/search/?api=1&query=43.7152759,-79.7217016"
International News,shop:newsagent,,280,Guelph Street,,,43.648715,-79.899567,node,6533178861,https://www.openstreetmap.org/node/6533178861,"https://www.google.com/maps/search/?api=1&query=43.6487154,-79.8995666"
New York News,shop:newsagent,,,,,,43.347653,-79.794241,node,6629362797,https://www.openstreetmap.org/node/6629362797,"https://www.google.com/maps/search/?api=1&query=43.347653,-79.7942406"
GNC,shop:nutrition_supplements,,,,,,43.465190,-79.742790,node,2138422574,https://www.openstreetmap.org/node/2138422574,"https://www.google.com/maps/search/?api=1&query=43.4651901,-79.7427905"
GNC,shop:nutrition_supplements,,,,,,43.538235,-79.870961,node,2199853452,https://www.openstreetmap.org/node/2199853452,"https://www.google.com/maps/search/?api=1&query=43.5382355,-79.8709607"
GNC,shop:nutrition_supplements,,,,,,43.368364,-79.754385,node,3635872053,https://www.openstreetmap.org/node/3635872053,"https://www.google.com/maps/search/?api=1&query=43.3683645,-79.7543851"
GNC,shop:nutrition_supplements,,2000,Appleby Line,Burlington,L7L 7H7,43.394096,-79.791515,node,4684460976,https://www.openstreetmap.org/node/4684460976,"https://www.google.com/maps/search/?api=1&query=43.394096,-79.7915152"
GNC,shop:nutrition_supplements,,280,Guelph Street,,,43.648854,-79.899242,node,6533178866,https://www.openstreetmap.org/node/6533178866,"https://www.google.com/maps/search/?api=1&query=43.6488539,-79.8992424"
GNC,shop:nutrition_supplements,,,,,,43.348392,-79.794753,node,6629395286,https://www.openstreetmap.org/node/6629395286,"https://www.google.com/maps/search/?api=1&query=43.3483919,-79.7947527"
GNC,shop:nutrition_supplements,,,,,,43.714838,-79.721576,node,6659692324,https://www.openstreetmap.org/node/6659692324,"https://www.google.com/maps/search/?api=1&query=43.7148385,-79.7215757"
Kahma Supplements,shop:nutrition_supplements,,,,,,43.664213,-79.731635,node,13093236210,https://www.openstreetmap.org/node/13093236210,"https://www.google.com/maps/search/?api=1&query=43.6642133,-79.7316355"
Popeye's Supplements,shop:nutrition_supplements,,,,,,43.580597,-79.757642,node,3944582774,https://www.openstreetmap.org/node/3944582774,"https://www.google.com/maps/search/?api=1&query=43.5805966,-79.7576419"
Popeye's Supplements,shop:nutrition_supplements,,,,,,43.406687,-79.806232,node,7059201050,https://www.openstreetmap.org/node/7059201050,"https://www.google.com/maps/search/?api=1&query=43.4066872,-79.8062318"
SAF Medical Centre,shop:nutrition_supplements,,,,,,43.715406,-79.720969,node,6659692327,https://www.openstreetmap.org/node/6659692327,"https://www.google.com/maps/search/?api=1&query=43.7154055,-79.7209692"
Shoppers World Nutrition Centre,shop:nutrition_supplements,,,,,,43.665151,-79.736878,node,6566646157,https://www.openstreetmap.org/node/6566646157,"https://www.google.com/maps/search/?api=1&query=43.6651514,-79.7368776"
The Vitamin Store,shop:nutrition_supplements,,,,,,43.339555,-79.784769,node,7061242991,https://www.openstreetmap.org/node/7061242991,"https://www.google.com/maps/search/?api=1&query=43.3395547,-79.7847693"
3 for 1 Glasses,shop:optician,,,,,,43.387829,-79.794157,node,4682661701,https://www.openstreetmap.org/node/4682661701,"https://www.google.com/maps/search/?api=1&query=43.3878291,-79.7941572"
311 Glasses,shop:optician,,,,,,43.449160,-79.702846,node,3303223461,https://www.openstreetmap.org/node/3303223461,"https://www.google.com/maps/search/?api=1&query=43.4491605,-79.702846"
Abbey Eye Care,shop:optician,,,,,,43.450366,-79.758580,node,3899087297,https://www.openstreetmap.org/node/3899087297,"https://www.google.com/maps/search/?api=1&query=43.4503658,-79.75858"
Akal Optical,shop:optician,,,,,,43.672918,-79.821003,node,6546847845,https://www.openstreetmap.org/node/6546847845,"https://www.google.com/maps/search/?api=1&query=43.6729178,-79.8210027"
Apex Optical,shop:optician,,,,,,43.574420,-79.739498,node,1518757091,https://www.openstreetmap.org/node/1518757091,"https://www.google.com/maps/search/?api=1&query=43.5744196,-79.7394983"
Aziz Optical,shop:optician,,,,,,43.666209,-79.737611,node,6566674502,https://www.openstreetmap.org/node/6566674502,"https://www.google.com/maps/search/?api=1&query=43.6662091,-79.7376107"
Bella Optical,shop:optician,,,,,,43.632653,-79.769202,node,1930612161,https://www.openstreetmap.org/node/1930612161,"https://www.google.com/maps/search/?api=1&query=43.6326528,-79.769202"
Blink,shop:optician,,,,,,43.715665,-79.723450,node,6663083618,https://www.openstreetmap.org/node/6663083618,"https://www.google.com/maps/search/?api=1&query=43.7156654,-79.7234499"
Blink Visioncare,shop:optician,,,,,,43.663644,-79.730830,node,13093246280,https://www.openstreetmap.org/node/13093246280,"https://www.google.com/maps/search/?api=1&query=43.6636437,-79.7308296"
Blur Eyeware,shop:optician,,,,,,43.325021,-79.829633,node,7770695805,https://www.openstreetmap.org/node/7770695805,"https://www.google.com/maps/search/?api=1&query=43.3250213,-79.8296327"
Bonlook,shop:optician,,,,,,43.325772,-79.819944,node,6632463445,https://www.openstreetmap.org/node/6632463445,"https://www.google.com/maps/search/?api=1&query=43.3257716,-79.8199439"
Brampton’s Main Opticians,shop:optician,,,,,,43.681515,-79.764463,node,12569730611,https://www.openstreetmap.org/node/12569730611,"https://www.google.com/maps/search/?api=1&query=43.6815148,-79.7644632"
Burlington Optical,shop:optician,,,,,,43.318936,-79.835794,node,7768538714,https://www.openstreetmap.org/node/7768538714,"https://www.google.com/maps/search/?api=1&query=43.3189359,-79.8357936"
Chic Eyes,shop:optician,,,,,,43.715658,-79.721928,node,6660982620,https://www.openstreetmap.org/node/6660982620,"https://www.google.com/maps/search/?api=1&query=43.7156583,-79.7219278"
Cmax Optical,shop:optician,,,,,,43.724648,-79.813838,node,6571769036,https://www.openstreetmap.org/node/6571769036,"https://www.google.com/maps/search/?api=1&query=43.7246482,-79.8138382"
Dala Optical,shop:optician,+1-905-878-0553,88,Main Street East,Milton,,43.510280,-79.886023,node,2216850844,https://www.openstreetmap.org/node/2216850844,"https://www.google.com/maps/search/?api=1&query=43.5102797,-79.8860235"
Eagle Optical,shop:optician,,,,,,43.658859,-79.727305,node,13093255121,https://www.openstreetmap.org/node/13093255121,"https://www.google.com/maps/search/?api=1&query=43.6588592,-79.7273049"
Elsley Optical,shop:optician,,,,,,43.517864,-79.874666,node,6628654174,https://www.openstreetmap.org/node/6628654174,"https://www.google.com/maps/search/?api=1&query=43.5178642,-79.8746664"
Erin Mills Optical,shop:optician,,,,,,43.586943,-79.740677,node,4017888651,https://www.openstreetmap.org/node/4017888651,"https://www.google.com/maps/search/?api=1&query=43.5869432,-79.7406774"
Eye Q,shop:optician,,,,,,43.348493,-79.794875,node,6629331183,https://www.openstreetmap.org/node/6629331183,"https://www.google.com/maps/search/?api=1&query=43.3484935,-79.7948748"
Eyeconcept Luxury Eyewear,shop:optician,,,,,,43.575312,-79.831387,node,12247249289,https://www.openstreetmap.org/node/12247249289,"https://www.google.com/maps/search/?api=1&query=43.5753124,-79.8313872"
Eyeglass Gallery,shop:optician,,1250,Brant Street,Burlington,,43.342699,-79.828815,node,2168883183,https://www.openstreetmap.org/node/2168883183,"https://www.google.com/maps/search/?api=1&query=43.3426988,-79.8288146"
Eyewear by Elite Optique,shop:optician,+1-905-824-5295,,,,,43.592707,-79.764409,node,3415004621,https://www.openstreetmap.org/node/3415004621,"https://www.google.com/maps/search/?api=1&query=43.5927074,-79.764409"
Family Optical,shop:optician,,280,Guelph Street,,,43.648974,-79.898205,node,6533216832,https://www.openstreetmap.org/node/6533216832,"https://www.google.com/maps/search/?api=1&query=43.6489743,-79.8982053"
Focus Optical,shop:optician,,,,,,43.698112,-79.799306,node,4088350415,https://www.openstreetmap.org/node/4088350415,"https://www.google.com/maps/search/?api=1&query=43.6981124,-79.7993057"
Hakim Optical,shop:optician,,,,,,43.525547,-79.869092,node,724833450,https://www.openstreetmap.org/node/724833450,"https://www.google.com/maps/search/?api=1&query=43.5255466,-79.8690921"
Hakim Optical,shop:optician,,3029,Argentia Road,,,43.596195,-79.786056,node,1714830123,https://www.openstreetmap.org/node/1714830123,"https://www.google.com/maps/search/?api=1&query=43.5961952,-79.7860555"
Hakim Optical,shop:optician,,,,,,43.346433,-79.797156,node,1969236060,https://www.openstreetmap.org/node/1969236060,"https://www.google.com/maps/search/?api=1&query=43.3464327,-79.7971556"
Hakim Optical,shop:optician,,,,,,43.483356,-79.712899,node,1979554450,https://www.openstreetmap.org/node/1979554450,"https://www.google.com/maps/search/?api=1&query=43.4833555,-79.7128993"
Hakim Optical,shop:optician,,,,,,43.378416,-79.805365,node,3593724914,https://www.openstreetmap.org/node/3593724914,"https://www.google.com/maps/search/?api=1&query=43.3784158,-79.8053653"
Hakim Optical,shop:optician,,,,,,43.318224,-79.910061,node,4360258630,https://www.openstreetmap.org/node/4360258630,"https://www.google.com/maps/search/?api=1&query=43.3182243,-79.9100608"
Hakim Optical,shop:optician,,,,,,43.706936,-79.787443,node,6546951265,https://www.openstreetmap.org/node/6546951265,"https://www.google.com/maps/search/?api=1&query=43.7069362,-79.7874429"
Hakim Optical,shop:optician,,5100,Erin Mills Parkway,,,43.557739,-79.712625,node,6556389835,https://www.openstreetmap.org/node/6556389835,"https://www.google.com/maps/search/?api=1&query=43.5577394,-79.7126246"
Hakim Optical,shop:optician,,5100,Erin Mills Parkway,,,43.558011,-79.712780,node,6556389836,https://www.openstreetmap.org/node/6556389836,"https://www.google.com/maps/search/?api=1&query=43.5580115,-79.7127801"
Halton Eye Care,shop:optician,,,,,,43.466095,-79.746452,node,4868553924,https://www.openstreetmap.org/node/4868553924,"https://www.google.com/maps/search/?api=1&query=43.4660954,-79.746452"
iam optical,shop:optician,,,,,,43.696457,-79.749136,node,934384596,https://www.openstreetmap.org/node/934384596,"https://www.google.com/maps/search/?api=1&query=43.6964568,-79.749136"
Igo Optical,shop:optician,,,,,,43.637820,-79.728234,node,4011412250,https://www.openstreetmap.org/node/4011412250,"https://www.google.com/maps/search/?api=1&query=43.6378198,-79.7282341"
Ilusion Eye Care,shop:optician,,5100,Erin Mills Parkway,,,43.558912,-79.711821,node,6556429853,https://www.openstreetmap.org/node/6556429853,"https://www.google.com/maps/search/?api=1&query=43.5589115,-79.7118207"
Iris,shop:optician,,,,,,43.405974,-79.806371,node,7059201043,https://www.openstreetmap.org/node/7059201043,"https://www.google.com/maps/search/?api=1&query=43.4059736,-79.8063713"
Kanda Optical,shop:optician,,,,,,43.683917,-79.811760,node,6546847873,https://www.openstreetmap.org/node/6546847873,"https://www.google.com/maps/search/?api=1&query=43.6839175,-79.8117597"
LensCrafters,shop:optician,,5100,Erin Mills Parkway,,,43.557526,-79.712292,node,6556571723,https://www.openstreetmap.org/node/6556571723,"https://www.google.com/maps/search/?api=1&query=43.5575262,-79.7122921"
LensCrafters,shop:optician,,,,,,43.665636,-79.738003,node,6566674507,https://www.openstreetmap.org/node/6566674507,"https://www.google.com/maps/search/?api=1&query=43.6656356,-79.7380032"
LensCrafters,shop:optician,,,,,,43.327025,-79.820820,node,6632427693,https://www.openstreetmap.org/node/6632427693,"https://www.google.com/maps/search/?api=1&query=43.3270255,-79.8208198"
LensCrafters,shop:optician,,,,,,43.714842,-79.722955,node,6663083641,https://www.openstreetmap.org/node/6663083641,"https://www.google.com/maps/search/?api=1&query=43.714842,-79.7229548"
Meadowvale Optometry,shop:optician,,,,,,43.610201,-79.748344,node,1336836860,https://www.openstreetmap.org/node/1336836860,"https://www.google.com/maps/search/?api=1&query=43.610201,-79.748344"
Mint Eyecare,shop:optician,,169,Queen Street West,,,43.681854,-79.764057,node,12569649272,https://www.openstreetmap.org/node/12569649272,"https://www.google.com/maps/search/?api=1&query=43.6818544,-79.7640568"
Nu-Look Optical,shop:optician,+1 9058129800,,,,,43.598377,-79.783863,node,3976539731,https://www.openstreetmap.org/node/3976539731,"https://www.google.com/maps/search/?api=1&query=43.5983773,-79.7838626"
Oakley,shop:optician,,,,,,43.575831,-79.829454,node,6655571883,https://www.openstreetmap.org/node/6655571883,"https://www.google.com/maps/search/?api=1&query=43.5758309,-79.8294539"
Optical,shop:optician,,,,,,43.369359,-79.755466,node,3635878232,https://www.openstreetmap.org/node/3635878232,"https://www.google.com/maps/search/?api=1&query=43.3693587,-79.7554661"
Optical King,shop:optician,,,,,,43.682786,-79.803079,node,10746800780,https://www.openstreetmap.org/node/10746800780,"https://www.google.com/maps/search/?api=1&query=43.6827861,-79.8030791"
Optical Park,shop:optician,,,,,,43.716410,-79.721445,node,6659697176,https://www.openstreetmap.org/node/6659697176,"https://www.google.com/maps/search/?api=1&query=43.7164102,-79.7214451"
Optical Pulse,shop:optician,,,,,,43.664969,-79.781621,node,12810715918,https://www.openstreetmap.org/node/12810715918,"https://www.google.com/maps/search/?api=1&query=43.6649686,-79.7816206"
Optimeyes optical,shop:optician,,,,,,43.543384,-79.868826,node,1738484568,https://www.openstreetmap.org/node/1738484568,"https://www.google.com/maps/search/?api=1&query=43.5433844,-79.8688263"
Pearle Vision,shop:optician,,,,,,43.348777,-79.793290,node,6629375209,https://www.openstreetmap.org/node/6629375209,"https://www.google.com/maps/search/?api=1&query=43.3487774,-79.7932899"
Prism Eye Institute,shop:optician,+1-905-458-3937,,,,,43.660340,-79.726537,node,4876267321,https://www.openstreetmap.org/node/4876267321,"https://www.google.com/maps/search/?api=1&query=43.66034,-79.7265371"
Purba Vision,shop:optician,,,,,,43.393737,-79.823682,node,7060850397,https://www.openstreetmap.org/node/7060850397,"https://www.google.com/maps/search/?api=1&query=43.3937369,-79.8236822"
Sage Optical,shop:optician,+1 905-495-0613,,,,,43.720259,-79.781902,node,10783447342,https://www.openstreetmap.org/node/10783447342,"https://www.google.com/maps/search/?api=1&query=43.7202592,-79.7819018"
Sanger Optical,shop:optician,,,,,,43.395339,-79.710275,node,9813540055,https://www.openstreetmap.org/node/9813540055,"https://www.google.com/maps/search/?api=1&query=43.3953385,-79.7102751"
Smart Opticals,shop:optician,,,,,,43.583260,-79.729206,node,12865642500,https://www.openstreetmap.org/node/12865642500,"https://www.google.com/maps/search/?api=1&query=43.5832598,-79.7292058"
Specsavers,shop:optician,,,,,,43.580341,-79.757797,node,3944582783,https://www.openstreetmap.org/node/3944582783,"https://www.google.com/maps/search/?api=1&query=43.5803408,-79.7577971"
Specsavers,shop:optician,,5100,Erin Mills Parkway,,,43.558057,-79.711905,node,6557896319,https://www.openstreetmap.org/node/6557896319,"https://www.google.com/maps/search/?api=1&query=43.5580575,-79.7119046"
Specsavers,shop:optician,,,,,,43.666075,-79.738821,node,12569543156,https://www.openstreetmap.org/node/12569543156,"https://www.google.com/maps/search/?api=1&query=43.6660749,-79.7388211"
Sterling Optical,shop:optician,,,,,,43.412200,-79.706648,node,2796891070,https://www.openstreetmap.org/node/2796891070,"https://www.google.com/maps/search/?api=1&query=43.4122003,-79.706648"
Sunglass Hut,shop:optician,,,,,,43.715266,-79.722059,node,5561780118,https://www.openstreetmap.org/node/5561780118,"https://www.google.com/maps/search/?api=1&query=43.7152663,-79.722059"
Sunglass Hut,shop:optician,,,,,,43.326664,-79.820913,node,6632463436,https://www.openstreetmap.org/node/6632463436,"https://www.google.com/maps/search/?api=1&query=43.3266635,-79.8209132"
Sunglass Hut,shop:optician,,,,,,43.575626,-79.829697,node,6655571880,https://www.openstreetmap.org/node/6655571880,"https://www.google.com/maps/search/?api=1&query=43.5756258,-79.8296967"
Sunglass Hut,shop:optician,,,,,,43.576263,-79.830424,node,6655590004,https://www.openstreetmap.org/node/6655590004,"https://www.google.com/maps/search/?api=1&query=43.5762633,-79.8304244"
Sunglass Hut,shop:optician,,,,,,43.325935,-79.820381,node,11425966870,https://www.openstreetmap.org/node/11425966870,"https://www.google.com/maps/search/?api=1&query=43.3259354,-79.8203814"
The Eyeglass Shoppe,shop:optician,,,,,,43.379936,-79.808018,node,7060771070,https://www.openstreetmap.org/node/7060771070,"https://www.google.com/maps/search/?api=1&query=43.3799365,-79.8080179"
Theodore & Pringle Optical,shop:optician,,,,,,43.595822,-79.784387,node,12869449467,https://www.openstreetmap.org/node/12869449467,"https://www.google.com/maps/search/?api=1&query=43.595822,-79.7843867"
Trendz,shop:optician,,,,,,43.715291,-79.721182,node,6659686727,https://www.openstreetmap.org/node/6659686727,"https://www.google.com/maps/search/?api=1&query=43.7152913,-79.7211815"
Vina Vision Optical,shop:optician,,,,,,43.702640,-79.785834,node,6546873275,https://www.openstreetmap.org/node/6546873275,"https://www.google.com/maps/search/?api=1&query=43.7026404,-79.7858343"
Vision Express,shop:optician,,,,,,43.698633,-79.823068,node,2324930406,https://www.openstreetmap.org/node/2324930406,"https://www.google.com/maps/search/?api=1&query=43.6986328,-79.8230681"
Vogue Optical,shop:optician,,,,,,43.348011,-79.794521,node,6629331180,https://www.openstreetmap.org/node/6629331180,"https://www.google.com/maps/search/?api=1&query=43.348011,-79.7945209"
Vogue Optical,shop:optician,,,,,,43.326836,-79.820705,node,6632427696,https://www.openstreetmap.org/node/6632427696,"https://www.google.com/maps/search/?api=1&query=43.3268362,-79.8207045"
Mountain Warehouse,shop:outdoor,,,,,,43.327055,-79.821032,node,6632427688,https://www.openstreetmap.org/node/6632427688,"https://www.google.com/maps/search/?api=1&query=43.3270547,-79.8210317"
Mountain Warehouse,shop:outdoor,,,,,,43.575948,-79.828185,node,6655491681,https://www.openstreetmap.org/node/6655491681,"https://www.google.com/maps/search/?api=1&query=43.5759477,-79.8281847"
Benjamin Moore,shop:paint,,,,,,43.685474,-79.759192,node,2305097028,https://www.openstreetmap.org/node/2305097028,"https://www.google.com/maps/search/?api=1&query=43.6854738,-79.7591916"
Benjamin Moore,shop:paint,,,,,,43.684350,-79.812808,node,6546847864,https://www.openstreetmap.org/node/6546847864,"https://www.google.com/maps/search/?api=1&query=43.6843503,-79.8128079"
Benjamin Moore,shop:paint,,,,,,43.714903,-79.780032,node,6547160022,https://www.openstreetmap.org/node/6547160022,"https://www.google.com/maps/search/?api=1&query=43.7149027,-79.780032"
Benjamin Moore,shop:paint,,,,,,43.371826,-79.761349,node,7060674439,https://www.openstreetmap.org/node/7060674439,"https://www.google.com/maps/search/?api=1&query=43.3718264,-79.7613489"
Benjamin Moore,shop:paint,,,,,,43.379426,-79.808650,node,7060771065,https://www.openstreetmap.org/node/7060771065,"https://www.google.com/maps/search/?api=1&query=43.3794256,-79.8086496"
Benjamin Moore,shop:paint,,,,,,43.353623,-79.785761,node,7061164022,https://www.openstreetmap.org/node/7061164022,"https://www.google.com/maps/search/?api=1&query=43.3536228,-79.7857606"
Benjamin Moore,shop:paint,,,,,,43.483349,-79.721198,node,8975636926,https://www.openstreetmap.org/node/8975636926,"https://www.google.com/maps/search/?api=1&query=43.4833486,-79.7211984"
Benjamin Moore,shop:paint,,,,,,43.303759,-79.857365,node,9705809997,https://www.openstreetmap.org/node/9705809997,"https://www.google.com/maps/search/?api=1&query=43.303759,-79.857365"
Benjamin Moore,shop:paint,,,,,,43.512576,-79.885002,node,10934196798,https://www.openstreetmap.org/node/10934196798,"https://www.google.com/maps/search/?api=1&query=43.5125759,-79.8850019"
Benjamin Moore,shop:paint,,,,,,43.631657,-79.875791,node,10956928694,https://www.openstreetmap.org/node/10956928694,"https://www.google.com/maps/search/?api=1&query=43.6316573,-79.8757909"
Bergsma Paint & Wallpaper,shop:paint,,280,Guelph Street,,,43.648820,-79.898628,node,6533178868,https://www.openstreetmap.org/node/6533178868,"https://www.google.com/maps/search/?api=1&query=43.64882,-79.8986284"
Dulux Paints,shop:paint,,,,,,43.527234,-79.867134,node,725881743,https://www.openstreetmap.org/node/725881743,"https://www.google.com/maps/search/?api=1&query=43.5272343,-79.8671341"
Dulux Paints,shop:paint,,,,,,43.698888,-79.746489,node,2215448971,https://www.openstreetmap.org/node/2215448971,"https://www.google.com/maps/search/?api=1&query=43.698888,-79.7464892"
Dulux Paints,shop:paint,,6750,Winston Churchill Boulevard,,,43.582523,-79.764859,node,3440055623,https://www.openstreetmap.org/node/3440055623,"https://www.google.com/maps/search/?api=1&query=43.5825228,-79.7648589"
Dulux Paints,shop:paint,,,,,,43.397667,-79.797172,node,3522536688,https://www.openstreetmap.org/node/3522536688,"https://www.google.com/maps/search/?api=1&query=43.3976675,-79.7971715"
Dulux Paints,shop:paint,,,,,,43.682056,-79.815404,node,6546847857,https://www.openstreetmap.org/node/6546847857,"https://www.google.com/maps/search/?api=1&query=43.6820556,-79.8154043"
Dulux Paints,shop:paint,,,,,,43.360759,-79.779351,node,7061209087,https://www.openstreetmap.org/node/7061209087,"https://www.google.com/maps/search/?api=1&query=43.3607594,-79.7793514"
Dulux Paints,shop:paint,,,,,,43.649915,-79.904989,node,10981542093,https://www.openstreetmap.org/node/10981542093,"https://www.google.com/maps/search/?api=1&query=43.6499149,-79.9049892"
Sherwin-Williams,shop:paint,,,,,,43.527321,-79.868041,node,2204624824,https://www.openstreetmap.org/node/2204624824,"https://www.google.com/maps/search/?api=1&query=43.527321,-79.8680409"
Sherwin-Williams,shop:paint,,,,,,43.707231,-79.786058,node,2753033274,https://www.openstreetmap.org/node/2753033274,"https://www.google.com/maps/search/?api=1&query=43.7072312,-79.7860584"
Sherwin-Williams,shop:paint,,,,,,43.665554,-79.781973,node,3220342886,https://www.openstreetmap.org/node/3220342886,"https://www.google.com/maps/search/?api=1&query=43.6655542,-79.7819734"
Sherwin-Williams,shop:paint,,,,,,43.583046,-79.761861,node,3410842301,https://www.openstreetmap.org/node/3410842301,"https://www.google.com/maps/search/?api=1&query=43.5830463,-79.7618615"
Sherwin-Williams,shop:paint,+1-905-257-1011,2501,Prince Michael Drive,Oakville,L6H 0E9,43.497464,-79.706672,node,3711239497,https://www.openstreetmap.org/node/3711239497,"https://www.google.com/maps/search/?api=1&query=43.4974637,-79.7066716"
Sherwin-Williams,shop:paint,,,,,,43.354096,-79.784840,node,3868398489,https://www.openstreetmap.org/node/3868398489,"https://www.google.com/maps/search/?api=1&query=43.3540961,-79.7848399"
Sherwin-Williams,shop:paint,,,,,,43.331884,-79.898170,node,7196277786,https://www.openstreetmap.org/node/7196277786,"https://www.google.com/maps/search/?api=1&query=43.3318843,-79.8981699"
Sherwin-Williams,shop:paint,,,,,,43.402895,-79.801596,node,7779697316,https://www.openstreetmap.org/node/7779697316,"https://www.google.com/maps/search/?api=1&query=43.4028952,-79.8015963"
Sherwin-Williams,shop:paint,,,,,,43.651253,-79.903615,node,10982436505,https://www.openstreetmap.org/node/10982436505,"https://www.google.com/maps/search/?api=1&query=43.6512527,-79.9036149"
Sherwin-Williams,shop:paint,,,,,,43.691303,-79.735682,node,13041190945,https://www.openstreetmap.org/node/13041190945,"https://www.google.com/maps/search/?api=1&query=43.6913033,-79.7356822"
Spectrum Paint,shop:paint,,,,,,43.691881,-79.704190,node,9777667522,https://www.openstreetmap.org/node/9777667522,"https://www.google.com/maps/search/?api=1&query=43.6918808,-79.7041896"
Standard Paint and Wallpaper,shop:paint,,2279,Fairview Street,Burlington,L7R 2E3,43.342919,-79.803632,node,6287442113,https://www.openstreetmap.org/node/6287442113,"https://www.google.com/maps/search/?api=1&query=43.3429193,-79.8036321"
Trendos Interiors,shop:paint,,,,,,43.650638,-79.927379,node,10981528811,https://www.openstreetmap.org/node/10981528811,"https://www.google.com/maps/search/?api=1&query=43.6506378,-79.9273792"
Milton Balloons & Party Plus,shop:party,+1-289-878-4441,1268,Main Street East,Milton,,43.534160,-79.860123,node,3348659230,https://www.openstreetmap.org/node/3348659230,"https://www.google.com/maps/search/?api=1&query=43.5341605,-79.8601233"
Party City,shop:party,,1215,Maple Avenue,Milton,,43.539311,-79.866872,node,2258380879,https://www.openstreetmap.org/node/2258380879,"https://www.google.com/maps/search/?api=1&query=43.5393111,-79.8668715"
Party City,shop:party,,,,,,43.354176,-79.787034,node,7061164028,https://www.openstreetmap.org/node/7061164028,"https://www.google.com/maps/search/?api=1&query=43.3541764,-79.7870338"
Spirit Halloween,shop:party,,,,,,43.715985,-79.724432,node,12329116257,https://www.openstreetmap.org/node/12329116257,"https://www.google.com/maps/search/?api=1&query=43.7159853,-79.7244319"
Mrs. Fields,shop:pastry,,5100,Erin Mills Parkway,,,43.558285,-79.711789,node,6557896309,https://www.openstreetmap.org/node/6557896309,"https://www.google.com/maps/search/?api=1&query=43.5582852,-79.711789"
Mrs. Fields,shop:pastry,,,,,,43.715274,-79.721612,node,6661106802,https://www.openstreetmap.org/node/6661106802,"https://www.google.com/maps/search/?api=1&query=43.7152743,-79.7216123"
Nothing Bundt Cakes,shop:pastry,+1-289-245-1211,3350,Fairview Street,Burlington,L7N 3L5,43.354377,-79.784421,node,5369545430,https://www.openstreetmap.org/node/5369545430,"https://www.google.com/maps/search/?api=1&query=43.3543766,-79.7844207"
That Pie Place,shop:pastry,,4155,Fairview Street,Burlington,L7L 2A4,43.364734,-79.775707,node,7243674296,https://www.openstreetmap.org/node/7243674296,"https://www.google.com/maps/search/?api=1&query=43.3647341,-79.7757068"
Buy n Sell City,shop:pawnbroker,+1-905-633-9533,,,,,43.331040,-79.819714,node,3364109894,https://www.openstreetmap.org/node/3364109894,"https://www.google.com/maps/search/?api=1&query=43.3310396,-79.8197142"
Pawn Kings,shop:pawnbroker,,,,,,43.686756,-79.761312,node,9008406125,https://www.openstreetmap.org/node/9008406125,"https://www.google.com/maps/search/?api=1&query=43.686756,-79.7613116"
Aura Fragrences,shop:perfumery,,,,,,43.666633,-79.738507,node,6566641254,https://www.openstreetmap.org/node/6566641254,"https://www.google.com/maps/search/?api=1&query=43.6666328,-79.7385075"
ID Perfumes,shop:perfumery,,,,,,43.666275,-79.738935,node,6566785625,https://www.openstreetmap.org/node/6566785625,"https://www.google.com/maps/search/?api=1&query=43.6662753,-79.7389353"
Perfume Express,shop:perfumery,,,,,,43.665195,-79.737071,node,13859313381,https://www.openstreetmap.org/node/13859313381,"https://www.google.com/maps/search/?api=1&query=43.665195,-79.7370711"
Perfume Shop,shop:perfumery,,5100,Erin Mills Parkway,,,43.558574,-79.711699,node,6556403976,https://www.openstreetmap.org/node/6556403976,"https://www.google.com/maps/search/?api=1&query=43.5585742,-79.7116987"
Perfume Warehouse,shop:perfumery,,,,,,43.715346,-79.721133,node,6659686726,https://www.openstreetmap.org/node/6659686726,"https://www.google.com/maps/search/?api=1&query=43.7153463,-79.7211335"
Perfumes 4U,shop:perfumery,,,,,,43.575682,-79.829628,node,6655571881,https://www.openstreetmap.org/node/6655571881,"https://www.google.com/maps/search/?api=1&query=43.5756822,-79.8296283"
Shoppers Drug Mart,shop:perfumery,,,,,,43.699463,-79.821617,node,10884205273,https://www.openstreetmap.org/node/10884205273,"https://www.google.com/maps/search/?api=1&query=43.699463,-79.8216172"
Back to the Bone,shop:pet,,,,,,43.488712,-79.717157,node,12893754755,https://www.openstreetmap.org/node/12893754755,"https://www.google.com/maps/search/?api=1&query=43.4887124,-79.7171573"
Bark & Fitz,shop:pet,,,,,,43.497693,-79.706417,node,4870843994,https://www.openstreetmap.org/node/4870843994,"https://www.google.com/maps/search/?api=1&query=43.497693,-79.7064174"
Bark Avenue Spaw,shop:pet,,,,,,43.705085,-79.835215,node,3475165047,https://www.openstreetmap.org/node/3475165047,"https://www.google.com/maps/search/?api=1&query=43.7050847,-79.8352151"
Canadian Pet Connection,shop:pet,,,,,,43.437179,-79.740645,node,1960821073,https://www.openstreetmap.org/node/1960821073,"https://www.google.com/maps/search/?api=1&query=43.4371792,-79.7406455"
Carlisie Pet Foods,shop:pet,,,,,,43.393880,-79.979583,node,13480961554,https://www.openstreetmap.org/node/13480961554,"https://www.google.com/maps/search/?api=1&query=43.3938802,-79.9795834"
Close Bark & Fitz North Burlington,shop:pet,,2500,Appleby Line,Burlington,L7L 0A2,43.405054,-79.807681,node,7460862841,https://www.openstreetmap.org/node/7460862841,"https://www.google.com/maps/search/?api=1&query=43.4050542,-79.8076813"
Furs on Us Grooming Salon,shop:pet,+1-905-846-0505,,,,,43.709950,-79.811058,node,2498602796,https://www.openstreetmap.org/node/2498602796,"https://www.google.com/maps/search/?api=1&query=43.7099503,-79.811058"
Global Pet Foods,shop:pet,,,,,,43.517507,-79.877969,node,724847016,https://www.openstreetmap.org/node/724847016,"https://www.google.com/maps/search/?api=1&query=43.517507,-79.8779689"
Global Pet Foods,shop:pet,,,,,,43.724237,-79.814464,node,1918832246,https://www.openstreetmap.org/node/1918832246,"https://www.google.com/maps/search/?api=1&query=43.7242365,-79.8144637"
Global Pet Foods,shop:pet,,,,,,43.508812,-79.837810,node,2215544941,https://www.openstreetmap.org/node/2215544941,"https://www.google.com/maps/search/?api=1&query=43.5088123,-79.8378099"
Global Pet Foods,shop:pet,,,,,,43.367703,-79.755201,node,3997758988,https://www.openstreetmap.org/node/3997758988,"https://www.google.com/maps/search/?api=1&query=43.3677025,-79.7552005"
Global Pet Foods,shop:pet,,,,,,43.649249,-79.895607,node,4616679082,https://www.openstreetmap.org/node/4616679082,"https://www.google.com/maps/search/?api=1&query=43.6492486,-79.8956071"
Global Pet Foods,shop:pet,,,,,,43.681996,-79.815302,node,6546847858,https://www.openstreetmap.org/node/6546847858,"https://www.google.com/maps/search/?api=1&query=43.6819965,-79.8153023"
Global Pet Foods,shop:pet,,,,,,43.517673,-79.874368,node,6628654176,https://www.openstreetmap.org/node/6628654176,"https://www.google.com/maps/search/?api=1&query=43.5176726,-79.8743676"
Global Pet Foods,shop:pet,,,,,,43.389867,-79.823053,node,7060846676,https://www.openstreetmap.org/node/7060846676,"https://www.google.com/maps/search/?api=1&query=43.3898672,-79.8230529"
Global Pet Foods,shop:pet,,,,,,43.331587,-79.898525,node,7196261783,https://www.openstreetmap.org/node/7196261783,"https://www.google.com/maps/search/?api=1&query=43.3315872,-79.8985247"
Global Pet Foods,shop:pet,,6740,Meadowvale Town Centre Circle,,,43.583745,-79.761622,node,8968933649,https://www.openstreetmap.org/node/8968933649,"https://www.google.com/maps/search/?api=1&query=43.5837445,-79.7616223"
Global Pet Foods,shop:pet,,,,,,43.639978,-79.715281,node,11737935349,https://www.openstreetmap.org/node/11737935349,"https://www.google.com/maps/search/?api=1&query=43.6399781,-79.715281"
Global Pet Foods,shop:pet,,,,,,43.659340,-79.724871,node,12569499130,https://www.openstreetmap.org/node/12569499130,"https://www.google.com/maps/search/?api=1&query=43.6593402,-79.7248706"
Oliver Pets & Co,shop:pet,,,,,,43.449719,-79.702636,node,1862505924,https://www.openstreetmap.org/node/1862505924,"https://www.google.com/maps/search/?api=1&query=43.4497186,-79.7026363"
Pet Max,shop:pet,,,,,,43.373462,-79.810008,node,7061051896,https://www.openstreetmap.org/node/7061051896,"https://www.google.com/maps/search/?api=1&query=43.3734616,-79.8100081"
Pet Valu,shop:pet,,6040,Glen Erin Drive,,,43.574594,-79.739275,node,12865608077,https://www.openstreetmap.org/node/12865608077,"https://www.google.com/maps/search/?api=1&query=43.5745936,-79.7392748"
PetSmart,shop:pet,,3105,Argentia Road,,,43.597969,-79.787646,node,1714830155,https://www.openstreetmap.org/node/1714830155,"https://www.google.com/maps/search/?api=1&query=43.5979688,-79.7876464"
PetSmart,shop:pet,,2311,Appleby Line,Burlington,L7L 0J3,43.403405,-79.802254,node,3500013767,https://www.openstreetmap.org/node/3500013767,"https://www.google.com/maps/search/?api=1&query=43.4034053,-79.8022536"
PetSmart,shop:pet,,,,,,43.650108,-79.887059,node,4280402746,https://www.openstreetmap.org/node/4280402746,"https://www.google.com/maps/search/?api=1&query=43.6501078,-79.8870589"
PetSmart,shop:pet,,1085,Maple Avenue,Milton,,43.537958,-79.873088,node,5921580564,https://www.openstreetmap.org/node/5921580564,"https://www.google.com/maps/search/?api=1&query=43.537958,-79.8730882"
PetSmart,shop:pet,,,,,,43.676304,-79.719375,node,7325964478,https://www.openstreetmap.org/node/7325964478,"https://www.google.com/maps/search/?api=1&query=43.6763037,-79.7193754"
Planted Aquaria,shop:pet,,,,,,43.396780,-79.708878,node,9813319550,https://www.openstreetmap.org/node/9813319550,"https://www.google.com/maps/search/?api=1&query=43.39678,-79.7088783"
Ren's Pet Depot,shop:pet,,,,,,43.317553,-79.909080,node,2620558057,https://www.openstreetmap.org/node/2620558057,"https://www.google.com/maps/search/?api=1&query=43.3175532,-79.9090801"
Ren's Pets,shop:pet,,,,,,43.447735,-79.703606,node,11147296001,https://www.openstreetmap.org/node/11147296001,"https://www.google.com/maps/search/?api=1&query=43.4477351,-79.7036064"
Ruffin's Pet Centre,shop:pet,,,,,,43.650368,-79.911285,node,6535783946,https://www.openstreetmap.org/node/6535783946,"https://www.google.com/maps/search/?api=1&query=43.6503676,-79.9112852"
TailBlazers,shop:pet,,,,,,43.395286,-79.710337,node,9813540056,https://www.openstreetmap.org/node/9813540056,"https://www.google.com/maps/search/?api=1&query=43.3952859,-79.7103368"
Wag-a-Way,shop:pet,,,,,,43.478110,-79.706819,node,2139719730,https://www.openstreetmap.org/node/2139719730,"https://www.google.com/maps/search/?api=1&query=43.4781096,-79.7068193"
Fur Babies Dog Grooming,shop:pet_grooming,,,,,,43.713780,-79.746004,node,6547925945,https://www.openstreetmap.org/node/6547925945,"https://www.google.com/maps/search/?api=1&query=43.7137799,-79.7460038"
Paws and Spa Grooming Salon,shop:pet_grooming,,,,,,43.523946,-79.870906,node,725881780,https://www.openstreetmap.org/node/725881780,"https://www.google.com/maps/search/?api=1&query=43.5239464,-79.870906"
Pet Perfection Grooming,shop:pet_grooming,,,,,,43.518408,-79.890258,node,10934176504,https://www.openstreetmap.org/node/10934176504,"https://www.google.com/maps/search/?api=1&query=43.5184084,-79.8902577"
Pet Spaw,shop:pet_grooming,,,,,,43.682074,-79.779888,node,8712940394,https://www.openstreetmap.org/node/8712940394,"https://www.google.com/maps/search/?api=1&query=43.6820736,-79.7798876"
Pets N Groom,shop:pet_grooming,,,,,,43.375796,-79.835947,node,6173884601,https://www.openstreetmap.org/node/6173884601,"https://www.google.com/maps/search/?api=1&query=43.3757965,-79.8359474"
Erin Mills Photo,shop:photo,,5100,Erin Mills Parkway,,,43.558388,-79.711482,node,6556389820,https://www.openstreetmap.org/node/6556389820,"https://www.google.com/maps/search/?api=1&query=43.5583878,-79.7114817"
Georgetown Photo,shop:photo,,280,Guelph Street,,,43.648645,-79.898129,node,6533199664,https://www.openstreetmap.org/node/6533199664,"https://www.google.com/maps/search/?api=1&query=43.6486453,-79.8981287"
Halton Camera Exchange,shop:photo,,,,,,43.650368,-79.911999,node,6535783958,https://www.openstreetmap.org/node/6535783958,"https://www.google.com/maps/search/?api=1&query=43.6503676,-79.9119987"
Mehboob Studio,shop:photo,,,,,,43.702417,-79.786072,node,6546873280,https://www.openstreetmap.org/node/6546873280,"https://www.google.com/maps/search/?api=1&query=43.7024174,-79.7860716"
Milton Foto Source,shop:photo,,,,,,43.517950,-79.875046,node,6628676233,https://www.openstreetmap.org/node/6628676233,"https://www.google.com/maps/search/?api=1&query=43.5179497,-79.8750465"
Photo+,shop:photo,,,,,,43.715295,-79.723139,node,6660982636,https://www.openstreetmap.org/node/6660982636,"https://www.google.com/maps/search/?api=1&query=43.7152951,-79.7231388"
Picture Source,shop:photo,,,,,,43.518115,-79.874613,node,6628676240,https://www.openstreetmap.org/node/6628676240,"https://www.google.com/maps/search/?api=1&query=43.5181148,-79.8746135"
Paint your own Pottery,shop:pottery,,5602,Tenth Line West,,,43.558555,-79.743930,node,3758234916,https://www.openstreetmap.org/node/3758234916,"https://www.google.com/maps/search/?api=1&query=43.5585552,-79.7439302"
Paint your own Pottery,shop:pottery,,,,,,43.450068,-79.758183,node,3898585070,https://www.openstreetmap.org/node/3898585070,"https://www.google.com/maps/search/?api=1&query=43.4500683,-79.758183"
Island Inkjet,shop:printer_ink,,,,,,43.715587,-79.720848,node,6659686722,https://www.openstreetmap.org/node/6659686722,"https://www.google.com/maps/search/?api=1&query=43.7155875,-79.7208475"
Cat Rentals,shop:rental,,,,,,43.525300,-79.890543,node,2196585448,https://www.openstreetmap.org/node/2196585448,"https://www.google.com/maps/search/?api=1&query=43.5253002,-79.8905428"
Ryder,shop:rental,,,,,,43.390336,-79.743794,node,2022283926,https://www.openstreetmap.org/node/2022283926,"https://www.google.com/maps/search/?api=1&query=43.3903365,-79.7437936"
Ryder,shop:rental,+1-905-335-3807,3407,North Service Road,Burlington,L7N 3G2,43.364005,-79.792593,node,2611776911,https://www.openstreetmap.org/node/2611776911,"https://www.google.com/maps/search/?api=1&query=43.364005,-79.7925929"
Maxx Auto Collision,shop:repair,+1 4168047684,170,Glidden Road,,,43.688909,-79.724798,node,9656743650,https://www.openstreetmap.org/node/9656743650,"https://www.google.com/maps/search/?api=1&query=43.6889091,-79.7247984"
Woven Concept Rug Gallery,shop:rug,,,,,,43.449635,-79.702709,node,1916041128,https://www.openstreetmap.org/node/1916041128,"https://www.google.com/maps/search/?api=1&query=43.4496348,-79.7027095"
Afrasia Safety Products,shop:safety,,,,,,43.691591,-79.704500,node,9777667520,https://www.openstreetmap.org/node/9777667520,"https://www.google.com/maps/search/?api=1&query=43.6915914,-79.7045001"
Dave's Fish Market,shop:seafood,,,,,,43.323961,-79.830508,node,7770697123,https://www.openstreetmap.org/node/7770697123,"https://www.google.com/maps/search/?api=1&query=43.3239606,-79.8305077"
Bomar Bargain Barn,shop:second_hand,,311,Steeles Avenue East,Milton,,43.524119,-79.891941,node,3757636930,https://www.openstreetmap.org/node/3757636930,"https://www.google.com/maps/search/?api=1&query=43.5241187,-79.8919414"
Fly by Night Antiques and Books,shop:second_hand,,,,,,43.333504,-79.809911,node,7859139259,https://www.openstreetmap.org/node/7859139259,"https://www.google.com/maps/search/?api=1&query=43.3335041,-79.8099111"
Goodwill Value Centre,shop:second_hand,,,,,,43.354916,-79.769020,node,3422254793,https://www.openstreetmap.org/node/3422254793,"https://www.google.com/maps/search/?api=1&query=43.3549158,-79.7690205"
Mission Thrift Store,shop:second_hand,,,,,,43.353947,-79.787261,node,12925825351,https://www.openstreetmap.org/node/12925825351,"https://www.google.com/maps/search/?api=1&query=43.3539466,-79.7872614"
Talize,shop:second_hand,,,,,,43.677311,-79.718493,node,7325964480,https://www.openstreetmap.org/node/7325964480,"https://www.google.com/maps/search/?api=1&query=43.677311,-79.7184926"
Treasure Hunt,shop:second_hand,,,,,,43.690775,-79.707964,node,9777666393,https://www.openstreetmap.org/node/9777666393,"https://www.google.com/maps/search/?api=1&query=43.6907745,-79.7079642"
Value Village,shop:second_hand,,,,,,43.706620,-79.734497,node,6226609541,https://www.openstreetmap.org/node/6226609541,"https://www.google.com/maps/search/?api=1&query=43.7066198,-79.7344972"
Value Village,shop:second_hand,,,,,,43.665115,-79.735867,node,10746743594,https://www.openstreetmap.org/node/10746743594,"https://www.google.com/maps/search/?api=1&query=43.6651153,-79.7358667"
Singer Sewing,shop:sewing,,,,,,43.666487,-79.739344,node,6566641266,https://www.openstreetmap.org/node/6566641266,"https://www.google.com/maps/search/?api=1&query=43.6664873,-79.7393442"
Specialized Sewing,shop:sewing,,,,,,43.666459,-79.739472,node,6566641274,https://www.openstreetmap.org/node/6566641274,"https://www.google.com/maps/search/?api=1&query=43.6664591,-79.7394716"
Purolator,shop:shipping,,,,,,43.448981,-79.702688,node,1916053795,https://www.openstreetmap.org/node/1916053795,"https://www.google.com/maps/search/?api=1&query=43.448981,-79.702688"
Aldo,shop:shoes,,,,,,43.716088,-79.722876,node,5483759861,https://www.openstreetmap.org/node/5483759861,"https://www.google.com/maps/search/?api=1&query=43.7160885,-79.7228762"
Aldo,shop:shoes,,5100,Erin Mills Parkway,,,43.558729,-79.712086,node,6556405147,https://www.openstreetmap.org/node/6556405147,"https://www.google.com/maps/search/?api=1&query=43.5587289,-79.7120859"
Aldo,shop:shoes,,,,,,43.666279,-79.737430,node,6566674500,https://www.openstreetmap.org/node/6566674500,"https://www.google.com/maps/search/?api=1&query=43.6662792,-79.7374297"
Aldo,shop:shoes,,,,,,43.326563,-79.820845,node,6632463437,https://www.openstreetmap.org/node/6632463437,"https://www.google.com/maps/search/?api=1&query=43.3265627,-79.8208454"
Aldo,shop:shoes,,,,,,43.574593,-79.829894,node,6655621191,https://www.openstreetmap.org/node/6655621191,"https://www.google.com/maps/search/?api=1&query=43.5745934,-79.8298938"
Aldo Outlet,shop:shoes,,,,,,43.732142,-79.766067,node,1914199472,https://www.openstreetmap.org/node/1914199472,"https://www.google.com/maps/search/?api=1&query=43.7321416,-79.7660671"
Amber,shop:shoes,,5100,Erin Mills Parkway,,,43.558857,-79.712465,node,6556571739,https://www.openstreetmap.org/node/6556571739,"https://www.google.com/maps/search/?api=1&query=43.5588573,-79.7124655"
ASICS,shop:shoes,,,,,,43.576125,-79.829112,node,6655571878,https://www.openstreetmap.org/node/6655571878,"https://www.google.com/maps/search/?api=1&query=43.5761252,-79.8291119"
BioPed,shop:shoes,+1 9057853800,3029,Argentia Road,,,43.596148,-79.785988,node,1714830066,https://www.openstreetmap.org/node/1714830066,"https://www.google.com/maps/search/?api=1&query=43.5961477,-79.7859879"
Blackwell Supply Co.,shop:shoes,,,,,,43.325627,-79.820123,node,6632452570,https://www.openstreetmap.org/node/6632452570,"https://www.google.com/maps/search/?api=1&query=43.3256266,-79.820123"
Boardwalk Shoes,shop:shoes,,,,,,43.666169,-79.738718,node,6566848323,https://www.openstreetmap.org/node/6566848323,"https://www.google.com/maps/search/?api=1&query=43.6661692,-79.7387181"
Bos & Co,shop:shoes,,,,,,43.352999,-79.786688,node,7061164017,https://www.openstreetmap.org/node/7061164017,"https://www.google.com/maps/search/?api=1&query=43.3529992,-79.7866879"
Brown's Outlet,shop:shoes,,,,,,43.575601,-79.828556,node,6655572385,https://www.openstreetmap.org/node/6655572385,"https://www.google.com/maps/search/?api=1&query=43.5756007,-79.8285558"
Browns,shop:shoes,,,,,,43.326323,-79.820591,node,6632427703,https://www.openstreetmap.org/node/6632427703,"https://www.google.com/maps/search/?api=1&query=43.326323,-79.8205912"
Browns,shop:shoes,,,,,,43.716580,-79.722331,node,6661062691,https://www.openstreetmap.org/node/6661062691,"https://www.google.com/maps/search/?api=1&query=43.7165797,-79.7223311"
Burlington Orthotic Centre,shop:shoes,,,,,,43.378118,-79.805669,node,4089317886,https://www.openstreetmap.org/node/4089317886,"https://www.google.com/maps/search/?api=1&query=43.378118,-79.8056688"
Call It Spring,shop:shoes,,5100,Erin Mills Parkway,,,43.558673,-79.712348,node,6556389812,https://www.openstreetmap.org/node/6556389812,"https://www.google.com/maps/search/?api=1&query=43.5586728,-79.7123484"
Call It Spring,shop:shoes,,,,,,43.325349,-79.819841,node,6632452566,https://www.openstreetmap.org/node/6632452566,"https://www.google.com/maps/search/?api=1&query=43.3253487,-79.8198411"
Call It Spring,shop:shoes,,,,,,43.576313,-79.828267,node,6655572403,https://www.openstreetmap.org/node/6655572403,"https://www.google.com/maps/search/?api=1&query=43.5763128,-79.828267"
Call It Spring,shop:shoes,,,,,,43.715758,-79.721827,node,6659733485,https://www.openstreetmap.org/node/6659733485,"https://www.google.com/maps/search/?api=1&query=43.7157579,-79.7218273"
Call It Spring,shop:shoes,,,,,,43.665989,-79.738687,node,13859313386,https://www.openstreetmap.org/node/13859313386,"https://www.google.com/maps/search/?api=1&query=43.6659894,-79.7386872"
Clarks,shop:shoes,,,,,,43.326112,-79.820177,node,6632463424,https://www.openstreetmap.org/node/6632463424,"https://www.google.com/maps/search/?api=1&query=43.3261122,-79.8201773"
Coco Shoes,shop:shoes,,5100,Erin Mills Parkway,,,43.557982,-79.712340,node,6556571727,https://www.openstreetmap.org/node/6556571727,"https://www.google.com/maps/search/?api=1&query=43.5579817,-79.7123398"
Coco Shoes,shop:shoes,,,,,,43.715097,-79.722238,node,6661106808,https://www.openstreetmap.org/node/6661106808,"https://www.google.com/maps/search/?api=1&query=43.7150974,-79.7222382"
Cole Haan,shop:shoes,,,,,,43.575632,-79.828893,node,6655572393,https://www.openstreetmap.org/node/6655572393,"https://www.google.com/maps/search/?api=1&query=43.575632,-79.8288932"
Crocs,shop:shoes,,,,,,43.576205,-79.829026,node,6655571877,https://www.openstreetmap.org/node/6655571877,"https://www.google.com/maps/search/?api=1&query=43.5762049,-79.8290261"
DSW,shop:shoes,,,,,,43.446214,-79.702904,node,1275021876,https://www.openstreetmap.org/node/1275021876,"https://www.google.com/maps/search/?api=1&query=43.4462138,-79.7029036"
DSW,shop:shoes,,,,,,43.728347,-79.764702,node,1914199532,https://www.openstreetmap.org/node/1914199532,"https://www.google.com/maps/search/?api=1&query=43.7283468,-79.7647018"
Famous Footwear,shop:shoes,,,,,,43.347735,-79.794401,node,6629362816,https://www.openstreetmap.org/node/6629362816,"https://www.google.com/maps/search/?api=1&query=43.3477351,-79.7944011"
Famous Footwear,shop:shoes,,,,,,43.576133,-79.829449,node,6655589987,https://www.openstreetmap.org/node/6655589987,"https://www.google.com/maps/search/?api=1&query=43.5761326,-79.829449"
Famous Footwear,shop:shoes,,,,,,43.715280,-79.722520,node,6661106821,https://www.openstreetmap.org/node/6661106821,"https://www.google.com/maps/search/?api=1&query=43.7152803,-79.7225199"
Foot Locker,shop:shoes,,,,,,43.715611,-79.721769,node,6659697157,https://www.openstreetmap.org/node/6659697157,"https://www.google.com/maps/search/?api=1&query=43.7156108,-79.7217691"
Foot Locker,shop:shoes,,,,,,43.716068,-79.723028,node,6663083617,https://www.openstreetmap.org/node/6663083617,"https://www.google.com/maps/search/?api=1&query=43.7160682,-79.723028"
Foot Mech,shop:shoes,,,,,,43.518000,-79.874776,node,6628676238,https://www.openstreetmap.org/node/6628676238,"https://www.google.com/maps/search/?api=1&query=43.5179998,-79.8747762"
Foot Trendz,shop:shoes,,,,,,43.412548,-79.706274,node,2796900870,https://www.openstreetmap.org/node/2796900870,"https://www.google.com/maps/search/?api=1&query=43.412548,-79.706274"
Geox,shop:shoes,,,,,,43.325849,-79.819993,node,6632463429,https://www.openstreetmap.org/node/6632463429,"https://www.google.com/maps/search/?api=1&query=43.3258488,-79.8199935"
Globo Shoes,shop:shoes,,,,,,43.715238,-79.722203,node,12863264909,https://www.openstreetmap.org/node/12863264909,"https://www.google.com/maps/search/?api=1&query=43.7152385,-79.7222027"
Hi-Tech Shoe Repair,shop:shoes,,,,,,43.518096,-79.875307,node,6628676229,https://www.openstreetmap.org/node/6628676229,"https://www.google.com/maps/search/?api=1&query=43.5180956,-79.8753067"
J&Y Shoe Repair,shop:shoes,,,,,,43.715632,-79.720993,node,6659686733,https://www.openstreetmap.org/node/6659686733,"https://www.google.com/maps/search/?api=1&query=43.7156315,-79.7209931"
Jimmy Choo,shop:shoes,,,,,,43.576124,-79.830209,node,6655589997,https://www.openstreetmap.org/node/6655589997,"https://www.google.com/maps/search/?api=1&query=43.5761238,-79.8302087"
Joe's Shoe Repair,shop:shoes,,,,,,43.665220,-79.736559,node,6566646162,https://www.openstreetmap.org/node/6566646162,"https://www.google.com/maps/search/?api=1&query=43.6652204,-79.736559"
Johnston & Murphy,shop:shoes,,,,,,43.325335,-79.819484,node,6632465343,https://www.openstreetmap.org/node/6632465343,"https://www.google.com/maps/search/?api=1&query=43.3253346,-79.8194835"
Journeys,shop:shoes,,,,,,43.325433,-79.819695,node,6632429825,https://www.openstreetmap.org/node/6632429825,"https://www.google.com/maps/search/?api=1&query=43.3254327,-79.8196947"
Journeys,shop:shoes,,,,,,43.715888,-79.722791,node,6661062701,https://www.openstreetmap.org/node/6661062701,"https://www.google.com/maps/search/?api=1&query=43.7158877,-79.7227912"
JuJu,shop:shoes,,,,,,43.716190,-79.721084,node,6659697166,https://www.openstreetmap.org/node/6659697166,"https://www.google.com/maps/search/?api=1&query=43.7161899,-79.7210839"
L’intervalle,shop:shoes,,,,,,43.325049,-79.819656,node,6632465357,https://www.openstreetmap.org/node/6632465357,"https://www.google.com/maps/search/?api=1&query=43.3250492,-79.8196563"
Love to Walk,shop:shoes,,,,,,43.666372,-79.738958,node,6566785623,https://www.openstreetmap.org/node/6566785623,"https://www.google.com/maps/search/?api=1&query=43.6663723,-79.7389577"
Naturalizer,shop:shoes,,,,,,43.348135,-79.794696,node,6629331178,https://www.openstreetmap.org/node/6629331178,"https://www.google.com/maps/search/?api=1&query=43.3481345,-79.794696"
Naturalizer,shop:shoes,,,,,,43.714864,-79.722513,node,6661106811,https://www.openstreetmap.org/node/6661106811,"https://www.google.com/maps/search/?api=1&query=43.7148641,-79.7225126"
New Balance,shop:shoes,,,,,,43.576584,-79.828722,node,6655572406,https://www.openstreetmap.org/node/6655572406,"https://www.google.com/maps/search/?api=1&query=43.5765838,-79.8287217"
Quality Shoe Repair,shop:shoes,,,,,,43.666579,-79.739675,node,6566641276,https://www.openstreetmap.org/node/6566641276,"https://www.google.com/maps/search/?api=1&query=43.6665794,-79.7396751"
Rapid Food Solutions,shop:shoes,,,,,,43.665642,-79.737729,node,6566674510,https://www.openstreetmap.org/node/6566674510,"https://www.google.com/maps/search/?api=1&query=43.665642,-79.7377289"
Scarpini Shoes,shop:shoes,,,,,,43.326721,-79.820943,node,6632463435,https://www.openstreetmap.org/node/6632463435,"https://www.google.com/maps/search/?api=1&query=43.3267207,-79.8209425"
Shoe Club,shop:shoes,,,,,,43.715790,-79.723165,node,6661062687,https://www.openstreetmap.org/node/6661062687,"https://www.google.com/maps/search/?api=1&query=43.7157897,-79.7231648"
Shoe Plus,shop:shoes,,,,,,43.665453,-79.737379,node,6566646181,https://www.openstreetmap.org/node/6566646181,"https://www.google.com/maps/search/?api=1&query=43.6654534,-79.7373788"
Shumaker,shop:shoes,,280,Guelph Street,,,43.648277,-79.898187,node,6533199648,https://www.openstreetmap.org/node/6533199648,"https://www.google.com/maps/search/?api=1&query=43.6482767,-79.8981874"
Skechers,shop:shoes,,,,,,43.398361,-79.751350,node,1967735082,https://www.openstreetmap.org/node/1967735082,"https://www.google.com/maps/search/?api=1&query=43.3983611,-79.7513499"
Soft Moc,shop:shoes,,,,,,43.716022,-79.722959,node,5483759863,https://www.openstreetmap.org/node/5483759863,"https://www.google.com/maps/search/?api=1&query=43.716022,-79.7229593"
Soft Moc,shop:shoes,,,,,,43.348280,-79.794629,node,6629331184,https://www.openstreetmap.org/node/6629331184,"https://www.google.com/maps/search/?api=1&query=43.3482799,-79.7946288"
Soft Moc,shop:shoes,,,,,,43.325272,-79.819547,node,6632429827,https://www.openstreetmap.org/node/6632429827,"https://www.google.com/maps/search/?api=1&query=43.3252724,-79.8195469"
Soft Moc,shop:shoes,,,,,,43.576665,-79.828844,node,6655572407,https://www.openstreetmap.org/node/6655572407,"https://www.google.com/maps/search/?api=1&query=43.5766654,-79.8288437"
Soft Moc,shop:shoes,,5100,Erin Mills Parkway,,,43.559007,-79.712490,node,10916081041,https://www.openstreetmap.org/node/10916081041,"https://www.google.com/maps/search/?api=1&query=43.5590067,-79.7124902"
Steve Madden Outlet,shop:shoes,,,,,,43.575733,-79.828772,node,6655572395,https://www.openstreetmap.org/node/6655572395,"https://www.google.com/maps/search/?api=1&query=43.5757334,-79.8287725"
Stuart Weitzman,shop:shoes,,,,,,43.575794,-79.828346,node,6655572387,https://www.openstreetmap.org/node/6655572387,"https://www.google.com/maps/search/?api=1&query=43.5757935,-79.8283457"
Super Shoe Care,shop:shoes,,280,Guelph Street,,,43.648880,-79.899486,node,6533178875,https://www.openstreetmap.org/node/6533178875,"https://www.google.com/maps/search/?api=1&query=43.6488798,-79.899486"
The Shoe Club,shop:shoes,,,,,,43.677503,-79.718177,node,7325964477,https://www.openstreetmap.org/node/7325964477,"https://www.google.com/maps/search/?api=1&query=43.6775028,-79.7181769"
The Shoe Company,shop:shoes,,,,,,43.448844,-79.700493,node,1862505939,https://www.openstreetmap.org/node/1862505939,"https://www.google.com/maps/search/?api=1&query=43.4488443,-79.7004932"
The Shoe Company,shop:shoes,,,,,,43.728566,-79.765060,node,12897603785,https://www.openstreetmap.org/node/12897603785,"https://www.google.com/maps/search/?api=1&query=43.7285657,-79.7650604"
The Shoe Stop,shop:shoes,,,,,,43.513149,-79.883308,node,2206737036,https://www.openstreetmap.org/node/2206737036,"https://www.google.com/maps/search/?api=1&query=43.5131489,-79.8833082"
UGG,shop:shoes,,,,,,43.575269,-79.830547,node,12086398143,https://www.openstreetmap.org/node/12086398143,"https://www.google.com/maps/search/?api=1&query=43.5752687,-79.8305472"
Unity in Diversity,shop:shoes,,,,,,43.326322,-79.820404,node,6632427699,https://www.openstreetmap.org/node/6632427699,"https://www.google.com/maps/search/?api=1&query=43.3263217,-79.8204036"
Vans,shop:shoes,,,,,,43.324748,-79.819384,node,6632465354,https://www.openstreetmap.org/node/6632465354,"https://www.google.com/maps/search/?api=1&query=43.3247475,-79.8193839"
Walking on a Cloud,shop:shoes,,,,,,43.397252,-79.749070,node,1080021853,https://www.openstreetmap.org/node/1080021853,"https://www.google.com/maps/search/?api=1&query=43.3972516,-79.7490701"
Walking on a Cloud,shop:shoes,,,,,,43.538005,-79.872791,node,2199911454,https://www.openstreetmap.org/node/2199911454,"https://www.google.com/maps/search/?api=1&query=43.5380053,-79.8727913"
Walking on a Cloud,shop:shoes,,280,Guelph Street,,,43.648428,-79.897955,node,6533199657,https://www.openstreetmap.org/node/6533199657,"https://www.google.com/maps/search/?api=1&query=43.6484282,-79.8979549"
Walking on a Cloud,shop:shoes,,5100,Erin Mills Parkway,,,43.559296,-79.712508,node,6556571743,https://www.openstreetmap.org/node/6556571743,"https://www.google.com/maps/search/?api=1&query=43.5592958,-79.712508"
Walking on a Cloud,shop:shoes,,,,,,43.326968,-79.820982,node,6632427687,https://www.openstreetmap.org/node/6632427687,"https://www.google.com/maps/search/?api=1&query=43.3269679,-79.8209821"
Walking on a Cloud,shop:shoes,,,,,,43.716187,-79.721500,node,6662840570,https://www.openstreetmap.org/node/6662840570,"https://www.google.com/maps/search/?api=1&query=43.7161873,-79.7214998"
Work Authority,shop:shoes,,,,,,43.353727,-79.785593,node,7061164023,https://www.openstreetmap.org/node/7061164023,"https://www.google.com/maps/search/?api=1&query=43.353727,-79.7855927"
The Sign Shop,shop:sign,,,,,,43.691650,-79.704441,node,9777667524,https://www.openstreetmap.org/node/9777667524,"https://www.google.com/maps/search/?api=1&query=43.6916499,-79.7044413"
International Soccer Games,shop:soccer_games,,,,,,43.678143,-79.762413,node,703107994,https://www.openstreetmap.org/node/703107994,"https://www.google.com/maps/search/?api=1&query=43.6781435,-79.7624135"
Adidas,shop:sports,,,,,,43.575165,-79.830223,node,6655614314,https://www.openstreetmap.org/node/6655614314,"https://www.google.com/maps/search/?api=1&query=43.5751655,-79.8302226"
Am Sport,shop:sports,,,,,,43.565020,-79.700779,node,12654041316,https://www.openstreetmap.org/node/12654041316,"https://www.google.com/maps/search/?api=1&query=43.5650201,-79.7007791"
Atmosphere,shop:sports,,280,Guelph Street,,,43.648295,-79.898534,node,6533028847,https://www.openstreetmap.org/node/6533028847,"https://www.google.com/maps/search/?api=1&query=43.6482954,-79.8985344"
Champs Sports,shop:sports,,,,,,43.715970,-79.721184,node,6662840565,https://www.openstreetmap.org/node/6662840565,"https://www.google.com/maps/search/?api=1&query=43.7159703,-79.721184"
Endzone Sports Exchange,shop:sports,,,,,,43.654659,-79.934483,node,10981508088,https://www.openstreetmap.org/node/10981508088,"https://www.google.com/maps/search/?api=1&query=43.6546589,-79.9344831"
Goldline,shop:sports,,,,,,43.602430,-79.735617,node,5179062496,https://www.openstreetmap.org/node/5179062496,"https://www.google.com/maps/search/?api=1&query=43.6024304,-79.7356168"
JD,shop:sports,,,,,,43.715933,-79.722638,node,6663083615,https://www.openstreetmap.org/node/6663083615,"https://www.google.com/maps/search/?api=1&query=43.715933,-79.7226375"
Just Tennis,shop:sports,,,,,,43.305022,-79.854568,node,9705776999,https://www.openstreetmap.org/node/9705776999,"https://www.google.com/maps/search/?api=1&query=43.3050217,-79.8545675"
Play It Again Sports,shop:sports,,,,,,43.389769,-79.823648,node,7060846680,https://www.openstreetmap.org/node/7060846680,"https://www.google.com/maps/search/?api=1&query=43.3897685,-79.8236476"
Pro Image Sports,shop:sports,,5100,Erin Mills Parkway,,,43.558348,-79.711263,node,6557896301,https://www.openstreetmap.org/node/6557896301,"https://www.google.com/maps/search/?api=1&query=43.5583482,-79.7112633"
Running Room,shop:sports,,,,,,43.598679,-79.785013,node,3976539733,https://www.openstreetmap.org/node/3976539733,"https://www.google.com/maps/search/?api=1&query=43.5986789,-79.7850134"
Running Room,shop:sports,,,,,,43.353437,-79.785969,node,7061164025,https://www.openstreetmap.org/node/7061164025,"https://www.google.com/maps/search/?api=1&query=43.3534368,-79.7859686"
Second Shot,shop:sports,,,,,,43.326355,-79.795078,node,13612052642,https://www.openstreetmap.org/node/13612052642,"https://www.google.com/maps/search/?api=1&query=43.3263552,-79.7950784"
Source For Sports,shop:sports,,,,,,43.358627,-79.781951,node,7061175373,https://www.openstreetmap.org/node/7061175373,"https://www.google.com/maps/search/?api=1&query=43.3586271,-79.7819513"
Sport Chek,shop:sports,,,,,,43.405507,-79.803473,node,1540281370,https://www.openstreetmap.org/node/1540281370,"https://www.google.com/maps/search/?api=1&query=43.4055075,-79.8034727"
Sport Chek,shop:sports,,,,,,43.731477,-79.763696,node,1914199446,https://www.openstreetmap.org/node/1914199446,"https://www.google.com/maps/search/?api=1&query=43.7314768,-79.7636959"
Sport Chek,shop:sports,,,,,,43.715038,-79.722435,node,2077031211,https://www.openstreetmap.org/node/2077031211,"https://www.google.com/maps/search/?api=1&query=43.7150383,-79.7224353"
Sport Chek,shop:sports,,,,,,43.318543,-79.913643,node,4360282223,https://www.openstreetmap.org/node/4360282223,"https://www.google.com/maps/search/?api=1&query=43.3185426,-79.9136427"
Sport Chek,shop:sports,,,,,,43.540583,-79.872760,node,5774945371,https://www.openstreetmap.org/node/5774945371,"https://www.google.com/maps/search/?api=1&query=43.5405834,-79.8727604"
Sport Chek,shop:sports,,,,,,43.348105,-79.792648,node,6629362800,https://www.openstreetmap.org/node/6629362800,"https://www.google.com/maps/search/?api=1&query=43.3481046,-79.7926482"
Sports Centre,shop:sports,,,,,,43.715578,-79.721053,node,6659686734,https://www.openstreetmap.org/node/6659686734,"https://www.google.com/maps/search/?api=1&query=43.7155782,-79.7210527"
Team Town Sports,shop:sports,,,,,,43.595999,-79.789958,node,1714830176,https://www.openstreetmap.org/node/1714830176,"https://www.google.com/maps/search/?api=1&query=43.5959987,-79.789958"
Apple Self Storage,shop:storage_rental,,,,,,43.420079,-79.720779,node,12695207948,https://www.openstreetmap.org/node/12695207948,"https://www.google.com/maps/search/?api=1&query=43.4200789,-79.7207793"
Appleby Self Storage,shop:storage_rental,,,,,,43.439252,-79.706575,node,2815726002,https://www.openstreetmap.org/node/2815726002,"https://www.google.com/maps/search/?api=1&query=43.4392523,-79.7065755"
Ultra Stor,shop:storage_rental,,,,,,43.405640,-79.827210,node,11898567645,https://www.openstreetmap.org/node/11898567645,"https://www.google.com/maps/search/?api=1&query=43.4056401,-79.8272098"
Zoom Storage,shop:storage_rental,,,,,,43.706047,-79.727308,node,9008371459,https://www.openstreetmap.org/node/9008371459,"https://www.google.com/maps/search/?api=1&query=43.706047,-79.7273078"
Al-Marwa Grocery & Halal Meat Shop,shop:supermarket,,,,,,43.557301,-79.756252,node,2014556991,https://www.openstreetmap.org/node/2014556991,"https://www.google.com/maps/search/?api=1&query=43.5573009,-79.7562515"
All Fresh Grocery Store,shop:supermarket,,5920,Turney Drive,,,43.580414,-79.727328,node,12865611168,https://www.openstreetmap.org/node/12865611168,"https://www.google.com/maps/search/?api=1&query=43.580414,-79.7273277"
Bernandino's Fresh Market Place,shop:supermarket,,,,,,43.303725,-79.857414,node,1356846123,https://www.openstreetmap.org/node/1356846123,"https://www.google.com/maps/search/?api=1&query=43.3037255,-79.8574137"
Bulk Barn,shop:supermarket,,,,,,43.448497,-79.700772,node,3303223462,https://www.openstreetmap.org/node/3303223462,"https://www.google.com/maps/search/?api=1&query=43.4484966,-79.7007723"
Bulk Barn,shop:supermarket,,,,,,43.407729,-79.811561,node,4523356882,https://www.openstreetmap.org/node/4523356882,"https://www.google.com/maps/search/?api=1&query=43.4077294,-79.8115612"
Bulk Barn,shop:supermarket,,5100,Erin Mills Parkway,,,43.558199,-79.712563,node,6556389838,https://www.openstreetmap.org/node/6556389838,"https://www.google.com/maps/search/?api=1&query=43.5581986,-79.7125626"
Bulk Barn,shop:supermarket,,,,,,43.332523,-79.896824,node,7092015760,https://www.openstreetmap.org/node/7092015760,"https://www.google.com/maps/search/?api=1&query=43.332523,-79.8968237"
Bulk Barn,shop:supermarket,,,,,,43.650785,-79.896365,node,10982436526,https://www.openstreetmap.org/node/10982436526,"https://www.google.com/maps/search/?api=1&query=43.6507849,-79.8963645"
Chalo! FreshCo,shop:supermarket,,5602,Tenth Line West,,,43.559078,-79.744505,node,761892128,https://www.openstreetmap.org/node/761892128,"https://www.google.com/maps/search/?api=1&query=43.5590782,-79.7445049"
Farm Boy,shop:supermarket,,,,,,43.395813,-79.711372,node,385027447,https://www.openstreetmap.org/node/385027447,"https://www.google.com/maps/search/?api=1&query=43.3958128,-79.7113725"
Farm Boy,shop:supermarket,,,,,,43.393467,-79.824761,node,7060850400,https://www.openstreetmap.org/node/7060850400,"https://www.google.com/maps/search/?api=1&query=43.3934668,-79.8247607"
Food Basics,shop:supermarket,,,,,,43.363997,-79.819431,node,288064679,https://www.openstreetmap.org/node/288064679,"https://www.google.com/maps/search/?api=1&query=43.3639967,-79.8194313"
Food Basics,shop:supermarket,,,,,,43.667421,-79.732819,node,378629935,https://www.openstreetmap.org/node/378629935,"https://www.google.com/maps/search/?api=1&query=43.6674211,-79.732819"
Food Basics,shop:supermarket,,,,,,43.355490,-79.784981,node,419364696,https://www.openstreetmap.org/node/419364696,"https://www.google.com/maps/search/?api=1&query=43.3554901,-79.7849809"
Food Basics,shop:supermarket,,,,,,43.368534,-79.731533,node,419372344,https://www.openstreetmap.org/node/419372344,"https://www.google.com/maps/search/?api=1&query=43.368534,-79.7315328"
Food Basics,shop:supermarket,,,,,,43.651296,-79.896999,node,484163214,https://www.openstreetmap.org/node/484163214,"https://www.google.com/maps/search/?api=1&query=43.651296,-79.8969986"
Food Basics,shop:supermarket,,,,,,43.723525,-79.813068,node,583016042,https://www.openstreetmap.org/node/583016042,"https://www.google.com/maps/search/?api=1&query=43.7235254,-79.8130683"
Food Basics,shop:supermarket,,,,,,43.701634,-79.755797,node,620886253,https://www.openstreetmap.org/node/620886253,"https://www.google.com/maps/search/?api=1&query=43.7016341,-79.755797"
Food Basics,shop:supermarket,,,,,,43.464673,-79.742469,node,814446671,https://www.openstreetmap.org/node/814446671,"https://www.google.com/maps/search/?api=1&query=43.4646728,-79.7424687"
Food Basics,shop:supermarket,,,,,,43.638019,-79.717562,node,1409298084,https://www.openstreetmap.org/node/1409298084,"https://www.google.com/maps/search/?api=1&query=43.6380186,-79.717562"
Food Basics,shop:supermarket,,,,,,43.508551,-79.861688,node,2195678703,https://www.openstreetmap.org/node/2195678703,"https://www.google.com/maps/search/?api=1&query=43.5085513,-79.8616883"
FoodAsia,shop:supermarket,,,,,,43.688109,-79.804631,node,6546837468,https://www.openstreetmap.org/node/6546837468,"https://www.google.com/maps/search/?api=1&query=43.6881092,-79.8046312"
Foodland,shop:supermarket,,,,,,43.713515,-79.747475,node,6226609546,https://www.openstreetmap.org/node/6226609546,"https://www.google.com/maps/search/?api=1&query=43.713515,-79.7474755"
Fortinos,shop:supermarket,,,,,,43.366602,-79.822689,node,276091459,https://www.openstreetmap.org/node/276091459,"https://www.google.com/maps/search/?api=1&query=43.3666024,-79.8226891"
Fortinos,shop:supermarket,,,,,,43.334762,-79.902707,node,2282221079,https://www.openstreetmap.org/node/2282221079,"https://www.google.com/maps/search/?api=1&query=43.3347621,-79.9027066"
Fortinos,shop:supermarket,,,,,,43.369847,-79.753337,node,2707148173,https://www.openstreetmap.org/node/2707148173,"https://www.google.com/maps/search/?api=1&query=43.3698466,-79.7533374"
Fresh Pick,shop:supermarket,,,,,,43.658558,-79.750282,node,582757413,https://www.openstreetmap.org/node/582757413,"https://www.google.com/maps/search/?api=1&query=43.6585582,-79.7502821"
FreshCo,shop:supermarket,,,,,,43.378727,-79.808189,node,281350762,https://www.openstreetmap.org/node/281350762,"https://www.google.com/maps/search/?api=1&query=43.3787268,-79.8081894"
FreshCo,shop:supermarket,,,,,,43.356277,-79.841466,node,287494329,https://www.openstreetmap.org/node/287494329,"https://www.google.com/maps/search/?api=1&query=43.3562768,-79.8414664"
FreshCo,shop:supermarket,,,,,,43.449495,-79.757687,node,441790990,https://www.openstreetmap.org/node/441790990,"https://www.google.com/maps/search/?api=1&query=43.4494953,-79.7576872"
FreshCo,shop:supermarket,,6040,Glen Erin Drive,,,43.573930,-79.739551,node,1408888295,https://www.openstreetmap.org/node/1408888295,"https://www.google.com/maps/search/?api=1&query=43.5739303,-79.7395508"
FreshCo,shop:supermarket,,,,,,43.699236,-79.820936,node,2324930404,https://www.openstreetmap.org/node/2324930404,"https://www.google.com/maps/search/?api=1&query=43.6992363,-79.820936"
FreshCo,shop:supermarket,,,,,,43.636284,-79.791215,node,7249171300,https://www.openstreetmap.org/node/7249171300,"https://www.google.com/maps/search/?api=1&query=43.6362841,-79.7912151"
Island People West Indian Supermarket,shop:supermarket,,249,Queen Street East,,,43.698950,-79.745056,node,10909778951,https://www.openstreetmap.org/node/10909778951,"https://www.google.com/maps/search/?api=1&query=43.69895,-79.7450561"
JVD Supermarket,shop:supermarket,,,,,,43.589079,-79.722090,node,4060915342,https://www.openstreetmap.org/node/4060915342,"https://www.google.com/maps/search/?api=1&query=43.5890791,-79.7220899"
Katpakam Grocery,shop:supermarket,+1-905-785-0444,,,,,43.576042,-79.783346,node,3762117290,https://www.openstreetmap.org/node/3762117290,"https://www.google.com/maps/search/?api=1&query=43.5760423,-79.7833458"
La Rose Italian Bakery,shop:supermarket,,327,Bronte Street South,Milton,,43.502651,-79.879353,node,2729699825,https://www.openstreetmap.org/node/2729699825,"https://www.google.com/maps/search/?api=1&query=43.5026509,-79.8793531"
Longo's,shop:supermarket,,2900,Walkers Line,Burlington,L7M 4M8,43.390242,-79.822518,node,288065231,https://www.openstreetmap.org/node/288065231,"https://www.google.com/maps/search/?api=1&query=43.3902422,-79.8225184"
Longo's,shop:supermarket,,,,,,43.564878,-79.730114,node,1667776846,https://www.openstreetmap.org/node/1667776846,"https://www.google.com/maps/search/?api=1&query=43.5648783,-79.7301135"
Longo's,shop:supermarket,,,,,,43.537479,-79.874305,node,2199911464,https://www.openstreetmap.org/node/2199911464,"https://www.google.com/maps/search/?api=1&query=43.5374792,-79.8743054"
Longo's,shop:supermarket,,,,,,43.599623,-79.784336,node,3384140713,https://www.openstreetmap.org/node/3384140713,"https://www.google.com/maps/search/?api=1&query=43.5996225,-79.7843358"
Metro,shop:supermarket,,,,,,43.715226,-79.720888,node,376173263,https://www.openstreetmap.org/node/376173263,"https://www.google.com/maps/search/?api=1&query=43.7152255,-79.7208876"
Metro,shop:supermarket,,,,,,43.411848,-79.707142,node,419372493,https://www.openstreetmap.org/node/419372493,"https://www.google.com/maps/search/?api=1&query=43.4118482,-79.7071417"
Metro,shop:supermarket,,,,,,43.447389,-79.705196,node,493880630,https://www.openstreetmap.org/node/493880630,"https://www.google.com/maps/search/?api=1&query=43.447389,-79.7051956"
Metro,shop:supermarket,,,,,,43.678658,-79.748200,node,1036650779,https://www.openstreetmap.org/node/1036650779,"https://www.google.com/maps/search/?api=1&query=43.6786581,-79.7482002"
Metro,shop:supermarket,,,,,,43.632394,-79.877064,node,1840749955,https://www.openstreetmap.org/node/1840749955,"https://www.google.com/maps/search/?api=1&query=43.6323945,-79.8770638"
Metro,shop:supermarket,,,,,,43.728649,-79.796568,node,6571761651,https://www.openstreetmap.org/node/6571761651,"https://www.google.com/maps/search/?api=1&query=43.7286487,-79.796568"
Mfresh African and Caribbean Grocery,shop:supermarket,+1 647-560-7171,,,,,43.702569,-79.740567,node,10786042447,https://www.openstreetmap.org/node/10786042447,"https://www.google.com/maps/search/?api=1&query=43.7025692,-79.7405672"
Mona Fine Foods,shop:supermarket,,,,,,43.565534,-79.700965,node,3986560071,https://www.openstreetmap.org/node/3986560071,"https://www.google.com/maps/search/?api=1&query=43.5655337,-79.7009647"
No Frills,shop:supermarket,,,,,,43.373973,-79.836773,node,288341867,https://www.openstreetmap.org/node/288341867,"https://www.google.com/maps/search/?api=1&query=43.3739726,-79.8367727"
No Frills,shop:supermarket,,571,Brant Street,Burlington,L7R 2G6,43.329624,-79.801883,node,455060781,https://www.openstreetmap.org/node/455060781,"https://www.google.com/maps/search/?api=1&query=43.3296239,-79.8018831"
No Frills,shop:supermarket,,,,,,43.644450,-79.755303,node,582753435,https://www.openstreetmap.org/node/582753435,"https://www.google.com/maps/search/?api=1&query=43.6444495,-79.755303"
No Frills,shop:supermarket,,,,,,43.702534,-79.736717,node,666480292,https://www.openstreetmap.org/node/666480292,"https://www.google.com/maps/search/?api=1&query=43.7025339,-79.7367173"
No Frills,shop:supermarket,,,,,,43.599902,-79.711676,node,1406559318,https://www.openstreetmap.org/node/1406559318,"https://www.google.com/maps/search/?api=1&query=43.5999019,-79.7116761"
No Frills,shop:supermarket,,,,,,43.636850,-79.719660,node,1409297794,https://www.openstreetmap.org/node/1409297794,"https://www.google.com/maps/search/?api=1&query=43.63685,-79.7196595"
No Frills,shop:supermarket,,,,,,43.664588,-79.781229,node,2683742021,https://www.openstreetmap.org/node/2683742021,"https://www.google.com/maps/search/?api=1&query=43.6645883,-79.7812292"
No Frills,shop:supermarket,,,,,,43.588163,-79.741124,node,4016655600,https://www.openstreetmap.org/node/4016655600,"https://www.google.com/maps/search/?api=1&query=43.5881634,-79.7411237"
No Frills,shop:supermarket,,,,,,43.431599,-79.726431,node,9569811205,https://www.openstreetmap.org/node/9569811205,"https://www.google.com/maps/search/?api=1&query=43.4315989,-79.726431"
Ocean's Fresh Food Market,shop:supermarket,,,,,,43.707121,-79.733801,node,662724515,https://www.openstreetmap.org/node/662724515,"https://www.google.com/maps/search/?api=1&query=43.7071212,-79.7338014"
Rabba,shop:supermarket,,,,,,43.582942,-79.761882,node,3410842299,https://www.openstreetmap.org/node/3410842299,"https://www.google.com/maps/search/?api=1&query=43.5829423,-79.7618818"
Rabba,shop:supermarket,,,,,,43.592644,-79.764472,node,3415004627,https://www.openstreetmap.org/node/3415004627,"https://www.google.com/maps/search/?api=1&query=43.5926441,-79.7644718"
RK Indian Supermarket,shop:supermarket,,,,,,43.528413,-79.867823,node,2204624785,https://www.openstreetmap.org/node/2204624785,"https://www.google.com/maps/search/?api=1&query=43.5284129,-79.8678229"
Sargent Farms,shop:supermarket,,,,,,43.513168,-79.885041,node,10934196795,https://www.openstreetmap.org/node/10934196795,"https://www.google.com/maps/search/?api=1&query=43.5131684,-79.8850407"
Savora Grocery,shop:supermarket,,,,,,43.678252,-79.762391,node,703107990,https://www.openstreetmap.org/node/703107990,"https://www.google.com/maps/search/?api=1&query=43.6782524,-79.7623914"
Sobeys,shop:supermarket,,,,,,43.330387,-79.898450,node,256998139,https://www.openstreetmap.org/node/256998139,"https://www.google.com/maps/search/?api=1&query=43.3303872,-79.8984505"
Sobeys,shop:supermarket,,1250,Brant Street,Burlington,,43.344100,-79.828078,node,276083721,https://www.openstreetmap.org/node/276083721,"https://www.google.com/maps/search/?api=1&query=43.3441004,-79.8280779"
Sobeys,shop:supermarket,,,,,,43.438610,-79.740416,node,441785548,https://www.openstreetmap.org/node/441785548,"https://www.google.com/maps/search/?api=1&query=43.4386101,-79.7404159"
The Dutch Shop,shop:supermarket,,,,,,43.339576,-79.785836,node,13485121439,https://www.openstreetmap.org/node/13485121439,"https://www.google.com/maps/search/?api=1&query=43.3395755,-79.7858359"
Thiara Supermarket,shop:supermarket,,,,,,43.578750,-79.770583,node,2008808544,https://www.openstreetmap.org/node/2008808544,"https://www.google.com/maps/search/?api=1&query=43.5787495,-79.7705834"
Thiara Supermarket,shop:supermarket,+1-905-636-1960,,,,,43.521841,-79.865206,node,2199778703,https://www.openstreetmap.org/node/2199778703,"https://www.google.com/maps/search/?api=1&query=43.5218408,-79.8652061"
Valley Market,shop:supermarket,,,,,,43.681737,-79.804537,node,3303286937,https://www.openstreetmap.org/node/3303286937,"https://www.google.com/maps/search/?api=1&query=43.6817368,-79.8045367"
Watan Supermarket,shop:supermarket,,,,,,43.582628,-79.765000,node,3440059878,https://www.openstreetmap.org/node/3440059878,"https://www.google.com/maps/search/?api=1&query=43.5826284,-79.7650002"
佳樂超市 Seasons Foodmart,shop:supermarket,,,,,,43.690102,-79.738494,node,9538690029,https://www.openstreetmap.org/node/9538690029,"https://www.google.com/maps/search/?api=1&query=43.6901022,-79.7384935"
The Vitamin Store,shop:supplements,,,,,,43.507798,-79.862142,node,2199778691,https://www.openstreetmap.org/node/2199778691,"https://www.google.com/maps/search/?api=1&query=43.5077979,-79.8621417"
Milton Pools n' Spas,shop:swimming_pool,,,,,,43.526930,-79.868794,node,2204624777,https://www.openstreetmap.org/node/2204624777,"https://www.google.com/maps/search/?api=1&query=43.52693,-79.868794"
Pioneer Family Pools,shop:swimming_pool,,,,,,43.692113,-79.703871,node,9777572560,https://www.openstreetmap.org/node/9777572560,"https://www.google.com/maps/search/?api=1&query=43.6921132,-79.7038706"
Brampton Cleaners & Tailoring,shop:tailor,+1 905-846-2616,,,,,43.706864,-79.790329,node,10679129071,https://www.openstreetmap.org/node/10679129071,"https://www.google.com/maps/search/?api=1&query=43.7068642,-79.790329"
Joan's Tailoring,shop:tailor,+1-905-257-4425,516,Postridge Drive,,,43.489926,-79.715103,node,3410756075,https://www.openstreetmap.org/node/3410756075,"https://www.google.com/maps/search/?api=1&query=43.489926,-79.7151032"
L&L Alterations,shop:tailor,+1 9056324719,368,Plains Road East,,,43.315773,-79.840483,node,8502111831,https://www.openstreetmap.org/node/8502111831,"https://www.google.com/maps/search/?api=1&query=43.3157726,-79.8404827"
L&L Unisex Alterations,shop:tailor,,,,,,43.320682,-79.833624,node,7770159424,https://www.openstreetmap.org/node/7770159424,"https://www.google.com/maps/search/?api=1&query=43.3206819,-79.8336241"
Mona's Threading Lounge,shop:tailor,,,,,,43.518057,-79.875233,node,6628676230,https://www.openstreetmap.org/node/6628676230,"https://www.google.com/maps/search/?api=1&query=43.5180573,-79.8752335"
Stitch It,shop:tailor,,,,,,43.715612,-79.721141,node,3849723169,https://www.openstreetmap.org/node/3849723169,"https://www.google.com/maps/search/?api=1&query=43.7156123,-79.7211409"
Stitch It,shop:tailor,,280,Guelph Street,,,43.648908,-79.898211,node,6533216836,https://www.openstreetmap.org/node/6533216836,"https://www.google.com/maps/search/?api=1&query=43.6489079,-79.8982113"
Stitch It,shop:tailor,,5100,Erin Mills Parkway,,,43.558232,-79.711697,node,6557896310,https://www.openstreetmap.org/node/6557896310,"https://www.google.com/maps/search/?api=1&query=43.5582316,-79.7116966"
Stitch It,shop:tailor,,,,,,43.666736,-79.739725,node,6566641271,https://www.openstreetmap.org/node/6566641271,"https://www.google.com/maps/search/?api=1&query=43.6667356,-79.7397247"
Stitch It,shop:tailor,,,,,,43.348120,-79.794369,node,6629395288,https://www.openstreetmap.org/node/6629395288,"https://www.google.com/maps/search/?api=1&query=43.3481203,-79.7943687"
Stitch It,shop:tailor,,,,,,43.326836,-79.820429,node,6632463419,https://www.openstreetmap.org/node/6632463419,"https://www.google.com/maps/search/?api=1&query=43.3268358,-79.8204292"
306 Tattoo,shop:tattoo,,,,,,43.725994,-79.714992,node,6547884390,https://www.openstreetmap.org/node/6547884390,"https://www.google.com/maps/search/?api=1&query=43.7259938,-79.7149917"
Bold Tattoos,shop:tattoo,,,,,,43.650391,-79.911674,node,6535783949,https://www.openstreetmap.org/node/6535783949,"https://www.google.com/maps/search/?api=1&query=43.6503909,-79.9116741"
Golden Tattoo Parlour,shop:tattoo,,,,,,43.703690,-79.785133,node,6546952099,https://www.openstreetmap.org/node/6546952099,"https://www.google.com/maps/search/?api=1&query=43.7036904,-79.7851329"
Nude Buddha Tattoo,shop:tattoo,,,,,,43.507261,-79.887287,node,2206990117,https://www.openstreetmap.org/node/2206990117,"https://www.google.com/maps/search/?api=1&query=43.5072615,-79.8872872"
Citizen Tea,shop:tea,,,,,,43.326994,-79.820696,node,6632463414,https://www.openstreetmap.org/node/6632463414,"https://www.google.com/maps/search/?api=1&query=43.326994,-79.8206965"
Da The Alley,shop:tea,,2901,Eglinton Avenue West,,,43.552276,-79.716422,node,3942806138,https://www.openstreetmap.org/node/3942806138,"https://www.google.com/maps/search/?api=1&query=43.5522763,-79.7164218"
DavidsTea,shop:tea,,,,,,43.325083,-79.819238,node,6632465347,https://www.openstreetmap.org/node/6632465347,"https://www.google.com/maps/search/?api=1&query=43.3250825,-79.8192376"
Real Fruit Bubble Tea,shop:tea,,,,,,43.724273,-79.814517,node,1918832265,https://www.openstreetmap.org/node/1918832265,"https://www.google.com/maps/search/?api=1&query=43.7242726,-79.8145171"
Bell,shop:telecommunication,,,,,,43.349122,-79.793691,node,1673625444,https://www.openstreetmap.org/node/1673625444,"https://www.google.com/maps/search/?api=1&query=43.349122,-79.7936915"
Bell,shop:telecommunication,,,,,,43.666238,-79.737359,node,6566674501,https://www.openstreetmap.org/node/6566674501,"https://www.google.com/maps/search/?api=1&query=43.666238,-79.7373588"
Bell,shop:telecommunication,,,,,,43.325782,-79.820699,node,6632427718,https://www.openstreetmap.org/node/6632427718,"https://www.google.com/maps/search/?api=1&query=43.3257824,-79.8206992"
Cogeco,shop:telecommunication,,,,,,43.348234,-79.795187,node,6629331171,https://www.openstreetmap.org/node/6629331171,"https://www.google.com/maps/search/?api=1&query=43.3482342,-79.7951871"
Brampton Transit,shop:ticket,,,,,,43.730430,-79.764100,node,7572550729,https://www.openstreetmap.org/node/7572550729,"https://www.google.com/maps/search/?api=1&query=43.7304304,-79.7641003"
Friendly Smokers,shop:tobacco,+1-905-877-7456,,,,,43.650380,-79.912215,node,6535783959,https://www.openstreetmap.org/node/6535783959,"https://www.google.com/maps/search/?api=1&query=43.6503802,-79.9122146"
Paradise Cigars,shop:tobacco,,536,Postridge Drive,,,43.490191,-79.715461,node,3410756079,https://www.openstreetmap.org/node/3410756079,"https://www.google.com/maps/search/?api=1&query=43.4901913,-79.7154613"
Games Workshop,shop:toys,,,,,,43.368513,-79.754587,node,3997758986,https://www.openstreetmap.org/node/3997758986,"https://www.google.com/maps/search/?api=1&query=43.3685126,-79.7545865"
Hobby and Toy Central,shop:toys,,,,,,43.327118,-79.820871,node,6632427692,https://www.openstreetmap.org/node/6632427692,"https://www.google.com/maps/search/?api=1&query=43.3271181,-79.8208708"
Learning Tree,shop:toys,,,,,,43.373383,-79.809913,node,7061051897,https://www.openstreetmap.org/node/7061051897,"https://www.google.com/maps/search/?api=1&query=43.3733832,-79.8099126"
Mastermind Toys,shop:toys,,,,,,43.339149,-79.817972,node,2168895031,https://www.openstreetmap.org/node/2168895031,"https://www.google.com/maps/search/?api=1&query=43.339149,-79.8179718"
Mypops.ca,shop:toys,,,,,,43.558848,-79.711870,node,12960071659,https://www.openstreetmap.org/node/12960071659,"https://www.google.com/maps/search/?api=1&query=43.558848,-79.7118703"
Playtime Toys,shop:toys,,,,,,43.715194,-79.722482,node,6660982627,https://www.openstreetmap.org/node/6660982627,"https://www.google.com/maps/search/?api=1&query=43.715194,-79.7224816"
Playtime Toys,shop:toys,,5100,Erin Mills Parkway,,,43.558677,-79.711243,node,10906726422,https://www.openstreetmap.org/node/10906726422,"https://www.google.com/maps/search/?api=1&query=43.5586769,-79.7112427"
Pop Mart,shop:toys,,,,,,43.575656,-79.830503,node,6655614295,https://www.openstreetmap.org/node/6655614295,"https://www.google.com/maps/search/?api=1&query=43.5756561,-79.830503"
Puzzles Canada,shop:toys,,,,,,43.653343,-79.906726,node,10982436508,https://www.openstreetmap.org/node/10982436508,"https://www.google.com/maps/search/?api=1&query=43.6533426,-79.9067262"
Squirt's Toys,shop:toys,,,,,,43.650936,-79.900873,node,10982436521,https://www.openstreetmap.org/node/10982436521,"https://www.google.com/maps/search/?api=1&query=43.6509358,-79.9008732"
Toys R Us,shop:toys,+1 9054548697,150,West Drive,,,43.705901,-79.735519,node,2266281811,https://www.openstreetmap.org/node/2266281811,"https://www.google.com/maps/search/?api=1&query=43.7059008,-79.7355188"
All Link Travel,shop:travel_agency,,,,,,43.688496,-79.805221,node,6546837475,https://www.openstreetmap.org/node/6546837475,"https://www.google.com/maps/search/?api=1&query=43.6884961,-79.8052213"
CAA,shop:travel_agency,,,,,,43.487196,-79.716646,node,2288689233,https://www.openstreetmap.org/node/2288689233,"https://www.google.com/maps/search/?api=1&query=43.4871963,-79.7166459"
Carlson Wagonlit Travel,shop:travel_agency,,,,,,43.356907,-79.842422,node,2698208717,https://www.openstreetmap.org/node/2698208717,"https://www.google.com/maps/search/?api=1&query=43.3569067,-79.842422"
Expedia Cruises,shop:travel_agency,,,,,,43.517217,-79.879188,node,2205332987,https://www.openstreetmap.org/node/2205332987,"https://www.google.com/maps/search/?api=1&query=43.5172167,-79.8791884"
Expedia Cruises,shop:travel_agency,,,,,,43.629582,-79.877117,node,10956928702,https://www.openstreetmap.org/node/10956928702,"https://www.google.com/maps/search/?api=1&query=43.6295822,-79.8771169"
Expedia CruiseShipCenters,shop:travel_agency,,,,,,43.353872,-79.769700,node,3422254794,https://www.openstreetmap.org/node/3422254794,"https://www.google.com/maps/search/?api=1&query=43.3538719,-79.7697004"
Expedia CruiseShipCenters,shop:travel_agency,,,,,,43.366017,-79.822545,node,6632465376,https://www.openstreetmap.org/node/6632465376,"https://www.google.com/maps/search/?api=1&query=43.3660173,-79.8225447"
Expedia CruiseShipCenters,shop:travel_agency,,,,,,43.331028,-79.898686,node,7196261779,https://www.openstreetmap.org/node/7196261779,"https://www.google.com/maps/search/?api=1&query=43.3310284,-79.8986858"
Expedia CrusieShipCentres,shop:travel_agency,,,,,,43.703583,-79.784749,node,6546952103,https://www.openstreetmap.org/node/6546952103,"https://www.google.com/maps/search/?api=1&query=43.7035827,-79.7847493"
Flight Centre,shop:travel_agency,,280,Guelph Street,,,43.648448,-79.899201,node,6533178845,https://www.openstreetmap.org/node/6533178845,"https://www.google.com/maps/search/?api=1&query=43.6484483,-79.8992012"
Flight Centre,shop:travel_agency,,,,,,43.347876,-79.794333,node,6629331182,https://www.openstreetmap.org/node/6629331182,"https://www.google.com/maps/search/?api=1&query=43.3478758,-79.7943333"
Gill International Travel,shop:travel_agency,,,,,,43.663348,-79.731846,node,13093246262,https://www.openstreetmap.org/node/13093246262,"https://www.google.com/maps/search/?api=1&query=43.6633485,-79.7318455"
Goel Travel,shop:travel_agency,+1-905-796-7500,,,,,43.642843,-79.746820,node,4006780646,https://www.openstreetmap.org/node/4006780646,"https://www.google.com/maps/search/?api=1&query=43.6428428,-79.7468204"
Khalsa Travel,shop:travel_agency,,,,,,43.666696,-79.738831,node,6566641259,https://www.openstreetmap.org/node/6566641259,"https://www.google.com/maps/search/?api=1&query=43.6666959,-79.738831"
Marlin Travel,shop:travel_agency,,,,,,43.513797,-79.883508,node,1912333196,https://www.openstreetmap.org/node/1912333196,"https://www.google.com/maps/search/?api=1&query=43.513797,-79.883508"
Sell Off Vacations,shop:travel_agency,,,,,,43.595773,-79.786581,node,1714830163,https://www.openstreetmap.org/node/1714830163,"https://www.google.com/maps/search/?api=1&query=43.5957734,-79.7865815"
Transat Travel,shop:travel_agency,,2000,Appleby Line,Burlington,L7L 7H7,43.394033,-79.791415,node,2679749858,https://www.openstreetmap.org/node/2679749858,"https://www.google.com/maps/search/?api=1&query=43.3940326,-79.7914151"
TripCentral,shop:travel_agency,,,,,,43.357814,-79.782894,node,7061175370,https://www.openstreetmap.org/node/7061175370,"https://www.google.com/maps/search/?api=1&query=43.3578138,-79.7828941"
Costco Tire Centre,shop:tyres,,,,,,43.682923,-79.712521,node,12718397588,https://www.openstreetmap.org/node/12718397588,"https://www.google.com/maps/search/?api=1&query=43.6829227,-79.712521"
Costco Tire Centre,shop:tyres,,,,,,43.344157,-79.822100,node,12718402716,https://www.openstreetmap.org/node/12718402716,"https://www.google.com/maps/search/?api=1&query=43.3441574,-79.8221002"
Fortune Tire and Auto Service,shop:tyres,,,,,,43.647973,-79.707952,node,5695565891,https://www.openstreetmap.org/node/5695565891,"https://www.google.com/maps/search/?api=1&query=43.647973,-79.707952"
Kal Tire,shop:tyres,,,,,,43.694483,-79.747397,node,6226609544,https://www.openstreetmap.org/node/6226609544,"https://www.google.com/maps/search/?api=1&query=43.6944834,-79.7473974"
OK Tire,shop:tyres,,,,,,43.320487,-79.835139,node,4044978959,https://www.openstreetmap.org/node/4044978959,"https://www.google.com/maps/search/?api=1&query=43.3204875,-79.8351389"
Ride on Tire Sales Inc.,shop:tyres,,,,,,43.651441,-79.922342,node,4236391908,https://www.openstreetmap.org/node/4236391908,"https://www.google.com/maps/search/?api=1&query=43.6514407,-79.9223421"
Anna Bella,shop:vacant,,,,,,43.666506,-79.737970,node,6566674518,https://www.openstreetmap.org/node/6566674518,"https://www.google.com/maps/search/?api=1&query=43.6665061,-79.7379695"
Crazy Rolls,shop:vacant,,,,,,43.666321,-79.737812,node,6566848343,https://www.openstreetmap.org/node/6566848343,"https://www.google.com/maps/search/?api=1&query=43.6663206,-79.7378116"
Curvaceous Styles,shop:vacant,,,,,,43.666143,-79.738945,node,6566848330,https://www.openstreetmap.org/node/6566848330,"https://www.google.com/maps/search/?api=1&query=43.6661435,-79.7389454"
Decorative Art and Framing,shop:vacant,,,,,,43.666444,-79.739107,node,6566641264,https://www.openstreetmap.org/node/6566641264,"https://www.google.com/maps/search/?api=1&query=43.6664438,-79.7391071"
Dolce Vita,shop:vacant,,,,,,43.666651,-79.738882,node,6566641260,https://www.openstreetmap.org/node/6566641260,"https://www.google.com/maps/search/?api=1&query=43.6666511,-79.7388823"
Dolomiti Shoes,shop:vacant,,,,,,43.666706,-79.738356,node,6566641243,https://www.openstreetmap.org/node/6566641243,"https://www.google.com/maps/search/?api=1&query=43.6667062,-79.7383557"
Ducati Shoes,shop:vacant,,,,,,43.666181,-79.739033,node,6566848321,https://www.openstreetmap.org/node/6566848321,"https://www.google.com/maps/search/?api=1&query=43.6661806,-79.7390333"
Firehouse Subs,shop:vacant,,,,,,43.551622,-79.716441,node,3942806132,https://www.openstreetmap.org/node/3942806132,"https://www.google.com/maps/search/?api=1&query=43.5516218,-79.716441"
former Bluenotes,shop:vacant,,,,,,43.398464,-79.750693,node,1080021878,https://www.openstreetmap.org/node/1080021878,"https://www.google.com/maps/search/?api=1&query=43.3984638,-79.7506926"
former Bombay,shop:vacant,,,,,,43.397407,-79.749268,node,1967735096,https://www.openstreetmap.org/node/1967735096,"https://www.google.com/maps/search/?api=1&query=43.3974068,-79.7492685"
Gilani,shop:vacant,,,,,,43.665599,-79.737938,node,6566674509,https://www.openstreetmap.org/node/6566674509,"https://www.google.com/maps/search/?api=1&query=43.6655985,-79.7379377"
Hair Images,shop:vacant,,,,,,43.666233,-79.738862,node,6566785627,https://www.openstreetmap.org/node/6566785627,"https://www.google.com/maps/search/?api=1&query=43.6662329,-79.7388624"
Healthy Planet,shop:vacant,,,,,,43.666965,-79.739018,node,13859313387,https://www.openstreetmap.org/node/13859313387,"https://www.google.com/maps/search/?api=1&query=43.6669652,-79.7390181"
Jersey Mike’s Subs (coming soon),shop:vacant,,,,,,43.582812,-79.759635,node,12731989755,https://www.openstreetmap.org/node/12731989755,"https://www.google.com/maps/search/?api=1&query=43.5828118,-79.7596347"
T-Shirt Time,shop:vacant,,,,,,43.666552,-79.738058,node,6566674519,https://www.openstreetmap.org/node/6566674519,"https://www.google.com/maps/search/?api=1&query=43.6665522,-79.738058"
Teramy Fine Gold Jewellers,shop:vacant,,,,,,43.666884,-79.738643,node,6566641250,https://www.openstreetmap.org/node/6566641250,"https://www.google.com/maps/search/?api=1&query=43.6668841,-79.7386435"
World of Tobacco,shop:vacant,,,,,,43.666810,-79.738801,node,6566641256,https://www.openstreetmap.org/node/6566641256,"https://www.google.com/maps/search/?api=1&query=43.6668099,-79.7388009"
Halton Hills Sewing & Vacuum,shop:vacuum_cleaner,,,,,,43.650360,-79.911139,node,6535783944,https://www.openstreetmap.org/node/6535783944,"https://www.google.com/maps/search/?api=1&query=43.6503598,-79.911139"
The Vacuum Shop,shop:vacuum_cleaner,,,,,,43.357719,-79.782987,node,3711240654,https://www.openstreetmap.org/node/3711240654,"https://www.google.com/maps/search/?api=1&query=43.3577194,-79.782987"
The Vacuum Store,shop:vacuum_cleaner,,,,,,43.525753,-79.869870,node,725882449,https://www.openstreetmap.org/node/725882449,"https://www.google.com/maps/search/?api=1&query=43.5257525,-79.8698702"
Vacuum Factory,shop:vacuum_cleaner,,,,,,43.675683,-79.772249,node,12810715361,https://www.openstreetmap.org/node/12810715361,"https://www.google.com/maps/search/?api=1&query=43.6756825,-79.7722492"
99 Cents Depot,shop:variety_store,,,,,,43.599201,-79.713267,node,3747950125,https://www.openstreetmap.org/node/3747950125,"https://www.google.com/maps/search/?api=1&query=43.5992009,-79.7132668"
Absolute Dollar,shop:variety_store,,,,,,43.540826,-79.868243,node,1738484543,https://www.openstreetmap.org/node/1738484543,"https://www.google.com/maps/search/?api=1&query=43.5408257,-79.8682431"
Buck or Two,shop:variety_store,,,,,,43.649230,-79.895449,node,4616679077,https://www.openstreetmap.org/node/4616679077,"https://www.google.com/maps/search/?api=1&query=43.6492302,-79.8954491"
Buck or Two,shop:variety_store,,,,,,43.412120,-79.705509,node,6647448506,https://www.openstreetmap.org/node/6647448506,"https://www.google.com/maps/search/?api=1&query=43.4121197,-79.7055088"
Closeout King,shop:variety_store,,,,,,43.696238,-79.701560,node,2045107958,https://www.openstreetmap.org/node/2045107958,"https://www.google.com/maps/search/?api=1&query=43.6962385,-79.7015604"
Dollar & More,shop:variety_store,,,,,,43.389804,-79.823175,node,7060846677,https://www.openstreetmap.org/node/7060846677,"https://www.google.com/maps/search/?api=1&query=43.3898037,-79.8231749"
Dollar Blitz,shop:variety_store,,,,,,43.723602,-79.813594,node,1918832244,https://www.openstreetmap.org/node/1918832244,"https://www.google.com/maps/search/?api=1&query=43.7236024,-79.8135944"
Dollar Blitz,shop:variety_store,,,,,,43.508522,-79.837252,node,2215544871,https://www.openstreetmap.org/node/2215544871,"https://www.google.com/maps/search/?api=1&query=43.5085225,-79.8372518"
Dollar Discount Mart,shop:variety_store,,,,,,43.681655,-79.765439,node,378691384,https://www.openstreetmap.org/node/378691384,"https://www.google.com/maps/search/?api=1&query=43.6816547,-79.7654388"
Dollar Power,shop:variety_store,,,,,,43.699224,-79.822349,node,2324930397,https://www.openstreetmap.org/node/2324930397,"https://www.google.com/maps/search/?api=1&query=43.6992242,-79.8223493"
Dollar Power,shop:variety_store,,,,,,43.565811,-79.729533,node,3999964428,https://www.openstreetmap.org/node/3999964428,"https://www.google.com/maps/search/?api=1&query=43.5658113,-79.7295333"
Dollar Power,shop:variety_store,,,,,,43.714955,-79.780179,node,6547160024,https://www.openstreetmap.org/node/6547160024,"https://www.google.com/maps/search/?api=1&query=43.7149551,-79.7801788"
Dollar Tree,shop:variety_store,,3135,Argentia Road,,,43.596223,-79.789967,node,1714830083,https://www.openstreetmap.org/node/1714830083,"https://www.google.com/maps/search/?api=1&query=43.5962231,-79.7899666"
Dollar Tree,shop:variety_store,,,,,,43.667563,-79.733274,node,4318945719,https://www.openstreetmap.org/node/4318945719,"https://www.google.com/maps/search/?api=1&query=43.6675635,-79.7332739"
Dollar Tree,shop:variety_store,,,,,,43.317417,-79.908895,node,4360258629,https://www.openstreetmap.org/node/4360258629,"https://www.google.com/maps/search/?api=1&query=43.3174174,-79.9088945"
Dollar Tree,shop:variety_store,,,,,,43.407504,-79.811611,node,4523356883,https://www.openstreetmap.org/node/4523356883,"https://www.google.com/maps/search/?api=1&query=43.407504,-79.8116113"
Dollar Tree,shop:variety_store,,,,,,43.317951,-79.836973,node,7768538712,https://www.openstreetmap.org/node/7768538712,"https://www.google.com/maps/search/?api=1&query=43.3179514,-79.8369728"
Dollarama,shop:variety_store,,75,Nipissing Road,Milton,,43.519650,-79.873819,node,724833088,https://www.openstreetmap.org/node/724833088,"https://www.google.com/maps/search/?api=1&query=43.5196504,-79.873819"
Dollarama,shop:variety_store,,,,,,43.445593,-79.703081,node,3303295617,https://www.openstreetmap.org/node/3303295617,"https://www.google.com/maps/search/?api=1&query=43.4455929,-79.703081"
Dollarama,shop:variety_store,,,,,,43.331151,-79.819602,node,3364109893,https://www.openstreetmap.org/node/3364109893,"https://www.google.com/maps/search/?api=1&query=43.3311508,-79.8196015"
Dollarama,shop:variety_store,,,,,,43.369120,-79.753129,node,3635879592,https://www.openstreetmap.org/node/3635879592,"https://www.google.com/maps/search/?api=1&query=43.36912,-79.753129"
Dollarama,shop:variety_store,,,,,,43.657609,-79.725317,node,5695528974,https://www.openstreetmap.org/node/5695528974,"https://www.google.com/maps/search/?api=1&query=43.657609,-79.7253172"
Dollarama,shop:variety_store,,,,,,43.707245,-79.733602,node,6547908158,https://www.openstreetmap.org/node/6547908158,"https://www.google.com/maps/search/?api=1&query=43.7072445,-79.7336023"
Dollarama,shop:variety_store,,,,,,43.666023,-79.737311,node,6566674496,https://www.openstreetmap.org/node/6566674496,"https://www.google.com/maps/search/?api=1&query=43.6660229,-79.7373111"
Dollarama,shop:variety_store,,,,,,43.349029,-79.792609,node,6629375200,https://www.openstreetmap.org/node/6629375200,"https://www.google.com/maps/search/?api=1&query=43.3490294,-79.792609"
Dollarama,shop:variety_store,,10048,McLaughlin Road North,,,43.696497,-79.799086,node,9130621327,https://www.openstreetmap.org/node/9130621327,"https://www.google.com/maps/search/?api=1&query=43.696497,-79.7990859"
Dollarama,shop:variety_store,,,,,,43.680736,-79.719277,node,9777688119,https://www.openstreetmap.org/node/9777688119,"https://www.google.com/maps/search/?api=1&query=43.6807362,-79.7192772"
Dollarama,shop:variety_store,,,,,,43.482438,-79.721232,node,9998743209,https://www.openstreetmap.org/node/9998743209,"https://www.google.com/maps/search/?api=1&query=43.4824377,-79.7212324"
Dollarama,shop:variety_store,,,,,,43.699504,-79.820930,node,10884187870,https://www.openstreetmap.org/node/10884187870,"https://www.google.com/maps/search/?api=1&query=43.6995043,-79.8209299"
Dollarama,shop:variety_store,,,,,,43.526493,-79.865156,node,10934786515,https://www.openstreetmap.org/node/10934786515,"https://www.google.com/maps/search/?api=1&query=43.5264929,-79.8651564"
Dollarama,shop:variety_store,,,,,,43.355303,-79.768447,node,13032582987,https://www.openstreetmap.org/node/13032582987,"https://www.google.com/maps/search/?api=1&query=43.3553025,-79.7684471"
Dollarama,shop:variety_store,,,,,,43.679664,-79.843869,node,13372947780,https://www.openstreetmap.org/node/13372947780,"https://www.google.com/maps/search/?api=1&query=43.679664,-79.8438695"
Family Treasure Chest,shop:variety_store,,,,,,43.650369,-79.911351,node,6535783947,https://www.openstreetmap.org/node/6535783947,"https://www.google.com/maps/search/?api=1&query=43.6503695,-79.9113509"
Miniso,shop:variety_store,,,,,,43.716823,-79.722395,node,5283031885,https://www.openstreetmap.org/node/5283031885,"https://www.google.com/maps/search/?api=1&query=43.7168234,-79.7223947"
Miniso,shop:variety_store,,5100,Erin Mills Parkway,,,43.558954,-79.712121,node,6556429848,https://www.openstreetmap.org/node/6556429848,"https://www.google.com/maps/search/?api=1&query=43.5589542,-79.7121215"
Miniso,shop:variety_store,,,,,,43.666459,-79.737888,node,6566674517,https://www.openstreetmap.org/node/6566674517,"https://www.google.com/maps/search/?api=1&query=43.6664587,-79.7378881"
Miniso,shop:variety_store,,,,,,43.348509,-79.794212,node,6629375217,https://www.openstreetmap.org/node/6629375217,"https://www.google.com/maps/search/?api=1&query=43.3485092,-79.7942117"
Queen's Variety,shop:variety_store,,,,,,43.704140,-79.740816,node,6226609535,https://www.openstreetmap.org/node/6226609535,"https://www.google.com/maps/search/?api=1&query=43.7041398,-79.7408164"
Shoppers Best Buy,shop:variety_store,,,,,,43.583682,-79.778339,node,3976485260,https://www.openstreetmap.org/node/3976485260,"https://www.google.com/maps/search/?api=1&query=43.5836816,-79.7783388"
Simply Dollar & More,shop:variety_store,,,,,,43.582378,-79.717200,node,3459661444,https://www.openstreetmap.org/node/3459661444,"https://www.google.com/maps/search/?api=1&query=43.5823784,-79.7172001"
Treasure Hunt,shop:variety_store,,,,,,43.326000,-79.829313,node,7770695807,https://www.openstreetmap.org/node/7770695807,"https://www.google.com/maps/search/?api=1&query=43.3259996,-79.829313"
Your Dollar Store With More,shop:variety_store,,,,,,43.702362,-79.756300,node,6110919153,https://www.openstreetmap.org/node/6110919153,"https://www.google.com/maps/search/?api=1&query=43.7023621,-79.7563005"
Your Dollar Store With More,shop:variety_store,,,,,,43.665793,-79.738393,node,6566674522,https://www.openstreetmap.org/node/6566674522,"https://www.google.com/maps/search/?api=1&query=43.665793,-79.7383925"
Cinema 1,shop:video,,,,,,43.348344,-79.794691,node,6629395285,https://www.openstreetmap.org/node/6629395285,"https://www.google.com/maps/search/?api=1&query=43.3483443,-79.7946907"
Salaam Namaste Audio Video,shop:video,,,,,,43.521750,-79.865315,node,2199778704,https://www.openstreetmap.org/node/2199778704,"https://www.google.com/maps/search/?api=1&query=43.5217504,-79.8653146"
Taal Video,shop:video,,,,,,43.638143,-79.728431,node,4011412247,https://www.openstreetmap.org/node/4011412247,"https://www.google.com/maps/search/?api=1&query=43.6381428,-79.7284308"
EB Games,shop:video_games,,,,,,43.448479,-79.700941,node,1862970942,https://www.openstreetmap.org/node/1862970942,"https://www.google.com/maps/search/?api=1&query=43.4484795,-79.7009414"
EB Games,shop:video_games,,,,,,43.730336,-79.765295,node,1914225510,https://www.openstreetmap.org/node/1914225510,"https://www.google.com/maps/search/?api=1&query=43.7303363,-79.7652949"
EB Games,shop:video_games,,,,,,43.543601,-79.867939,node,2199853512,https://www.openstreetmap.org/node/2199853512,"https://www.google.com/maps/search/?api=1&query=43.5436007,-79.8679388"
EB Games,shop:video_games,,,,,,43.326828,-79.820902,node,3400482846,https://www.openstreetmap.org/node/3400482846,"https://www.google.com/maps/search/?api=1&query=43.3268278,-79.820902"
EB Games,shop:video_games,,,,,,43.666319,-79.737516,node,6566674499,https://www.openstreetmap.org/node/6566674499,"https://www.google.com/maps/search/?api=1&query=43.6663193,-79.737516"
EB Games,shop:video_games,,,,,,43.517900,-79.875244,node,6628676228,https://www.openstreetmap.org/node/6628676228,"https://www.google.com/maps/search/?api=1&query=43.5178996,-79.8752437"
EB Games,shop:video_games,,,,,,43.347702,-79.794150,node,6629362796,https://www.openstreetmap.org/node/6629362796,"https://www.google.com/maps/search/?api=1&query=43.3477022,-79.7941496"
EB Games,shop:video_games,,,,,,43.714972,-79.722388,node,6661106809,https://www.openstreetmap.org/node/6661106809,"https://www.google.com/maps/search/?api=1&query=43.7149721,-79.7223876"
Game Haven,shop:video_games,+1-905-336-0424,,,,,43.356855,-79.842347,node,2698208724,https://www.openstreetmap.org/node/2698208724,"https://www.google.com/maps/search/?api=1&query=43.3568547,-79.8423471"
Game Hoard,shop:video_games,,280,Guelph Street,,,43.648528,-79.898254,node,6533199668,https://www.openstreetmap.org/node/6533199668,"https://www.google.com/maps/search/?api=1&query=43.648528,-79.8982538"
Game Shack,shop:video_games,,,,,,43.715209,-79.723397,node,6663083632,https://www.openstreetmap.org/node/6663083632,"https://www.google.com/maps/search/?api=1&query=43.7152091,-79.7233972"
Toyratt,shop:video_games,,,,,,43.525921,-79.870858,node,6191454676,https://www.openstreetmap.org/node/6191454676,"https://www.google.com/maps/search/?api=1&query=43.5259209,-79.8708579"
We Got Games,shop:video_games,,,,,,43.665946,-79.738617,node,6566848326,https://www.openstreetmap.org/node/6566848326,"https://www.google.com/maps/search/?api=1&query=43.6659462,-79.7386173"
Citizen Watch,shop:watches,,,,,,43.575569,-79.831389,node,6655614292,https://www.openstreetmap.org/node/6655614292,"https://www.google.com/maps/search/?api=1&query=43.5755691,-79.8313888"
Fossil,shop:watches,,,,,,43.326036,-79.820140,node,6632463425,https://www.openstreetmap.org/node/6632463425,"https://www.google.com/maps/search/?api=1&query=43.3260359,-79.8201398"
Fossil,shop:watches,,,,,,43.575320,-79.828858,node,6655491678,https://www.openstreetmap.org/node/6655491678,"https://www.google.com/maps/search/?api=1&query=43.57532,-79.8288579"
Movado,shop:watches,,,,,,43.574915,-79.830733,node,6655614318,https://www.openstreetmap.org/node/6655614318,"https://www.google.com/maps/search/?api=1&query=43.5749147,-79.8307334"
Timepiece Plus,shop:watches,,,,,,43.348082,-79.794411,node,6629395289,https://www.openstreetmap.org/node/6629395289,"https://www.google.com/maps/search/?api=1&query=43.3480817,-79.7944111"
Timeworks,shop:watches,,,,,,43.715190,-79.723236,node,6660982640,https://www.openstreetmap.org/node/6660982640,"https://www.google.com/maps/search/?api=1&query=43.7151905,-79.7232359"
Watch Station,shop:watches,,,,,,43.575527,-79.829007,node,6655572391,https://www.openstreetmap.org/node/6655572391,"https://www.google.com/maps/search/?api=1&query=43.5755265,-79.8290073"
Watch Works,shop:watches,,5100,Erin Mills Parkway,,,43.558188,-79.712422,node,6556389831,https://www.openstreetmap.org/node/6556389831,"https://www.google.com/maps/search/?api=1&query=43.5581885,-79.7124222"
Watch World,shop:watches,,,,,,43.715654,-79.721098,node,6659645015,https://www.openstreetmap.org/node/6659645015,"https://www.google.com/maps/search/?api=1&query=43.715654,-79.7210978"
Culligan,shop:water,,,,,,43.650922,-79.903224,node,10982416101,https://www.openstreetmap.org/node/10982416101,"https://www.google.com/maps/search/?api=1&query=43.6509219,-79.9032243"
Water Depot,shop:water,,,,,,43.629689,-79.877240,node,10956928701,https://www.openstreetmap.org/node/10956928701,"https://www.google.com/maps/search/?api=1&query=43.6296886,-79.8772398"
Herbal Magic,shop:weight_loss,,,,,,43.508843,-79.838556,node,2215549444,https://www.openstreetmap.org/node/2215549444,"https://www.google.com/maps/search/?api=1&query=43.5088434,-79.8385556"
A1 Cash & Carry,shop:wholesale,,,,,,43.365969,-79.790945,node,12943878499,https://www.openstreetmap.org/node/12943878499,"https://www.google.com/maps/search/?api=1&query=43.365969,-79.7909447"
Canadian Homebrew Supplies,shop:wine,,,,,,43.691972,-79.704121,node,9777667523,https://www.openstreetmap.org/node/9777667523,"https://www.google.com/maps/search/?api=1&query=43.6919717,-79.7041212"
Carafe Georgetown,shop:wine,,,,,,43.630747,-79.900230,node,7129265641,https://www.openstreetmap.org/node/7129265641,"https://www.google.com/maps/search/?api=1&query=43.6307472,-79.9002296"
The Wine Shop,shop:wine,,,,,,43.715560,-79.720759,node,3849723174,https://www.openstreetmap.org/node/3849723174,"https://www.google.com/maps/search/?api=1&query=43.71556,-79.720759"
The Wine Shop,shop:wine,,,,,,43.368276,-79.732518,node,3997798097,https://www.openstreetmap.org/node/3997798097,"https://www.google.com/maps/search/?api=1&query=43.3682757,-79.7325181"
The Wine Shop,shop:wine,,,,,,43.379743,-79.808347,node,7060771069,https://www.openstreetmap.org/node/7060771069,"https://www.google.com/maps/search/?api=1&query=43.3797433,-79.808347"
Wine Rack,shop:wine,,,,,,43.398139,-79.747447,node,1968499457,https://www.openstreetmap.org/node/1968499457,"https://www.google.com/maps/search/?api=1&query=43.3981389,-79.7474474"
Wine Rack,shop:wine,,,,,,43.583801,-79.777865,node,3976485266,https://www.openstreetmap.org/node/3976485266,"https://www.google.com/maps/search/?api=1&query=43.5838012,-79.7778652"
Wine Rack,shop:wine,,,,,,43.657869,-79.725693,node,13093235190,https://www.openstreetmap.org/node/13093235190,"https://www.google.com/maps/search/?api=1&query=43.6578692,-79.7256932"
Cold Turkey Vapour Lounge,shop:yes,,357,Brant Street,Burlington,,43.324850,-79.796411,node,3383073143,https://www.openstreetmap.org/node/3383073143,"https://www.google.com/maps/search/?api=1&query=43.3248498,-79.7964111"
P & Gifts,shop:yes,,431,Pearl Street,Burlington,L7R 2N2,43.327308,-79.795425,node,7499547096,https://www.openstreetmap.org/node/7499547096,"https://www.google.com/maps/search/?api=1&query=43.327308,-79.7954254"
Shaklee,shop:yes,,,,,,43.352964,-79.796898,node,4486121706,https://www.openstreetmap.org/node/4486121706,"https://www.google.com/maps/search/?api=1&query=43.3529643,-79.7968983"
The Next Level Store,shop:yes,,,,,,43.690375,-79.707370,node,11984249538,https://www.openstreetmap.org/node/11984249538,"https://www.google.com/maps/search/?api=1&query=43.6903748,-79.7073698"
XTR,shop:yes,,,,,,43.349563,-79.817120,node,1766409162,https://www.openstreetmap.org/node/1766409162,"https://www.google.com/maps/search/?api=1&query=43.3495627,-79.8171195"
Kunkun,tourism:apartment,,,,,,43.478813,-79.737716,node,7237310386,https://www.openstreetmap.org/node/7237310386,"https://www.google.com/maps/search/?api=1&query=43.4788128,-79.7377164"
Cancer… there’s hope,tourism:artwork,,,,,,43.556943,-79.702044,node,2823718494,https://www.openstreetmap.org/node/2823718494,"https://www.google.com/maps/search/?api=1&query=43.5569428,-79.7020444"
dave,tourism:artwork,,,,,,43.402047,-79.709726,node,8939651717,https://www.openstreetmap.org/node/8939651717,"https://www.google.com/maps/search/?api=1&query=43.4020472,-79.709726"
Globe,tourism:artwork,,,,,,43.558416,-79.712166,node,724935842,https://www.openstreetmap.org/node/724935842,"https://www.google.com/maps/search/?api=1&query=43.5584164,-79.7121665"
Main Squeeze,tourism:artwork,,,,,,43.326791,-79.796001,node,13454764335,https://www.openstreetmap.org/node/13454764335,"https://www.google.com/maps/search/?api=1&query=43.3267911,-79.796001"
Making Roots,tourism:artwork,,,,,,43.324004,-79.815371,node,13454764340,https://www.openstreetmap.org/node/13454764340,"https://www.google.com/maps/search/?api=1&query=43.3240036,-79.8153713"
Mermaid Statue,tourism:artwork,,,,,,43.607964,-79.745047,node,4654428640,https://www.openstreetmap.org/node/4654428640,"https://www.google.com/maps/search/?api=1&query=43.6079638,-79.7450469"
Sheridan S,tourism:artwork,,,,,,43.655589,-79.738206,node,7454843256,https://www.openstreetmap.org/node/7454843256,"https://www.google.com/maps/search/?api=1&query=43.6555895,-79.7382062"
Spiral Stela,tourism:artwork,,,,,,43.324638,-79.798388,node,13454764334,https://www.openstreetmap.org/node/13454764334,"https://www.google.com/maps/search/?api=1&query=43.3246378,-79.7983878"
Tree Sculpture,tourism:artwork,,,,,,43.579374,-79.740730,node,8826011772,https://www.openstreetmap.org/node/8826011772,"https://www.google.com/maps/search/?api=1&query=43.5793735,-79.7407302"
Tree Sculpture - Animal Totem,tourism:artwork,,,,,,43.539985,-79.728218,node,8826011771,https://www.openstreetmap.org/node/8826011771,"https://www.google.com/maps/search/?api=1&query=43.5399848,-79.7282177"
Tree Sculpture - Roses & Carnations by Jim Menken,tourism:artwork,,,,,,43.580903,-79.704732,node,8566211164,https://www.openstreetmap.org/node/8566211164,"https://www.google.com/maps/search/?api=1&query=43.5809032,-79.7047319"
Tree Stump Man,tourism:artwork,,,,,,43.434760,-79.749217,node,6901557899,https://www.openstreetmap.org/node/6901557899,"https://www.google.com/maps/search/?api=1&query=43.4347597,-79.7492168"
Wherever You Go Always Take The Weather,tourism:artwork,,,,,,43.689036,-79.756071,node,13735872159,https://www.openstreetmap.org/node/13735872159,"https://www.google.com/maps/search/?api=1&query=43.6890357,-79.7560711"
ADNAN HAMID,tourism:attraction,,,,,,43.637862,-79.734373,node,4983928825,https://www.openstreetmap.org/node/4983928825,"https://www.google.com/maps/search/?api=1&query=43.6378624,-79.7343729"
Credit River Valley,tourism:attraction,,,,,,43.656096,-79.893781,node,1616739707,https://www.openstreetmap.org/node/1616739707,"https://www.google.com/maps/search/?api=1&query=43.6560965,-79.8937807"
Hole in the Wall,tourism:attraction,,,,,,43.634015,-79.975126,node,291427047,https://www.openstreetmap.org/node/291427047,"https://www.google.com/maps/search/?api=1&query=43.6340152,-79.9751256"
Illumi,tourism:attraction,,,,,,43.647443,-79.712539,node,10078607445,https://www.openstreetmap.org/node/10078607445,"https://www.google.com/maps/search/?api=1&query=43.6474427,-79.7125386"
Kelso Conservation Area,tourism:attraction,,,,,,43.510193,-79.943893,node,267943826,https://www.openstreetmap.org/node/267943826,"https://www.google.com/maps/search/?api=1&query=43.5101926,-79.9438926"
Lucy Maud Montgomery Heritage Garden,tourism:attraction,,,,,,43.646236,-79.864464,node,1616739784,https://www.openstreetmap.org/node/1616739784,"https://www.google.com/maps/search/?api=1&query=43.6462355,-79.8644644"
Mohawk Racetrack,tourism:attraction,,,,,,43.495898,-80.000347,node,274658051,https://www.openstreetmap.org/node/274658051,"https://www.google.com/maps/search/?api=1&query=43.4958978,-80.0003474"
Old Seed House Garden,tourism:attraction,,,,,,43.652164,-79.913545,node,420624599,https://www.openstreetmap.org/node/420624599,"https://www.google.com/maps/search/?api=1&query=43.6521639,-79.9135447"
Robertson Screw Factory,tourism:attraction,,,,,,43.511434,-79.891520,node,269084838,https://www.openstreetmap.org/node/269084838,"https://www.google.com/maps/search/?api=1&query=43.5114343,-79.8915198"
Sixteen Mile Creek,tourism:attraction,,,,,,43.459919,-79.751638,node,4485757390,https://www.openstreetmap.org/node/4485757390,"https://www.google.com/maps/search/?api=1&query=43.4599187,-79.751638"
Willow Creek Ecology Centre,tourism:attraction,,,,,,43.646900,-79.865971,node,420637055,https://www.openstreetmap.org/node/420637055,"https://www.google.com/maps/search/?api=1&query=43.6468999,-79.8659708"
Bronte Creek Campground access point,tourism:camp_site,,,,,,43.418568,-79.763635,node,1947691780,https://www.openstreetmap.org/node/1947691780,"https://www.google.com/maps/search/?api=1&query=43.4185676,-79.7636348"
Fridge Front Gallery,tourism:gallery,,,,,,43.666251,-79.739089,node,629214935,https://www.openstreetmap.org/node/629214935,"https://www.google.com/maps/search/?api=1&query=43.6662511,-79.739089"
Trias Gallery,tourism:gallery,,,,,,43.393996,-79.708894,node,9813249087,https://www.openstreetmap.org/node/9813249087,"https://www.google.com/maps/search/?api=1&query=43.3939956,-79.7088937"
Best Western Halton Hills,tourism:hotel,,,,,,43.649965,-79.879997,node,1616739671,https://www.openstreetmap.org/node/1616739671,"https://www.google.com/maps/search/?api=1&query=43.6499654,-79.8799973"
5260 McFarren,tourism:information,,,,,,43.568346,-79.718248,node,12674322298,https://www.openstreetmap.org/node/12674322298,"https://www.google.com/maps/search/?api=1&query=43.5683457,-79.7182483"
Aircraft Noise Warning,tourism:information,,,,,,43.625957,-79.726424,node,12348873936,https://www.openstreetmap.org/node/12348873936,"https://www.google.com/maps/search/?api=1&query=43.6259573,-79.7264241"
Aircraft Noise Warning,tourism:information,,,,,,43.636225,-79.716714,node,12348890940,https://www.openstreetmap.org/node/12348890940,"https://www.google.com/maps/search/?api=1&query=43.6362249,-79.7167142"
Aircraft Noise Warning,tourism:information,,,,,,43.626345,-79.703387,node,12348948955,https://www.openstreetmap.org/node/12348948955,"https://www.google.com/maps/search/?api=1&query=43.6263448,-79.7033871"
Bitternut Hickory,tourism:information,,,,,,43.332227,-79.884061,node,2562390647,https://www.openstreetmap.org/node/2562390647,"https://www.google.com/maps/search/?api=1&query=43.3322272,-79.8840606"
Bronte Village BIA,tourism:information,,,,,,43.393902,-79.711544,node,385027429,https://www.openstreetmap.org/node/385027429,"https://www.google.com/maps/search/?api=1&query=43.3939021,-79.7115444"
Customer Service,tourism:information,,,,,,43.715507,-79.721997,node,2077031188,https://www.openstreetmap.org/node/2077031188,"https://www.google.com/maps/search/?api=1&query=43.7155068,-79.7219974"
GO Schedule,tourism:information,,,,,,43.379525,-79.760623,node,3623486422,https://www.openstreetmap.org/node/3623486422,"https://www.google.com/maps/search/?api=1&query=43.3795248,-79.7606229"
Guest Services,tourism:information,,,,,,43.347904,-79.793977,node,5645954421,https://www.openstreetmap.org/node/5645954421,"https://www.google.com/maps/search/?api=1&query=43.3479039,-79.7939769"
High Levels of Aircraft Noise,tourism:information,,,,,,43.623603,-79.711965,node,10947880839,https://www.openstreetmap.org/node/10947880839,"https://www.google.com/maps/search/?api=1&query=43.6236032,-79.7119648"
Mississauga Transitway,tourism:information,,,,,,43.551642,-79.700661,node,13247146298,https://www.openstreetmap.org/node/13247146298,"https://www.google.com/maps/search/?api=1&query=43.5516415,-79.7006611"
Mountainview Road Reconstruction,tourism:information,,,,,,43.636837,-79.885628,node,4280384057,https://www.openstreetmap.org/node/4280384057,"https://www.google.com/maps/search/?api=1&query=43.6368373,-79.8856279"
Nature Centre,tourism:information,,,,,,43.404376,-79.764997,node,9499253399,https://www.openstreetmap.org/node/9499253399,"https://www.google.com/maps/search/?api=1&query=43.4043755,-79.764997"
Ndio,tourism:information,,,,,,43.471741,-79.951120,node,9779692642,https://www.openstreetmap.org/node/9779692642,"https://www.google.com/maps/search/?api=1&query=43.4717414,-79.9511201"
Pindale Community Announcements Board,tourism:information,,,,,,43.370995,-79.753929,node,5355347591,https://www.openstreetmap.org/node/5355347591,"https://www.google.com/maps/search/?api=1&query=43.370995,-79.7539287"
Rattlesnake Point,tourism:information,,,,,,43.468210,-79.918267,node,9780061513,https://www.openstreetmap.org/node/9780061513,"https://www.google.com/maps/search/?api=1&query=43.4682102,-79.918267"
Silver Creek Conservation Area,tourism:information,,,,,,43.692069,-79.966654,node,6535623631,https://www.openstreetmap.org/node/6535623631,"https://www.google.com/maps/search/?api=1&query=43.6920686,-79.966654"
Sixth Line Trails Orientation,tourism:information,,,,,,43.470749,-79.721828,node,420277599,https://www.openstreetmap.org/node/420277599,"https://www.google.com/maps/search/?api=1&query=43.4707489,-79.7218284"
Speyside Woods,tourism:information,,,,,,43.596127,-79.979480,node,8379153988,https://www.openstreetmap.org/node/8379153988,"https://www.google.com/maps/search/?api=1&query=43.596127,-79.9794804"
Terra Cotta Conservation Area,tourism:information,,,,,,43.721352,-79.956667,node,6535571196,https://www.openstreetmap.org/node/6535571196,"https://www.google.com/maps/search/?api=1&query=43.7213523,-79.9566668"
Terra Cotta Conservation Area,tourism:information,,,,,,43.722490,-79.957152,node,6535571219,https://www.openstreetmap.org/node/6535571219,"https://www.google.com/maps/search/?api=1&query=43.7224897,-79.9571523"
Terra Cotta Conservation Area,tourism:information,,,,,,43.722930,-79.959062,node,6535571220,https://www.openstreetmap.org/node/6535571220,"https://www.google.com/maps/search/?api=1&query=43.7229297,-79.959062"
Terra Cotta Conservation Area,tourism:information,,,,,,43.718468,-79.958959,node,6535571221,https://www.openstreetmap.org/node/6535571221,"https://www.google.com/maps/search/?api=1&query=43.7184678,-79.9589588"
Terra Cotta Conservation Area,tourism:information,,,,,,43.716316,-79.965070,node,6535571222,https://www.openstreetmap.org/node/6535571222,"https://www.google.com/maps/search/?api=1&query=43.716316,-79.9650702"
The Bennett Heritage Trail,tourism:information,,,,,,43.680218,-79.990369,node,6535659117,https://www.openstreetmap.org/node/6535659117,"https://www.google.com/maps/search/?api=1&query=43.6802177,-79.9903688"
Upper Grindstone Side Trail,tourism:information,,,,,,43.331453,-79.884754,node,3080997559,https://www.openstreetmap.org/node/3080997559,"https://www.google.com/maps/search/?api=1&query=43.3314527,-79.884754"
Welcome to Hepburn Woodlot North,tourism:information,,,,,,43.511267,-79.841893,node,5354650189,https://www.openstreetmap.org/node/5354650189,"https://www.google.com/maps/search/?api=1&query=43.5112668,-79.8418935"
Welcome to Hepburn Woodlot South,tourism:information,,,,,,43.510511,-79.840387,node,5354652033,https://www.openstreetmap.org/node/5354652033,"https://www.google.com/maps/search/?api=1&query=43.5105105,-79.8403872"
Wetland Wildlife,tourism:information,,,,,,43.623196,-79.880982,node,11003358812,https://www.openstreetmap.org/node/11003358812,"https://www.google.com/maps/search/?api=1&query=43.6231955,-79.8809823"
Wonderful Wetlands,tourism:information,,,,,,43.623148,-79.880936,node,11003358813,https://www.openstreetmap.org/node/11003358813,"https://www.google.com/maps/search/?api=1&query=43.6231479,-79.880936"
Cedar Springs Motel,tourism:motel,,,,,,43.669622,-79.993173,node,1515296685,https://www.openstreetmap.org/node/1515296685,"https://www.google.com/maps/search/?api=1&query=43.6696223,-79.9931733"
Knights Inn,tourism:motel,,,,,,43.319829,-79.835900,node,4044978957,https://www.openstreetmap.org/node/4044978957,"https://www.google.com/maps/search/?api=1&query=43.3198286,-79.8359003"
Royal Inn,tourism:motel,,99,Plains Road East,,,43.309496,-79.849848,node,4044978960,https://www.openstreetmap.org/node/4044978960,"https://www.google.com/maps/search/?api=1&query=43.309496,-79.8498483"
Lucy Maud Montgomery Museum located in Crawfords Bakery,tourism:museum,,,,,,43.650228,-79.845593,node,1616739798,https://www.openstreetmap.org/node/1616739798,"https://www.google.com/maps/search/?api=1&query=43.6502284,-79.8455928"
Avalon Parkette Lookout,tourism:viewpoint,,,,,,43.410904,-79.780163,node,5368473247,https://www.openstreetmap.org/node/5368473247,"https://www.google.com/maps/search/?api=1&query=43.4109037,-79.7801632"
Buffalo Crag Lookout,tourism:viewpoint,,,,,,43.471996,-79.928486,node,1921033055,https://www.openstreetmap.org/node/1921033055,"https://www.google.com/maps/search/?api=1&query=43.4719963,-79.9284856"
Dufferin Aggregates Reclamation Area,tourism:viewpoint,,,,,,43.522925,-79.957395,node,301923303,https://www.openstreetmap.org/node/301923303,"https://www.google.com/maps/search/?api=1&query=43.5229255,-79.9573952"
Nassagaweya Canyon Lookout,tourism:viewpoint,,,,,,43.468633,-79.918951,node,529774025,https://www.openstreetmap.org/node/529774025,"https://www.google.com/maps/search/?api=1&query=43.4686332,-79.9189508"
Pinnacle Lookout,tourism:viewpoint,,,,,,43.467497,-79.911367,node,529774024,https://www.openstreetmap.org/node/529774024,"https://www.google.com/maps/search/?api=1&query=43.4674974,-79.9113673"
Windows XP's Autumn wallpaper,tourism:viewpoint,,,,,,43.426431,-79.929946,node,9983082332,https://www.openstreetmap.org/node/9983082332,"https://www.google.com/maps/search/?api=1&query=43.4264309,-79.9299459"
